timestamp,model_version,asset,event_slug,market_id,contract_question,contract_month,direction,strike,expiry,dte_days,spot,option_symbol,option_underlying,option_source,iv_resolution,option_iv,pm_iv,options_terminal_prob,options_touch_adjusted_prob,pm_yes_price,pm_best_bid,pm_best_ask,pm_spread,pm_quote_source,liquidity,volume,underlying_cap_yes_price,pm_to_underlying_cap_ratio,underlying_cap_signal,settlement_yes_sum,settlement_overround,settlement_tail_yes,settlement_skew_yes,buy_yes_edge_pts,sell_yes_edge_pts,best_expression,edge_score,edge_pts_per_dte,edge_pts_per_dte_7d_change,eligible_displayable,eligible_for_shadow,eligible_for_backtest,edge_bucket,perp_mark,perp_source,perp_funding_ann,perp_oi_usd,perp_basis_pct,flags,notes
2026-05-13T21,relative_value_heatmap_v2_one_touch,OIL,what-price-will-wti-hit-in-may-2026,2074237,Will WTI Crude Oil (WTI) hit (HIGH) $110 in May?,May 2026,above,110.00000000,2026-06-01T03:59:59.999Z,18.29166666,96.90600000,OIL_VALUATION_IV,96.90600000,,valuations_fallback,0.59800000,0.60700000,0.13523041,0.32695255,0.51000000,0.50000000,0.52000000,0.02000000,live_clob,48383.78130000,1934072.14809600,0.88096364,0.57891152,mid_underlying_cap_ratio,,,,,-19.30474509,17.30474509,sell_yes_or_buy_no,-17.30474509,-0.94604529,,true,false,false,short-rich-tail,97.03900000,live_hyperliquid_xyz_cl,-1.82362614,160146710.75979799,0.13724640,extreme_perp_funding,Options model falls back to latest oil_opt_iv_30d from daily-valuations.csv. Hit/reach market uses tested one-touch probability model; incomplete rows fall back to 2x terminal probability. Polymarket quote refreshed from live CLOB during heatmap generation. Underlying upside cap YES price is 88.1%; PM trades at 58% of cap.
2026-05-13T21,relative_value_heatmap_v2_one_touch,OIL,what-price-will-wti-hit-in-may-2026,2132638,Will WTI Crude Oil (WTI) hit (HIGH) $115 in May?,May 2026,above,115.00000000,2026-06-01T03:59:59.999Z,18.29166666,96.90600000,OIL_VALUATION_IV,96.90600000,,valuations_fallback,0.59800000,0.60700000,0.07116562,0.17848530,0.32500000,0.32000000,0.33000000,0.01000000,live_clob,50998.57070000,701416.38701300,0.84266087,0.38568303,mid_underlying_cap_ratio,,,,,-15.15146977,14.15146977,sell_yes_or_buy_no,-14.15146977,-0.77365666,,true,false,false,short-rich-tail,97.03900000,live_hyperliquid_xyz_cl,-1.82362614,160146710.75979799,0.13724640,extreme_perp_funding,Options model falls back to latest oil_opt_iv_30d from daily-valuations.csv. Hit/reach market uses tested one-touch probability model; incomplete rows fall back to 2x terminal probability. Polymarket quote refreshed from live CLOB during heatmap generation. Underlying upside cap YES price is 84.3%; PM trades at 39% of cap.
2026-05-13T21,relative_value_heatmap_v2_one_touch,OIL,what-price-will-wti-hit-in-may-2026,2182203,Will WTI Crude Oil (WTI) hit (HIGH) $105 in May?,May 2026,above,105.00000000,2026-06-01T03:59:59.999Z,18.29166666,96.90600000,OIL_VALUATION_IV,96.90600000,,valuations_fallback,0.59800000,0.60700000,0.23580903,0.54976153,0.65500000,0.65000000,0.66000000,0.01000000,live_clob,19703.39540000,323060.32772400,0.92291429,0.70970838,mid_underlying_cap_ratio,,,,,-11.02384720,10.02384720,sell_yes_or_buy_no,-10.02384720,-0.54800076,,true,false,false,short-rich-tail,97.03900000,live_hyperliquid_xyz_cl,-1.82362614,160146710.75979799,0.13724640,extreme_perp_funding,Options model falls back to latest oil_opt_iv_30d from daily-valuations.csv. Hit/reach market uses tested one-touch probability model; incomplete rows fall back to 2x terminal probability. Polymarket quote refreshed from live CLOB during heatmap generation. Underlying upside cap YES price is 92.3%; PM trades at 71% of cap.
2026-05-13T21,relative_value_heatmap_v2_one_touch,OIL,what-price-will-wti-hit-in-may-2026,2074236,Will WTI Crude Oil (WTI) hit (HIGH) $120 in May?,May 2026,above,120.00000000,2026-06-01T03:59:59.999Z,18.29166666,96.90600000,OIL_VALUATION_IV,96.90600000,,valuations_fallback,0.59800000,0.60700000,0.03462510,0.09006544,0.20000000,0.19000000,0.21000000,0.02000000,live_clob,83947.12300000,1312304.99723700,0.80755000,0.24766268,cheap_vs_underlying_cap_bearish,,,,,-11.99345596,9.99345596,sell_yes_or_buy_no,-9.99345596,-0.54633928,,true,false,false,mild-short-rich-tail,97.03900000,live_hyperliquid_xyz_cl,-1.82362614,160146710.75979799,0.13724640,extreme_perp_funding;cheap_vs_underlying_cap_bearish,Options model falls back to latest oil_opt_iv_30d from daily-valuations.csv. Hit/reach market uses tested one-touch probability model; incomplete rows fall back to 2x terminal probability. Polymarket quote refreshed from live CLOB during heatmap generation. Underlying upside cap YES price is 80.8%; PM trades at 25% of cap.
2026-05-13T21,relative_value_heatmap_v2_one_touch,OIL,what-price-will-wti-hit-in-may-2026,2074235,Will WTI Crude Oil (WTI) hit (HIGH) $130 in May?,May 2026,above,130.00000000,2026-06-01T03:59:59.999Z,18.29166666,96.90600000,OIL_VALUATION_IV,96.90600000,,valuations_fallback,0.59800000,0.60700000,0.00667451,0.01864326,0.10500000,0.10000000,0.11000000,0.01000000,live_clob,94212.06850000,1266930.04046600,0.74543077,0.14085815,cheap_vs_underlying_cap_bearish,,,,,-9.13567372,8.13567372,sell_yes_or_buy_no,-8.13567372,-0.44477487,,true,false,false,mild-short-rich-tail,97.03900000,live_hyperliquid_xyz_cl,-1.82362614,160146710.75979799,0.13724640,extreme_perp_funding;cheap_vs_underlying_cap_bearish,Options model falls back to latest oil_opt_iv_30d from daily-valuations.csv. Hit/reach market uses tested one-touch probability model; incomplete rows fall back to 2x terminal probability. Polymarket quote refreshed from live CLOB during heatmap generation. Underlying upside cap YES price is 74.5%; PM trades at 14% of cap.
2026-05-13T21,relative_value_heatmap_v2_one_touch,OIL,what-price-will-wti-hit-in-may-2026,2230536,Will WTI Crude Oil (WTI) hit (LOW) $90 in May?,May 2026,below,90.00000000,2026-06-01T03:59:59.999Z,18.29166666,96.90600000,OIL_VALUATION_IV,96.90600000,,valuations_fallback,0.59800000,0.60700000,0.29237153,0.50400521,0.58500000,0.58000000,0.59000000,0.01000000,live_clob,3697.80750000,26104.50842000,,,,,,,,-8.59947886,7.59947886,sell_yes_or_buy_no,-7.59947886,-0.41546126,,true,false,false,mild-short-rich-tail,97.03900000,live_hyperliquid_xyz_cl,-1.82362614,160146710.75979799,0.13724640,extreme_perp_funding,Options model falls back to latest oil_opt_iv_30d from daily-valuations.csv. Hit/reach market uses tested one-touch probability model; incomplete rows fall back to 2x terminal probability. Polymarket quote refreshed from live CLOB during heatmap generation.
2026-05-13T21,relative_value_heatmap_v2_one_touch,OIL,what-price-will-wti-hit-in-may-2026,2132637,Will WTI Crude Oil (WTI) hit (LOW) $85 in May?,May 2026,below,85.00000000,2026-06-01T03:59:59.999Z,18.29166666,96.90600000,OIL_VALUATION_IV,96.90600000,,valuations_fallback,0.59800000,0.60700000,0.15481104,0.25522628,0.32500000,0.32000000,0.33000000,0.01000000,live_clob,19035.79120000,435128.46720100,,,,,,,,-7.47737248,6.47737248,sell_yes_or_buy_no,-6.47737248,-0.35411604,,true,false,false,mild-short-rich-tail,97.03900000,live_hyperliquid_xyz_cl,-1.82362614,160146710.75979799,0.13724640,extreme_perp_funding,Options model falls back to latest oil_opt_iv_30d from daily-valuations.csv. Hit/reach market uses tested one-touch probability model; incomplete rows fall back to 2x terminal probability. Polymarket quote refreshed from live CLOB during heatmap generation.
2026-05-13T21,relative_value_heatmap_v2_one_touch,OIL,what-price-will-wti-hit-in-may-2026,2074234,Will WTI Crude Oil (WTI) hit (HIGH) $140 in May?,May 2026,above,140.00000000,2026-06-01T03:59:59.999Z,18.29166666,96.90600000,OIL_VALUATION_IV,96.90600000,,valuations_fallback,0.59800000,0.60700000,0.00102427,0.00306273,0.05450000,0.05400000,0.05500000,0.00100000,live_clob,149043.54262000,1287163.25301500,0.69218571,0.07873609,cheap_vs_underlying_cap_bearish,,,,,-5.19372749,5.09372749,sell_yes_or_buy_no,-5.09372749,-0.27847257,,true,false,false,mild-short-rich-tail,97.03900000,live_hyperliquid_xyz_cl,-1.82362614,160146710.75979799,0.13724640,extreme_perp_funding;cheap_vs_underlying_cap_bearish,Options model falls back to latest oil_opt_iv_30d from daily-valuations.csv. Hit/reach market uses tested one-touch probability model; incomplete rows fall back to 2x terminal probability. Polymarket quote refreshed from live CLOB during heatmap generation. Underlying upside cap YES price is 69.2%; PM trades at 8% of cap.
2026-05-13T21,relative_value_heatmap_v2_one_touch,GOLD,what-price-will-xauusd-hit-in-may-2026,2182301,"Will Gold (XAUUSD) hit (LOW) $4,550 in May?",May 2026,below,4550.00000000,2026-06-01T03:59:59.999Z,18.29166666,4691.50000000,GOLD_VALUATION_IV,4691.50000000,,valuations_fallback,0.23100000,0.22100000,0.26507936,0.49981107,0.44500000,0.44000000,0.45000000,0.01000000,live_clob,10898.10980000,22481.08898600,,,,,,,,4.98110684,-5.98110684,buy_yes,4.98110684,0.27231564,,true,false,false,near-fair,4691.50000000,snapshot,0.63679100,135635270.59999999,0.00000000,extreme_perp_funding,Options model falls back to latest gold_opt_iv_30d from daily-valuations.csv. Hit/reach market uses tested one-touch probability model; incomplete rows fall back to 2x terminal probability. Polymarket quote refreshed from live CLOB during heatmap generation.
2026-05-13T21,relative_value_heatmap_v2_one_touch,GOLD,what-price-will-xauusd-hit-in-may-2026,2074203,"Will Gold (XAUUSD) hit (HIGH) $4,900 in May?",May 2026,above,4900.00000000,2026-06-01T03:59:59.999Z,18.29166666,4691.50000000,GOLD_VALUATION_IV,4691.50000000,,valuations_fallback,0.23100000,0.22100000,0.17150877,0.36748383,0.31500000,0.31000000,0.32000000,0.01000000,live_clob,10732.53990000,39550.76807000,0.95744898,0.32899925,cheap_vs_underlying_cap_bearish,,,,,4.74838323,-5.74838323,buy_yes,4.74838323,0.25959271,,true,false,false,near-fair,4691.50000000,snapshot,0.63679100,135635270.59999999,0.00000000,extreme_perp_funding;cheap_vs_underlying_cap_bearish,Options model falls back to latest gold_opt_iv_30d from daily-valuations.csv. Hit/reach market uses tested one-touch probability model; incomplete rows fall back to 2x terminal probability. Polymarket quote refreshed from live CLOB during heatmap generation. Underlying upside cap YES price is 95.7%; PM trades at 33% of cap.
2026-05-13T21,relative_value_heatmap_v2_one_touch,GOLD,what-price-will-xauusd-hit-in-may-2026,2074204,"Will Gold (XAUUSD) hit (HIGH) $4,800 in May?",May 2026,above,4800.00000000,2026-06-01T03:59:59.999Z,18.29166666,4691.50000000,GOLD_VALUATION_IV,4691.50000000,,valuations_fallback,0.23100000,0.22100000,0.30512062,0.64357525,0.72000000,0.69000000,0.75000000,0.06000000,live_clob,1305.17250000,46474.38197500,0.97739583,0.73665139,mid_underlying_cap_ratio,,,,,-10.64247498,4.64247498,sell_yes_or_buy_no,-4.64247498,-0.25380273,,false,false,false,near-fair,4691.50000000,snapshot,0.63679100,135635270.59999999,0.00000000,wide_pm_spread;extreme_perp_funding,Options model falls back to latest gold_opt_iv_30d from daily-valuations.csv. Hit/reach market uses tested one-touch probability model; incomplete rows fall back to 2x terminal probability. Polymarket quote refreshed from live CLOB during heatmap generation. Underlying upside cap YES price is 97.7%; PM trades at 74% of cap.
2026-05-13T21,relative_value_heatmap_v2_one_touch,GOLD,what-price-will-xauusd-hit-in-may-2026,2074202,"Will Gold (XAUUSD) hit (HIGH) $5,000 in May?",May 2026,above,5000.00000000,2026-06-01T03:59:59.999Z,18.29166666,4691.50000000,GOLD_VALUATION_IV,4691.50000000,,valuations_fallback,0.23100000,0.22100000,0.08412456,0.18324553,0.20000000,0.18000000,0.22000000,0.04000000,live_clob,2020.63120000,20645.90497400,0.93830000,0.21315144,cheap_vs_underlying_cap_bearish,,,,,-3.67544701,-0.32455299,avoid_buy_yes,-3.67544701,-0.20093560,,false,false,false,near-fair,4691.50000000,snapshot,0.63679100,135635270.59999999,0.00000000,extreme_perp_funding;cheap_vs_underlying_cap_bearish,Options model falls back to latest gold_opt_iv_30d from daily-valuations.csv. Hit/reach market uses tested one-touch probability model; incomplete rows fall back to 2x terminal probability. Polymarket quote refreshed from live CLOB during heatmap generation. Underlying upside cap YES price is 93.8%; PM trades at 21% of cap.
2026-05-13T21,relative_value_heatmap_v2_one_touch,OIL,what-price-will-wti-hit-in-may-2026,2074241,Will WTI Crude Oil (WTI) hit (LOW) $70 in May?,May 2026,below,70.00000000,2026-06-01T03:59:59.999Z,18.29166666,96.90600000,OIL_VALUATION_IV,96.90600000,,valuations_fallback,0.59800000,0.60700000,0.00451429,0.00628172,0.04500000,0.04000000,0.05000000,0.01000000,live_clob,64596.32080000,721369.59276300,,,,,,,,-4.37182780,3.37182780,sell_yes_or_buy_no,-3.37182780,-0.18433683,,true,false,false,near-fair,97.03900000,live_hyperliquid_xyz_cl,-1.82362614,160146710.75979799,0.13724640,extreme_perp_funding,Options model falls back to latest oil_opt_iv_30d from daily-valuations.csv. Hit/reach market uses tested one-touch probability model; incomplete rows fall back to 2x terminal probability. Polymarket quote refreshed from live CLOB during heatmap generation.
2026-05-13T21,relative_value_heatmap_v2_one_touch,OIL,what-price-will-wti-hit-in-may-2026,2074240,Will WTI Crude Oil (WTI) hit (LOW) $80 in May?,May 2026,below,80.00000000,2026-06-01T03:59:59.999Z,18.29166666,96.90600000,OIL_VALUATION_IV,96.90600000,,valuations_fallback,0.59800000,0.60700000,0.06500847,0.10188847,0.13500000,0.13000000,0.14000000,0.01000000,live_clob,33397.97210000,505404.33907100,,,,,,,,-3.81115276,2.81115276,sell_yes_or_buy_no,-2.81115276,-0.15368489,,true,false,false,near-fair,97.03900000,live_hyperliquid_xyz_cl,-1.82362614,160146710.75979799,0.13724640,extreme_perp_funding,Options model falls back to latest oil_opt_iv_30d from daily-valuations.csv. Hit/reach market uses tested one-touch probability model; incomplete rows fall back to 2x terminal probability. Polymarket quote refreshed from live CLOB during heatmap generation.
2026-05-13T21,relative_value_heatmap_v2_one_touch,OIL,what-price-will-wti-hit-in-may-2026,2074233,Will WTI Crude Oil (WTI) hit (HIGH) $150 in May?,May 2026,above,150.00000000,2026-06-01T03:59:59.999Z,18.29166666,96.90600000,OIL_VALUATION_IV,96.90600000,,valuations_fallback,0.59800000,0.60700000,0.00013119,0.00041850,0.02550000,0.02500000,0.02600000,0.00100000,live_clob,253363.53735000,2097970.81867301,0.64604000,0.03947124,cheap_vs_underlying_cap_bearish,,,,,-2.55815008,2.45815008,sell_yes_or_buy_no,-2.45815008,-0.13438634,,true,false,false,near-fair,97.03900000,live_hyperliquid_xyz_cl,-1.82362614,160146710.75979799,0.13724640,extreme_perp_funding;cheap_vs_underlying_cap_bearish,Options model falls back to latest oil_opt_iv_30d from daily-valuations.csv. Hit/reach market uses tested one-touch probability model; incomplete rows fall back to 2x terminal probability. Polymarket quote refreshed from live CLOB during heatmap generation. Underlying upside cap YES price is 64.6%; PM trades at 4% of cap.
2026-05-13T21,relative_value_heatmap_v2_one_touch,GOLD,what-price-will-xauusd-hit-in-may-2026,2182292,"Will Gold (XAUUSD) hit (LOW) $4,600 in May?",May 2026,below,4600.00000000,2026-06-01T03:59:59.999Z,18.29166666,4691.50000000,GOLD_VALUATION_IV,4691.50000000,,valuations_fallback,0.23100000,0.22100000,0.34629392,0.65822226,0.70500000,0.68000000,0.73000000,0.05000000,live_clob,10174.87090000,12373.04928700,,,,,,,,-7.17777403,2.17777403,sell_yes_or_buy_no,-2.17777403,-0.11905826,,true,false,false,near-fair,4691.50000000,snapshot,0.63679100,135635270.59999999,0.00000000,extreme_perp_funding,Options model falls back to latest gold_opt_iv_30d from daily-valuations.csv. Hit/reach market uses tested one-touch probability model; incomplete rows fall back to 2x terminal probability. Polymarket quote refreshed from live CLOB during heatmap generation.
2026-05-13T21,relative_value_heatmap_v2_one_touch,OIL,what-price-will-wti-hit-in-may-2026,2074242,Will WTI Crude Oil (WTI) hit (LOW) $60 in May?,May 2026,below,60.00000000,2026-06-01T03:59:59.999Z,18.29166666,96.90600000,OIL_VALUATION_IV,96.90600000,,valuations_fallback,0.59800000,0.60700000,0.00005281,0.00006361,0.01900000,0.01800000,0.02000000,0.00200000,live_clob,113997.13587000,376701.01477200,,,,,,,,-1.99363948,1.79363948,sell_yes_or_buy_no,-1.79363948,-0.09805774,,true,false,false,near-fair,97.03900000,live_hyperliquid_xyz_cl,-1.82362614,160146710.75979799,0.13724640,extreme_perp_funding,Options model falls back to latest oil_opt_iv_30d from daily-valuations.csv. Hit/reach market uses tested one-touch probability model; incomplete rows fall back to 2x terminal probability. Polymarket quote refreshed from live CLOB during heatmap generation.
2026-05-13T21,relative_value_heatmap_v2_one_touch,GOLD,what-price-will-xauusd-hit-in-may-2026,2074207,"Will Gold (XAUUSD) hit (LOW) $4,500 in May?",May 2026,below,4500.00000000,2026-06-01T03:59:59.999Z,18.29166666,4691.50000000,GOLD_VALUATION_IV,4691.50000000,,valuations_fallback,0.23100000,0.22100000,0.19413745,0.36294203,0.34000000,0.33000000,0.35000000,0.02000000,live_clob,12709.05620000,55091.62033300,,,,,,,,1.29420350,-3.29420350,buy_yes,1.29420350,0.07075372,,true,false,false,near-fair,4691.50000000,snapshot,0.63679100,135635270.59999999,0.00000000,extreme_perp_funding,Options model falls back to latest gold_opt_iv_30d from daily-valuations.csv. Hit/reach market uses tested one-touch probability model; incomplete rows fall back to 2x terminal probability. Polymarket quote refreshed from live CLOB during heatmap generation.
2026-05-13T21,relative_value_heatmap_v2_one_touch,GOLD,what-price-will-xauusd-hit-in-may-2026,2074198,"Will Gold (XAUUSD) hit (HIGH) $5,400 in May?",May 2026,above,5400.00000000,2026-06-01T03:59:59.999Z,18.29166666,4691.50000000,GOLD_VALUATION_IV,4691.50000000,,valuations_fallback,0.23100000,0.22100000,0.00128698,0.00300247,0.01850000,0.01500000,0.02200000,0.00700000,live_clob,10731.53354000,11145.06243200,0.86879630,0.02129383,cheap_vs_underlying_cap_bearish,,,,,-1.89975340,1.19975340,sell_yes_or_buy_no,-1.19975340,-0.06559016,,true,false,false,near-fair,4691.50000000,snapshot,0.63679100,135635270.59999999,0.00000000,extreme_perp_funding;cheap_vs_underlying_cap_bearish,Options model falls back to latest gold_opt_iv_30d from daily-valuations.csv. Hit/reach market uses tested one-touch probability model; incomplete rows fall back to 2x terminal probability. Polymarket quote refreshed from live CLOB during heatmap generation. Underlying upside cap YES price is 86.9%; PM trades at 2% of cap.
2026-05-13T21,relative_value_heatmap_v2_one_touch,GOLD,what-price-will-xauusd-hit-in-may-2026,2074201,"Will Gold (XAUUSD) hit (HIGH) $5,100 in May?",May 2026,above,5100.00000000,2026-06-01T03:59:59.999Z,18.29166666,4691.50000000,GOLD_VALUATION_IV,4691.50000000,,valuations_fallback,0.23100000,0.22100000,0.03601131,0.07978209,0.06500000,0.06000000,0.07000000,0.01000000,live_clob,3124.08160000,13555.24230100,0.91990196,0.07065970,cheap_vs_underlying_cap_bearish,,,,,0.97820885,-1.97820885,buy_yes,0.97820885,0.05347839,,true,false,false,near-fair,4691.50000000,snapshot,0.63679100,135635270.59999999,0.00000000,extreme_perp_funding;cheap_vs_underlying_cap_bearish,Options model falls back to latest gold_opt_iv_30d from daily-valuations.csv. Hit/reach market uses tested one-touch probability model; incomplete rows fall back to 2x terminal probability. Polymarket quote refreshed from live CLOB during heatmap generation. Underlying upside cap YES price is 92.0%; PM trades at 7% of cap.
2026-05-13T21,relative_value_heatmap_v2_one_touch,GOLD,what-price-will-xauusd-hit-in-may-2026,2074209,"Will Gold (XAUUSD) hit (LOW) $4,300 in May?",May 2026,below,4300.00000000,2026-06-01T03:59:59.999Z,18.29166666,4691.50000000,GOLD_VALUATION_IV,4691.50000000,,valuations_fallback,0.23100000,0.22100000,0.03365825,0.06057591,0.06500000,0.06000000,0.07000000,0.01000000,live_clob,2022.02670000,14604.51277300,,,,,,,,-0.94240926,-0.05759074,avoid_buy_yes,-0.94240926,-0.05152124,,false,false,false,near-fair,4691.50000000,snapshot,0.63679100,135635270.59999999,0.00000000,extreme_perp_funding,Options model falls back to latest gold_opt_iv_30d from daily-valuations.csv. Hit/reach market uses tested one-touch probability model; incomplete rows fall back to 2x terminal probability. Polymarket quote refreshed from live CLOB during heatmap generation.
2026-05-13T21,relative_value_heatmap_v2_one_touch,GOLD,what-price-will-xauusd-hit-in-may-2026,2074211,"Will Gold (XAUUSD) hit (LOW) $4,100 in May?",May 2026,below,4100.00000000,2026-06-01T03:59:59.999Z,18.29166666,4691.50000000,GOLD_VALUATION_IV,4691.50000000,,valuations_fallback,0.23100000,0.22100000,0.00223866,0.00385930,0.01600000,0.01200000,0.02000000,0.00800000,live_clob,9594.70078000,16253.99391800,,,,,,,,-1.61406970,0.81406970,sell_yes_or_buy_no,-0.81406970,-0.04450495,,true,false,false,near-fair,4691.50000000,snapshot,0.63679100,135635270.59999999,0.00000000,extreme_perp_funding,Options model falls back to latest gold_opt_iv_30d from daily-valuations.csv. Hit/reach market uses tested one-touch probability model; incomplete rows fall back to 2x terminal probability. Polymarket quote refreshed from live CLOB during heatmap generation.
2026-05-13T21,relative_value_heatmap_v2_one_touch,GOLD,what-price-will-xauusd-hit-in-may-2026,2074200,"Will Gold (XAUUSD) hit (HIGH) $5,200 in May?",May 2026,above,5200.00000000,2026-06-01T03:59:59.999Z,18.29166666,4691.50000000,GOLD_VALUATION_IV,4691.50000000,,valuations_fallback,0.23100000,0.22100000,0.01348606,0.03039552,0.02800000,0.01800000,0.03800000,0.02000000,live_clob,12712.25888000,12435.53364600,0.90221154,0.03103485,cheap_vs_underlying_cap_bearish,,,,,-0.76044845,-1.23955155,avoid_buy_yes,-0.76044845,-0.04157349,,false,false,false,near-fair,4691.50000000,snapshot,0.63679100,135635270.59999999,0.00000000,extreme_perp_funding;cheap_vs_underlying_cap_bearish,Options model falls back to latest gold_opt_iv_30d from daily-valuations.csv. Hit/reach market uses tested one-touch probability model; incomplete rows fall back to 2x terminal probability. Polymarket quote refreshed from live CLOB during heatmap generation. Underlying upside cap YES price is 90.2%; PM trades at 3% of cap.
2026-05-13T21,relative_value_heatmap_v2_one_touch,OIL,what-price-will-wti-hit-in-may-2026,2230535,Will WTI Crude Oil (WTI) hit (LOW) $95 in May?,May 2026,below,95.00000000,2026-06-01T03:59:59.999Z,18.29166666,96.90600000,OIL_VALUATION_IV,96.90600000,,valuations_fallback,0.59800000,0.60700000,0.45925221,0.82271906,0.81500000,0.80000000,0.83000000,0.03000000,live_clob,12831.10180000,87338.47958300,,,,,,,,-0.72809412,-2.27190588,avoid_buy_yes,-0.72809412,-0.03980469,,false,false,false,near-fair,97.03900000,live_hyperliquid_xyz_cl,-1.82362614,160146710.75979799,0.13724640,extreme_perp_funding,Options model falls back to latest oil_opt_iv_30d from daily-valuations.csv. Hit/reach market uses tested one-touch probability model; incomplete rows fall back to 2x terminal probability. Polymarket quote refreshed from live CLOB during heatmap generation.
2026-05-13T21,relative_value_heatmap_v2_one_touch,OIL,what-price-will-wti-hit-in-may-2026,2128304,Will WTI Crude Oil (WTI) hit (HIGH) $200 in May?,May 2026,above,200.00000000,2026-06-01T03:59:59.999Z,18.29166666,96.90600000,OIL_VALUATION_IV,96.90600000,,valuations_fallback,0.59800000,0.60700000,0.00000000,0.00000000,0.00650000,0.00600000,0.00700000,0.00100000,live_clob,851430.83967000,1863814.48395800,0.48453000,0.01341506,cheap_vs_underlying_cap_bearish,,,,,-0.69999962,0.59999962,sell_yes_or_buy_no,-0.59999962,-0.03280180,,true,false,false,near-fair,97.03900000,live_hyperliquid_xyz_cl,-1.82362614,160146710.75979799,0.13724640,extreme_perp_funding;cheap_vs_underlying_cap_bearish,Options model falls back to latest oil_opt_iv_30d from daily-valuations.csv. Hit/reach market uses tested one-touch probability model; incomplete rows fall back to 2x terminal probability. Polymarket quote refreshed from live CLOB during heatmap generation. Underlying upside cap YES price is 48.5%; PM trades at 1% of cap.
2026-05-13T21,relative_value_heatmap_v2_one_touch,OIL,what-price-will-wti-hit-in-may-2026,2074243,Will WTI Crude Oil (WTI) hit (LOW) $50 in May?,May 2026,below,50.00000000,2026-06-01T03:59:59.999Z,18.29166666,96.90600000,OIL_VALUATION_IV,96.90600000,,valuations_fallback,0.59800000,0.60700000,0.00000004,0.00000004,0.00650000,0.00600000,0.00700000,0.00100000,live_clob,38123.70439000,37662.16388400,,,,,,,,-0.69999613,0.59999613,sell_yes_or_buy_no,-0.59999613,-0.03280161,,true,false,false,near-fair,97.03900000,live_hyperliquid_xyz_cl,-1.82362614,160146710.75979799,0.13724640,extreme_perp_funding,Options model falls back to latest oil_opt_iv_30d from daily-valuations.csv. Hit/reach market uses tested one-touch probability model; incomplete rows fall back to 2x terminal probability. Polymarket quote refreshed from live CLOB during heatmap generation.
2026-05-13T21,relative_value_heatmap_v2_one_touch,GOLD,what-price-will-xauusd-hit-in-may-2026,2182293,"Will Gold (XAUUSD) hit (HIGH) $4,850 in May?",May 2026,above,4850.00000000,2026-06-01T03:59:59.999Z,18.29166666,4691.50000000,GOLD_VALUATION_IV,4691.50000000,,valuations_fallback,0.23100000,0.22100000,0.23266311,0.49455545,0.49000000,0.48000000,0.50000000,0.02000000,live_clob,19829.61490000,18307.80859600,0.96731959,0.50655441,mid_underlying_cap_ratio,,,,,-0.54445453,-1.45554547,avoid_buy_yes,-0.54445453,-0.02976517,,false,false,false,near-fair,4691.50000000,snapshot,0.63679100,135635270.59999999,0.00000000,extreme_perp_funding,Options model falls back to latest gold_opt_iv_30d from daily-valuations.csv. Hit/reach market uses tested one-touch probability model; incomplete rows fall back to 2x terminal probability. Polymarket quote refreshed from live CLOB during heatmap generation. Underlying upside cap YES price is 96.7%; PM trades at 51% of cap.
2026-05-13T21,relative_value_heatmap_v2_one_touch,GOLD,what-price-will-xauusd-hit-in-may-2026,2074208,"Will Gold (XAUUSD) hit (LOW) $4,400 in May?",May 2026,below,4400.00000000,2026-06-01T03:59:59.999Z,18.29166666,4691.50000000,GOLD_VALUATION_IV,4691.50000000,,valuations_fallback,0.23100000,0.22100000,0.09001562,0.16523384,0.19000000,0.17000000,0.21000000,0.04000000,live_clob,8507.21080000,31687.34660000,,,,,,,,-4.47661557,0.47661557,sell_yes_or_buy_no,-0.47661557,-0.02605643,,true,false,false,near-fair,4691.50000000,snapshot,0.63679100,135635270.59999999,0.00000000,extreme_perp_funding,Options model falls back to latest gold_opt_iv_30d from daily-valuations.csv. Hit/reach market uses tested one-touch probability model; incomplete rows fall back to 2x terminal probability. Polymarket quote refreshed from live CLOB during heatmap generation.
2026-05-13T21,relative_value_heatmap_v2_one_touch,GOLD,what-price-will-xauusd-hit-in-may-2026,2074210,"Will Gold (XAUUSD) hit (LOW) $4,200 in May?",May 2026,below,4200.00000000,2026-06-01T03:59:59.999Z,18.29166666,4691.50000000,GOLD_VALUATION_IV,4691.50000000,,valuations_fallback,0.23100000,0.22100000,0.00990425,0.01745508,0.02900000,0.02100000,0.03700000,0.01600000,live_clob,9218.42169000,11188.66270000,,,,,,,,-1.95449182,0.35449182,sell_yes_or_buy_no,-0.35449182,-0.01937996,,true,false,false,near-fair,4691.50000000,snapshot,0.63679100,135635270.59999999,0.00000000,extreme_perp_funding,Options model falls back to latest gold_opt_iv_30d from daily-valuations.csv. Hit/reach market uses tested one-touch probability model; incomplete rows fall back to 2x terminal probability. Polymarket quote refreshed from live CLOB during heatmap generation.
2026-05-13T21,relative_value_heatmap_v2_one_touch,OIL,what-price-will-wti-hit-in-may-2026,2074244,Will WTI Crude Oil (WTI) hit (LOW) $40 in May?,May 2026,below,40.00000000,2026-06-01T03:59:59.999Z,18.29166666,96.90600000,OIL_VALUATION_IV,96.90600000,,valuations_fallback,0.59800000,0.60700000,0.00000000,0.00000000,0.00400000,0.00300000,0.00500000,0.00200000,live_clob,21894.16575000,20353.93429600,,,,,,,,-0.50000000,0.30000000,sell_yes_or_buy_no,-0.30000000,-0.01640091,,true,false,false,near-fair,97.03900000,live_hyperliquid_xyz_cl,-1.82362614,160146710.75979799,0.13724640,extreme_perp_funding,Options model falls back to latest oil_opt_iv_30d from daily-valuations.csv. Hit/reach market uses tested one-touch probability model; incomplete rows fall back to 2x terminal probability. Polymarket quote refreshed from live CLOB during heatmap generation.
2026-05-13T21,relative_value_heatmap_v2_one_touch,GOLD,what-price-will-xauusd-hit-in-may-2026,2074199,"Will Gold (XAUUSD) hit (HIGH) $5,300 in May?",May 2026,above,5300.00000000,2026-06-01T03:59:59.999Z,18.29166666,4691.50000000,GOLD_VALUATION_IV,4691.50000000,,valuations_fallback,0.23100000,0.22100000,0.00443531,0.01017051,0.02700000,0.01300000,0.04100000,0.02800000,live_clob,6931.56082000,3871.80107600,0.88518868,0.03050197,cheap_vs_underlying_cap_bearish,,,,,-3.08294899,0.28294899,sell_yes_or_buy_no,-0.28294899,-0.01546874,,true,false,false,near-fair,4691.50000000,snapshot,0.63679100,135635270.59999999,0.00000000,extreme_perp_funding;cheap_vs_underlying_cap_bearish,Options model falls back to latest gold_opt_iv_30d from daily-valuations.csv. Hit/reach market uses tested one-touch probability model; incomplete rows fall back to 2x terminal probability. Polymarket quote refreshed from live CLOB during heatmap generation. Underlying upside cap YES price is 88.5%; PM trades at 3% of cap.
2026-05-13T21,relative_value_heatmap_v2_one_touch,OIL,what-price-will-wti-hit-in-may-2026,2074246,Will WTI Crude Oil (WTI) hit (LOW) $20 in May?,May 2026,below,20.00000000,2026-06-01T03:59:59.999Z,18.29166666,96.90600000,OIL_VALUATION_IV,96.90600000,,valuations_fallback,0.59800000,0.60700000,0.00000000,0.00000000,0.00150000,0.00100000,0.00200000,0.00100000,live_clob,69818.38762000,79255.54945800,,,,,,,,-0.20000000,0.10000000,sell_yes_or_buy_no,-0.10000000,-0.00546697,,true,false,false,near-fair,97.03900000,live_hyperliquid_xyz_cl,-1.82362614,160146710.75979799,0.13724640,extreme_perp_funding,Options model falls back to latest oil_opt_iv_30d from daily-valuations.csv. Hit/reach market uses tested one-touch probability model; incomplete rows fall back to 2x terminal probability. Polymarket quote refreshed from live CLOB during heatmap generation.
2026-05-13T21,relative_value_heatmap_v2_one_touch,OIL,what-price-will-wti-hit-in-may-2026,2074245,Will WTI Crude Oil (WTI) hit (LOW) $30 in May?,May 2026,below,30.00000000,2026-06-01T03:59:59.999Z,18.29166666,96.90600000,OIL_VALUATION_IV,96.90600000,,valuations_fallback,0.59800000,0.60700000,0.00000000,0.00000000,0.00150000,0.00100000,0.00200000,0.00100000,live_clob,49224.85977000,38682.78483800,,,,,,,,-0.20000000,0.10000000,sell_yes_or_buy_no,-0.10000000,-0.00546697,,true,false,false,near-fair,97.03900000,live_hyperliquid_xyz_cl,-1.82362614,160146710.75979799,0.13724640,extreme_perp_funding,Options model falls back to latest oil_opt_iv_30d from daily-valuations.csv. Hit/reach market uses tested one-touch probability model; incomplete rows fall back to 2x terminal probability. Polymarket quote refreshed from live CLOB during heatmap generation.
2026-05-13T21,relative_value_heatmap_v2_one_touch,ETH,what-price-will-ethereum-hit-in-may-2026,2132801,"Will Ethereum dip to $1,600 in May?",May 2026,below,1600.00000000,2026-06-01T04:00:00Z,18.29166667,2256.60000000,ETHA,17.05500000,CBOE delayed,cme_snapshot,1.29022500,,0.11942052,0.14971692,0.02150000,0.02100000,0.02200000,0.00100000,live_clob,34995.15419000,99201.82824500,,,,,,,,12.77169164,-12.87169164,buy_yes,12.77169164,0.69822460,,true,false,false,long-tail,2256.60000000,snapshot,0.10950000,1335567276.16000009,0.00000000,extreme_perp_funding,"Options model uses ETHA CBOE delayed; target month-end expiry 2026-05-29, IV expiry 2026-05-29, closest-strike IV sample. Hit/reach market uses tested one-touch probability model; incomplete rows fall back to 2x terminal probability. Polymarket quote refreshed from live CLOB during heatmap generation."
2026-05-13T21,relative_value_heatmap_v2_one_touch,ETH,what-price-will-ethereum-hit-in-may-2026,2132804,"Will Ethereum dip to $1,000 in May?",May 2026,below,1000.00000000,2026-06-01T04:00:00Z,18.29166667,2256.60000000,ETHA,17.05500000,CBOE delayed,cme_snapshot,2.79672500,,0.12612736,0.12612736,0.00350000,0.00300000,0.00400000,0.00100000,live_clob,69360.61506000,39198.66536700,,,,,,,,12.21273555,-12.31273555,buy_yes,12.21273555,0.66766664,,true,false,false,long-tail,2256.60000000,snapshot,0.10950000,1335567276.16000009,0.00000000,extreme_perp_funding,"Options model uses ETHA CBOE delayed; target month-end expiry 2026-05-29, IV expiry 2026-05-29, closest-strike IV sample. Hit/reach market uses tested one-touch probability model; incomplete rows fall back to 2x terminal probability. Polymarket quote refreshed from live CLOB during heatmap generation."
2026-05-13T21,relative_value_heatmap_v2_one_touch,ETH,what-price-will-ethereum-hit-in-may-2026,2132800,"Will Ethereum dip to $1,800 in May?",May 2026,below,1800.00000000,2026-06-01T04:00:00Z,18.29166667,2256.60000000,ETHA,17.05500000,CBOE delayed,cme_snapshot,0.87307500,,0.11837287,0.17354947,0.05600000,0.05300000,0.05900000,0.00600000,live_clob,44651.14693000,195075.90958000,,,,,,,,11.45494738,-12.05494738,buy_yes,11.45494738,0.62623858,,true,false,false,long-tail,2256.60000000,snapshot,0.10950000,1335567276.16000009,0.00000000,extreme_perp_funding,"Options model uses ETHA CBOE delayed; target month-end expiry 2026-05-29, IV expiry 2026-05-29, closest-strike IV sample. Hit/reach market uses tested one-touch probability model; incomplete rows fall back to 2x terminal probability. Polymarket quote refreshed from live CLOB during heatmap generation."
2026-05-13T21,relative_value_heatmap_v2_one_touch,ETH,what-price-will-ethereum-hit-in-may-2026,2132802,"Will Ethereum dip to $1,400 in May?",May 2026,below,1400.00000000,2026-06-01T04:00:00Z,18.29166667,2256.60000000,ETHA,17.05500000,CBOE delayed,cme_snapshot,1.63585000,,0.10256106,0.10957791,0.00950000,0.00900000,0.01000000,0.00100000,live_clob,70776.93303000,40806.28430000,,,,,,,,9.95779136,-10.05779136,buy_yes,9.95779136,0.54438950,,true,false,false,mild-long-tail,2256.60000000,snapshot,0.10950000,1335567276.16000009,0.00000000,extreme_perp_funding,"Options model uses ETHA CBOE delayed; target month-end expiry 2026-05-29, IV expiry 2026-05-29, closest-strike IV sample. Hit/reach market uses tested one-touch probability model; incomplete rows fall back to 2x terminal probability. Polymarket quote refreshed from live CLOB during heatmap generation."
2026-05-13T21,relative_value_heatmap_v2_one_touch,BTC,what-price-will-bitcoin-hit-in-may-2026,2132774,"Will Bitcoin reach $95,000 in May?",May 2026,above,95000.00000000,2026-06-01T04:00:00Z,18.29166667,79374.00000000,IBIT,45.15000000,CBOE delayed,cme_snapshot,0.56287500,0.36800000,0.05201059,0.13076738,0.03750000,0.03700000,0.03800000,0.00100000,live_clob,98748.64747000,866475.01541200,0.83551579,0.04488246,cheap_vs_underlying_cap_bearish,,,,,9.27673793,-9.37673793,buy_yes,9.27673793,0.50715652,,true,true,true,mild-long-tail,79374.00000000,snapshot,0.05191900,2245009928.21999979,0.00000000,cheap_vs_underlying_cap_bearish,"Options model uses IBIT CBOE delayed; target month-end expiry 2026-05-29, IV expiry 2026-05-29, closest-strike IV sample. Hit/reach market uses tested one-touch probability model; incomplete rows fall back to 2x terminal probability. Strike scaled from underlying options proxy. Polymarket quote refreshed from live CLOB during heatmap generation. Underlying upside cap YES price is 83.6%; PM trades at 4% of cap."
2026-05-13T21,relative_value_heatmap_v2_one_touch,ETH,what-price-will-ethereum-hit-in-may-2026,2132803,"Will Ethereum dip to $1,200 in May?",May 2026,below,1200.00000000,2026-06-01T04:00:00Z,18.29166667,2256.60000000,ETHA,17.05500000,CBOE delayed,cme_snapshot,2.01335000,,0.09077590,0.09077590,0.00700000,0.00600000,0.00800000,0.00200000,live_clob,46290.80730000,68205.78969300,,,,,,,,8.27758973,-8.47758973,buy_yes,8.27758973,0.45253338,,true,false,false,mild-long-tail,2256.60000000,snapshot,0.10950000,1335567276.16000009,0.00000000,extreme_perp_funding,"Options model uses ETHA CBOE delayed; target month-end expiry 2026-05-29, IV expiry 2026-05-29, closest-strike IV sample. Hit/reach market uses tested one-touch probability model; incomplete rows fall back to 2x terminal probability. Polymarket quote refreshed from live CLOB during heatmap generation."
2026-05-13T21,relative_value_heatmap_v2_one_touch,ETH,what-price-will-ethereum-hit-in-may-2026,2132805,Will Ethereum dip to $800 in May?,May 2026,below,800.00000000,2026-06-01T04:00:00Z,18.29166667,2256.60000000,ETHA,17.05500000,CBOE delayed,cme_snapshot,2.79672500,,0.06216595,0.06216595,0.00250000,0.00200000,0.00300000,0.00100000,live_clob,65072.95567000,35167.87265400,,,,,,,,5.91659504,-6.01659504,buy_yes,5.91659504,0.32345850,,true,false,false,mild-long-tail,2256.60000000,snapshot,0.10950000,1335567276.16000009,0.00000000,extreme_perp_funding,"Options model uses ETHA CBOE delayed; target month-end expiry 2026-05-29, IV expiry 2026-05-29, closest-strike IV sample. Hit/reach market uses tested one-touch probability model; incomplete rows fall back to 2x terminal probability. Polymarket quote refreshed from live CLOB during heatmap generation."
2026-05-13T21,relative_value_heatmap_v2_one_touch,ETH,what-price-will-ethereum-hit-in-may-2026,2132799,"Will Ethereum dip to $2,000 in May?",May 2026,below,2000.00000000,2026-06-01T04:00:00Z,18.29166667,2256.60000000,ETHA,17.05500000,CBOE delayed,cme_snapshot,0.59077500,,0.17268095,0.28738105,0.22500000,0.22000000,0.23000000,0.01000000,live_clob,28019.21990000,207889.05785200,,,,,,,,5.73810545,-6.73810545,buy_yes,5.73810545,0.31370053,,true,false,false,mild-long-tail,2256.60000000,snapshot,0.10950000,1335567276.16000009,0.00000000,extreme_perp_funding,"Options model uses ETHA CBOE delayed; target month-end expiry 2026-05-29, IV expiry 2026-05-29, closest-strike IV sample. Hit/reach market uses tested one-touch probability model; incomplete rows fall back to 2x terminal probability. Polymarket quote refreshed from live CLOB during heatmap generation."
2026-05-13T21,relative_value_heatmap_v2_one_touch,BTC,what-price-will-bitcoin-hit-in-may-2026,2132778,"Will Bitcoin dip to $75,000 in May?",May 2026,below,75000.00000000,2026-06-01T04:00:00Z,18.29166667,79374.00000000,IBIT,45.15000000,CBOE delayed,cme_snapshot,0.39655000,0.36800000,0.25404217,0.45775607,0.51500000,0.51000000,0.52000000,0.01000000,live_clob,57478.08600000,624296.83872800,,,,,,,,-6.22439300,5.22439300,sell_yes_or_buy_no,-5.22439300,-0.28561602,,true,false,true,mild-short-rich-tail,79374.00000000,snapshot,0.05191900,2245009928.21999979,0.00000000,,"Options model uses IBIT CBOE delayed; target month-end expiry 2026-05-29, IV expiry 2026-05-29, closest-strike IV sample. Hit/reach market uses tested one-touch probability model; incomplete rows fall back to 2x terminal probability. Strike scaled from underlying options proxy. Polymarket quote refreshed from live CLOB during heatmap generation."
2026-05-13T21,relative_value_heatmap_v2_one_touch,ETH,what-price-will-ethereum-hit-in-may-2026,2132795,"Will Ethereum reach $2,800 in May?",May 2026,above,2800.00000000,2026-06-01T04:00:00Z,18.29166667,2256.60000000,ETHA,17.05500000,CBOE delayed,cme_snapshot,0.62167500,,0.03851327,0.10066156,0.04500000,0.04000000,0.05000000,0.01000000,live_clob,50490.55910000,177622.52616700,0.80592857,0.05583621,cheap_vs_underlying_cap_bearish,,,,,5.06615631,-6.06615631,buy_yes,5.06615631,0.27696527,,true,false,false,mild-long-tail,2256.60000000,snapshot,0.10950000,1335567276.16000009,0.00000000,extreme_perp_funding;cheap_vs_underlying_cap_bearish,"Options model uses ETHA CBOE delayed; target month-end expiry 2026-05-29, IV expiry 2026-05-29, closest-strike IV sample. Hit/reach market uses tested one-touch probability model; incomplete rows fall back to 2x terminal probability. Polymarket quote refreshed from live CLOB during heatmap generation. Underlying upside cap YES price is 80.6%; PM trades at 6% of cap."
2026-05-13T21,relative_value_heatmap_v2_one_touch,ETH,what-price-will-ethereum-hit-in-may-2026,2132794,"Will Ethereum reach $3,000 in May?",May 2026,above,3000.00000000,2026-06-01T04:00:00Z,18.29166667,2256.60000000,ETHA,17.05500000,CBOE delayed,cme_snapshot,0.74820000,,0.02584201,0.07290105,0.01850000,0.01400000,0.02300000,0.00900000,live_clob,64265.83957000,220615.71876000,0.75220000,0.02459452,cheap_vs_underlying_cap_bearish,,,,,4.99010541,-5.89010541,buy_yes,4.99010541,0.27280759,,true,false,false,near-fair,2256.60000000,snapshot,0.10950000,1335567276.16000009,0.00000000,extreme_perp_funding;cheap_vs_underlying_cap_bearish,"Options model uses ETHA CBOE delayed; target month-end expiry 2026-05-29, IV expiry 2026-05-29, closest-strike IV sample. Hit/reach market uses tested one-touch probability model; incomplete rows fall back to 2x terminal probability. Polymarket quote refreshed from live CLOB during heatmap generation. Underlying upside cap YES price is 75.2%; PM trades at 2% of cap."
2026-05-13T21,relative_value_heatmap_v2_one_touch,ETH,what-price-will-ethereum-hit-in-may-2026,2132796,"Will Ethereum reach $2,600 in May?",May 2026,above,2600.00000000,2026-06-01T04:00:00Z,18.29166667,2256.60000000,ETHA,17.05500000,CBOE delayed,cme_snapshot,0.55972500,,0.09676826,0.23552432,0.18500000,0.18000000,0.19000000,0.01000000,live_clob,38466.92540000,199145.08645500,0.86792308,0.21315253,cheap_vs_underlying_cap_bearish,,,,,4.55243204,-5.55243204,buy_yes,4.55243204,0.24888011,,true,false,false,near-fair,2256.60000000,snapshot,0.10950000,1335567276.16000009,0.00000000,extreme_perp_funding;cheap_vs_underlying_cap_bearish,"Options model uses ETHA CBOE delayed; target month-end expiry 2026-05-29, IV expiry 2026-05-29, closest-strike IV sample. Hit/reach market uses tested one-touch probability model; incomplete rows fall back to 2x terminal probability. Polymarket quote refreshed from live CLOB during heatmap generation. Underlying upside cap YES price is 86.8%; PM trades at 21% of cap."
2026-05-13T21,relative_value_heatmap_v2_one_touch,ETH,what-price-will-ethereum-hit-in-may-2026,2132793,"Will Ethereum reach $3,200 in May?",May 2026,above,3200.00000000,2026-06-01T04:00:00Z,18.29166667,2256.60000000,ETHA,17.05500000,CBOE delayed,cme_snapshot,0.85820000,,0.01845568,0.05587051,0.01400000,0.01300000,0.01500000,0.00200000,live_clob,51294.46397000,71081.77170000,0.70518750,0.01985288,cheap_vs_underlying_cap_bearish,,,,,4.08705109,-4.28705109,buy_yes,4.08705109,0.22343787,,true,false,false,near-fair,2256.60000000,snapshot,0.10950000,1335567276.16000009,0.00000000,extreme_perp_funding;cheap_vs_underlying_cap_bearish,"Options model uses ETHA CBOE delayed; target month-end expiry 2026-05-29, IV expiry 2026-05-29, closest-strike IV sample. Hit/reach market uses tested one-touch probability model; incomplete rows fall back to 2x terminal probability. Polymarket quote refreshed from live CLOB during heatmap generation. Underlying upside cap YES price is 70.5%; PM trades at 2% of cap."
2026-05-13T21,relative_value_heatmap_v2_one_touch,BTC,what-price-will-bitcoin-hit-in-may-2026,2132771,"Will Bitcoin reach $110,000 in May?",May 2026,above,110000.00000000,2026-06-01T04:00:00Z,18.29166667,79374.00000000,IBIT,45.15000000,CBOE delayed,cme_snapshot,0.74972500,0.36800000,0.01340060,0.03922832,0.00550000,0.00500000,0.00600000,0.00100000,live_clob,198669.16569000,201108.69834400,0.72158182,0.00762214,cheap_vs_underlying_cap_bearish,,,,,3.32283178,-3.42283178,buy_yes,3.32283178,0.18165823,,true,false,false,near-fair,79374.00000000,snapshot,0.05191900,2245009928.21999979,0.00000000,cheap_vs_underlying_cap_bearish,"Options model uses IBIT CBOE delayed; target month-end expiry 2026-05-29, IV expiry 2026-05-29, closest-strike IV sample. Hit/reach market uses tested one-touch probability model; incomplete rows fall back to 2x terminal probability. Strike scaled from underlying options proxy. Polymarket quote refreshed from live CLOB during heatmap generation. Underlying upside cap YES price is 72.2%; PM trades at 1% of cap."
2026-05-13T21,relative_value_heatmap_v2_one_touch,BTC,what-price-will-bitcoin-hit-in-may-2026,2132773,"Will Bitcoin reach $100,000 in May?",May 2026,above,100000.00000000,2026-06-01T04:00:00Z,18.29166667,79374.00000000,IBIT,45.15000000,CBOE delayed,cme_snapshot,0.56287500,0.36800000,0.01907112,0.05014304,0.01650000,0.01600000,0.01700000,0.00100000,live_clob,149303.46689000,686979.66202100,0.79374000,0.02078766,cheap_vs_underlying_cap_bearish,,,,,3.31430366,-3.41430366,buy_yes,3.31430366,0.18119200,,true,false,false,near-fair,79374.00000000,snapshot,0.05191900,2245009928.21999979,0.00000000,cheap_vs_underlying_cap_bearish,"Options model uses IBIT CBOE delayed; target month-end expiry 2026-05-29, IV expiry 2026-05-29, closest-strike IV sample. Hit/reach market uses tested one-touch probability model; incomplete rows fall back to 2x terminal probability. Strike scaled from underlying options proxy. Polymarket quote refreshed from live CLOB during heatmap generation. Underlying upside cap YES price is 79.4%; PM trades at 2% of cap."
2026-05-13T21,relative_value_heatmap_v2_one_touch,ETH,what-price-will-ethereum-hit-in-may-2026,2132791,"Will Ethereum reach $3,600 in May?",May 2026,above,3600.00000000,2026-06-01T04:00:00Z,18.29166667,2256.60000000,ETHA,17.05500000,CBOE delayed,cme_snapshot,1.04360000,,0.01058767,0.03640239,0.00550000,0.00500000,0.00600000,0.00100000,live_clob,104871.96760000,58734.65306700,0.62683333,0.00877426,cheap_vs_underlying_cap_bearish,,,,,3.04023943,-3.14023943,buy_yes,3.04023943,0.16620899,,true,false,false,near-fair,2256.60000000,snapshot,0.10950000,1335567276.16000009,0.00000000,extreme_perp_funding;cheap_vs_underlying_cap_bearish,"Options model uses ETHA CBOE delayed; target month-end expiry 2026-05-29, IV expiry 2026-05-29, closest-strike IV sample. Hit/reach market uses tested one-touch probability model; incomplete rows fall back to 2x terminal probability. Polymarket quote refreshed from live CLOB during heatmap generation. Underlying upside cap YES price is 62.7%; PM trades at 1% of cap."
2026-05-13T21,relative_value_heatmap_v2_one_touch,ETH,what-price-will-ethereum-hit-in-may-2026,2132798,"Will Ethereum dip to $2,200 in May?",May 2026,below,2200.00000000,2026-06-01T04:00:00Z,18.29166667,2256.60000000,ETHA,17.05500000,CBOE delayed,cme_snapshot,0.50827500,,0.42317604,0.76628211,0.79500000,0.79000000,0.80000000,0.01000000,live_clob,29001.73460000,78611.53196300,,,,,,,,-3.37178925,2.37178925,sell_yes_or_buy_no,-2.37178925,-0.12966502,,true,false,false,near-fair,2256.60000000,snapshot,0.10950000,1335567276.16000009,0.00000000,extreme_perp_funding,"Options model uses ETHA CBOE delayed; target month-end expiry 2026-05-29, IV expiry 2026-05-29, closest-strike IV sample. Hit/reach market uses tested one-touch probability model; incomplete rows fall back to 2x terminal probability. Polymarket quote refreshed from live CLOB during heatmap generation."
2026-05-13T21,relative_value_heatmap_v2_one_touch,BTC,what-price-will-bitcoin-hit-in-may-2026,2132769,"Will Bitcoin reach $120,000 in May?",May 2026,above,120000.00000000,2026-06-01T04:00:00Z,18.29166667,79374.00000000,IBIT,45.15000000,CBOE delayed,cme_snapshot,0.87692500,0.36800000,0.00809415,0.02600534,0.00250000,0.00200000,0.00300000,0.00100000,live_clob,417905.59863000,249026.38281500,0.66145000,0.00377958,cheap_vs_underlying_cap_bearish,,,,,2.30053398,-2.40053398,buy_yes,2.30053398,0.12576951,,true,false,false,near-fair,79374.00000000,snapshot,0.05191900,2245009928.21999979,0.00000000,cheap_vs_underlying_cap_bearish,"Options model uses IBIT CBOE delayed; target month-end expiry 2026-05-29, IV expiry 2026-05-29, closest-strike IV sample. Hit/reach market uses tested one-touch probability model; incomplete rows fall back to 2x terminal probability. Strike scaled from underlying options proxy. Polymarket quote refreshed from live CLOB during heatmap generation. Underlying upside cap YES price is 66.1%; PM trades at 0% of cap."
2026-05-13T21,relative_value_heatmap_v2_one_touch,ETH,what-price-will-ethereum-hit-in-may-2026,2132806,Will Ethereum dip to $600 in May?,May 2026,below,600.00000000,2026-06-01T04:00:00Z,18.29166667,2256.60000000,ETHA,17.05500000,CBOE delayed,cme_snapshot,2.79672500,,0.02056798,0.02056798,0.00150000,0.00100000,0.00200000,0.00100000,live_clob,61546.69827000,58231.76440300,,,,,,,,1.85679829,-1.95679829,buy_yes,1.85679829,0.10151061,,true,false,false,near-fair,2256.60000000,snapshot,0.10950000,1335567276.16000009,0.00000000,extreme_perp_funding,"Options model uses ETHA CBOE delayed; target month-end expiry 2026-05-29, IV expiry 2026-05-29, closest-strike IV sample. Hit/reach market uses tested one-touch probability model; incomplete rows fall back to 2x terminal probability. Polymarket quote refreshed from live CLOB during heatmap generation."
2026-05-13T21,relative_value_heatmap_v2_one_touch,ETH,what-price-will-ethereum-hit-in-may-2026,2132792,"Will Ethereum reach $3,400 in May?",May 2026,above,3400.00000000,2026-06-01T04:00:00Z,18.29166667,2256.60000000,ETHA,17.05500000,CBOE delayed,cme_snapshot,0.85820000,,0.00747131,0.02387915,0.00600000,0.00500000,0.00700000,0.00200000,live_clob,102236.93253000,81238.72059500,0.66370588,0.00904015,cheap_vs_underlying_cap_bearish,,,,,1.68791479,-1.88791479,buy_yes,1.68791479,0.09227780,,true,false,false,near-fair,2256.60000000,snapshot,0.10950000,1335567276.16000009,0.00000000,extreme_perp_funding;cheap_vs_underlying_cap_bearish,"Options model uses ETHA CBOE delayed; target month-end expiry 2026-05-29, IV expiry 2026-05-29, closest-strike IV sample. Hit/reach market uses tested one-touch probability model; incomplete rows fall back to 2x terminal probability. Polymarket quote refreshed from live CLOB during heatmap generation. Underlying upside cap YES price is 66.4%; PM trades at 1% of cap."
2026-05-13T21,relative_value_heatmap_v2_one_touch,BTC,what-price-will-bitcoin-hit-in-may-2026,2132772,"Will Bitcoin reach $105,000 in May?",May 2026,above,105000.00000000,2026-06-01T04:00:00Z,18.29166667,79374.00000000,IBIT,45.15000000,CBOE delayed,cme_snapshot,0.59527500,0.36800000,0.00890541,0.02455383,0.00850000,0.00800000,0.00900000,0.00100000,live_clob,183299.94556000,243769.44453800,0.75594286,0.01124424,cheap_vs_underlying_cap_bearish,,,,,1.55538251,-1.65538251,buy_yes,1.55538251,0.08503230,,true,false,false,near-fair,79374.00000000,snapshot,0.05191900,2245009928.21999979,0.00000000,cheap_vs_underlying_cap_bearish,"Options model uses IBIT CBOE delayed; target month-end expiry 2026-05-29, IV expiry 2026-05-29, closest-strike IV sample. Hit/reach market uses tested one-touch probability model; incomplete rows fall back to 2x terminal probability. Strike scaled from underlying options proxy. Polymarket quote refreshed from live CLOB during heatmap generation. Underlying upside cap YES price is 75.6%; PM trades at 1% of cap."
2026-05-13T21,relative_value_heatmap_v2_one_touch,BTC,what-price-will-bitcoin-hit-in-may-2026,2132775,"Will Bitcoin reach $90,000 in May?",May 2026,above,90000.00000000,2026-06-01T04:00:00Z,18.29166667,79374.00000000,IBIT,45.15000000,CBOE delayed,cme_snapshot,0.41175000,0.36800000,0.06167482,0.14510328,0.12500000,0.12000000,0.13000000,0.01000000,live_clob,96775.16690000,794881.48329400,0.88193333,0.14173407,cheap_vs_underlying_cap_bearish,,,,,1.51032777,-2.51032777,buy_yes,1.51032777,0.08256917,,true,false,false,near-fair,79374.00000000,snapshot,0.05191900,2245009928.21999979,0.00000000,cheap_vs_underlying_cap_bearish,"Options model uses IBIT CBOE delayed; target month-end expiry 2026-05-29, IV expiry 2026-05-29, closest-strike IV sample. Hit/reach market uses tested one-touch probability model; incomplete rows fall back to 2x terminal probability. Strike scaled from underlying options proxy. Polymarket quote refreshed from live CLOB during heatmap generation. Underlying upside cap YES price is 88.2%; PM trades at 14% of cap."
2026-05-13T21,relative_value_heatmap_v2_one_touch,ETH,what-price-will-ethereum-hit-in-may-2026,2132790,"Will Ethereum reach $3,800 in May?",May 2026,above,3800.00000000,2026-06-01T04:00:00Z,18.29166667,2256.60000000,ETHA,17.05500000,CBOE delayed,cme_snapshot,1.04360000,,0.00524341,0.01892981,0.00350000,0.00300000,0.00400000,0.00100000,live_clob,99098.71509000,45055.90243200,0.59384211,0.00589382,cheap_vs_underlying_cap_bearish,,,,,1.49298077,-1.59298077,buy_yes,1.49298077,0.08162082,,true,false,false,near-fair,2256.60000000,snapshot,0.10950000,1335567276.16000009,0.00000000,extreme_perp_funding;cheap_vs_underlying_cap_bearish,"Options model uses ETHA CBOE delayed; target month-end expiry 2026-05-29, IV expiry 2026-05-29, closest-strike IV sample. Hit/reach market uses tested one-touch probability model; incomplete rows fall back to 2x terminal probability. Polymarket quote refreshed from live CLOB during heatmap generation. Underlying upside cap YES price is 59.4%; PM trades at 1% of cap."
2026-05-13T21,relative_value_heatmap_v2_one_touch,BTC,what-price-will-bitcoin-hit-in-may-2026,2132770,"Will Bitcoin reach $115,000 in May?",May 2026,above,115000.00000000,2026-06-01T04:00:00Z,18.29166667,79374.00000000,IBIT,45.15000000,CBOE delayed,cme_snapshot,0.74972500,0.36800000,0.00611108,0.01862027,0.00350000,0.00300000,0.00400000,0.00100000,live_clob,247464.36999000,174225.72556300,0.69020870,0.00507093,cheap_vs_underlying_cap_bearish,,,,,1.46202732,-1.56202732,buy_yes,1.46202732,0.07992860,,true,false,false,near-fair,79374.00000000,snapshot,0.05191900,2245009928.21999979,0.00000000,cheap_vs_underlying_cap_bearish,"Options model uses IBIT CBOE delayed; target month-end expiry 2026-05-29, IV expiry 2026-05-29, closest-strike IV sample. Hit/reach market uses tested one-touch probability model; incomplete rows fall back to 2x terminal probability. Strike scaled from underlying options proxy. Polymarket quote refreshed from live CLOB during heatmap generation. Underlying upside cap YES price is 69.0%; PM trades at 1% of cap."
2026-05-13T21,relative_value_heatmap_v2_one_touch,ETH,what-price-will-ethereum-hit-in-may-2026,2132789,"Will Ethereum reach $4,000 in May?",May 2026,above,4000.00000000,2026-06-01T04:00:00Z,18.29166667,2256.60000000,ETHA,17.05500000,CBOE delayed,cme_snapshot,1.04360000,,0.00254881,0.00964343,0.00250000,0.00200000,0.00300000,0.00100000,live_clob,81439.16105000,100271.69759300,0.56415000,0.00443145,cheap_vs_underlying_cap_bearish,,,,,0.66434337,-0.76434337,buy_yes,0.66434337,0.03631946,,true,false,false,near-fair,2256.60000000,snapshot,0.10950000,1335567276.16000009,0.00000000,extreme_perp_funding;cheap_vs_underlying_cap_bearish,"Options model uses ETHA CBOE delayed; target month-end expiry 2026-05-29, IV expiry 2026-05-29, closest-strike IV sample. Hit/reach market uses tested one-touch probability model; incomplete rows fall back to 2x terminal probability. Polymarket quote refreshed from live CLOB during heatmap generation. Underlying upside cap YES price is 56.4%; PM trades at 0% of cap."
2026-05-13T21,relative_value_heatmap_v2_one_touch,BTC,what-price-will-bitcoin-hit-in-may-2026,2132779,"Will Bitcoin dip to $70,000 in May?",May 2026,below,70000.00000000,2026-06-01T04:00:00Z,18.29166667,79374.00000000,IBIT,45.15000000,CBOE delayed,cme_snapshot,0.45867500,0.36800000,0.09691810,0.16371544,0.16500000,0.16000000,0.17000000,0.01000000,live_clob,90834.04630000,941285.32215300,,,,,,,,-0.62845586,-0.37154414,avoid_buy_yes,-0.62845586,-0.03435750,,false,false,false,near-fair,79374.00000000,snapshot,0.05191900,2245009928.21999979,0.00000000,,"Options model uses IBIT CBOE delayed; target month-end expiry 2026-05-29, IV expiry 2026-05-29, closest-strike IV sample. Hit/reach market uses tested one-touch probability model; incomplete rows fall back to 2x terminal probability. Strike scaled from underlying options proxy. Polymarket quote refreshed from live CLOB during heatmap generation."
2026-05-13T21,relative_value_heatmap_v2_one_touch,BTC,what-price-will-bitcoin-hit-in-may-2026,2132781,"Will Bitcoin dip to $60,000 in May?",May 2026,below,60000.00000000,2026-06-01T04:00:00Z,18.29166667,79374.00000000,IBIT,45.15000000,CBOE delayed,cme_snapshot,0.63935000,0.36800000,0.01853575,0.02675152,0.03350000,0.03300000,0.03400000,0.00100000,live_clob,104556.66925000,992927.94542500,,,,,,,,-0.72484827,0.62484827,sell_yes_or_buy_no,-0.62484827,-0.03416027,,true,false,false,near-fair,79374.00000000,snapshot,0.05191900,2245009928.21999979,0.00000000,,"Options model uses IBIT CBOE delayed; target month-end expiry 2026-05-29, IV expiry 2026-05-29, closest-strike IV sample. Hit/reach market uses tested one-touch probability model; incomplete rows fall back to 2x terminal probability. Strike scaled from underlying options proxy. Polymarket quote refreshed from live CLOB during heatmap generation."
2026-05-13T21,relative_value_heatmap_v2_one_touch,BTC,what-price-will-bitcoin-hit-in-may-2026,2132780,"Will Bitcoin dip to $65,000 in May?",May 2026,below,65000.00000000,2026-06-01T04:00:00Z,18.29166667,79374.00000000,IBIT,45.15000000,CBOE delayed,cme_snapshot,0.52665000,0.36800000,0.03515357,0.05522093,0.05500000,0.05000000,0.06000000,0.01000000,live_clob,93383.11200000,1148770.46123800,,,,,,,,-0.47790697,-0.52209303,avoid_buy_yes,-0.47790697,-0.02612703,,false,false,false,near-fair,79374.00000000,snapshot,0.05191900,2245009928.21999979,0.00000000,,"Options model uses IBIT CBOE delayed; target month-end expiry 2026-05-29, IV expiry 2026-05-29, closest-strike IV sample. Hit/reach market uses tested one-touch probability model; incomplete rows fall back to 2x terminal probability. Strike scaled from underlying options proxy. Polymarket quote refreshed from live CLOB during heatmap generation."
2026-05-13T21,relative_value_heatmap_v2_one_touch,BTC,what-price-will-bitcoin-hit-in-may-2026,2132776,"Will Bitcoin reach $85,000 in May?",May 2026,above,85000.00000000,2026-06-01T04:00:00Z,18.29166667,79374.00000000,IBIT,45.15000000,CBOE delayed,cme_snapshot,0.37802500,0.36800000,0.17660449,0.39453022,0.38500000,0.38000000,0.39000000,0.01000000,live_clob,75428.01060000,987938.55656600,0.93381176,0.41228866,mid_underlying_cap_ratio,,,,,0.45302174,-1.45302174,buy_yes,0.45302174,0.02476656,,true,false,false,near-fair,79374.00000000,snapshot,0.05191900,2245009928.21999979,0.00000000,,"Options model uses IBIT CBOE delayed; target month-end expiry 2026-05-29, IV expiry 2026-05-29, closest-strike IV sample. Hit/reach market uses tested one-touch probability model; incomplete rows fall back to 2x terminal probability. Strike scaled from underlying options proxy. Polymarket quote refreshed from live CLOB during heatmap generation. Underlying upside cap YES price is 93.4%; PM trades at 41% of cap."
2026-05-13T21,relative_value_heatmap_v2_one_touch,BTC,what-price-will-bitcoin-hit-in-may-2026,2132783,"Will Bitcoin dip to $50,000 in May?",May 2026,below,50000.00000000,2026-06-01T04:00:00Z,18.29166667,79374.00000000,IBIT,45.15000000,CBOE delayed,cme_snapshot,0.82007500,0.36800000,0.00362743,0.00434654,0.00850000,0.00800000,0.00900000,0.00100000,live_clob,217741.56393000,346048.43100500,,,,,,,,-0.46534600,0.36534600,sell_yes_or_buy_no,-0.36534600,-0.01997336,,true,false,false,near-fair,79374.00000000,snapshot,0.05191900,2245009928.21999979,0.00000000,,"Options model uses IBIT CBOE delayed; target month-end expiry 2026-05-29, IV expiry 2026-05-29, closest-strike IV sample. Hit/reach market uses tested one-touch probability model; incomplete rows fall back to 2x terminal probability. Strike scaled from underlying options proxy. Polymarket quote refreshed from live CLOB during heatmap generation."
2026-05-13T21,relative_value_heatmap_v2_one_touch,BTC,what-price-will-bitcoin-hit-in-may-2026,2132768,"Will Bitcoin reach $150,000 in May?",May 2026,above,150000.00000000,2026-06-01T04:00:00Z,18.29166667,79374.00000000,IBIT,45.15000000,CBOE delayed,cme_snapshot,0.87692500,0.36800000,0.00012875,0.00050864,0.00350000,0.00300000,0.00400000,0.00100000,live_clob,915414.53743000,2594086.45071500,0.52916000,0.00661426,cheap_vs_underlying_cap_bearish,,,,,-0.34913562,0.24913562,sell_yes_or_buy_no,-0.24913562,-0.01362017,,true,false,false,near-fair,79374.00000000,snapshot,0.05191900,2245009928.21999979,0.00000000,cheap_vs_underlying_cap_bearish,"Options model uses IBIT CBOE delayed; target month-end expiry 2026-05-29, IV expiry 2026-05-29, closest-strike IV sample. Hit/reach market uses tested one-touch probability model; incomplete rows fall back to 2x terminal probability. Strike scaled from underlying options proxy. Polymarket quote refreshed from live CLOB during heatmap generation. Underlying upside cap YES price is 52.9%; PM trades at 1% of cap."
2026-05-13T21,relative_value_heatmap_v2_one_touch,BTC,what-price-will-bitcoin-hit-in-may-2026,2132784,"Will Bitcoin dip to $45,000 in May?",May 2026,below,45000.00000000,2026-06-01T04:00:00Z,18.29166667,79374.00000000,IBIT,45.15000000,CBOE delayed,cme_snapshot,0.91625000,0.36800000,0.00159182,0.00171302,0.00450000,0.00400000,0.00500000,0.00100000,live_clob,129733.38302000,322468.00608700,,,,,,,,-0.32869752,0.22869752,sell_yes_or_buy_no,-0.22869752,-0.01250283,,true,false,false,near-fair,79374.00000000,snapshot,0.05191900,2245009928.21999979,0.00000000,,"Options model uses IBIT CBOE delayed; target month-end expiry 2026-05-29, IV expiry 2026-05-29, closest-strike IV sample. Hit/reach market uses tested one-touch probability model; incomplete rows fall back to 2x terminal probability. Strike scaled from underlying options proxy. Polymarket quote refreshed from live CLOB during heatmap generation."
2026-05-13T21,relative_value_heatmap_v2_one_touch,ETH,what-price-will-ethereum-hit-in-may-2026,2132807,Will Ethereum dip to $400 in May?,May 2026,below,400.00000000,2026-06-01T04:00:00Z,18.29166667,2256.60000000,ETHA,17.05500000,CBOE delayed,cme_snapshot,2.79672500,,0.00294037,0.00294037,0.00050000,0.00000000,0.00100000,0.00100000,snapshot,96704.01837000,49814.05633300,,,,,,,,0.19403723,-0.24403723,buy_yes,0.19403723,0.01060796,,true,false,false,near-fair,2256.60000000,snapshot,0.10950000,1335567276.16000009,0.00000000,extreme_perp_funding;pm_quote_from_snapshot,"Options model uses ETHA CBOE delayed; target month-end expiry 2026-05-29, IV expiry 2026-05-29, closest-strike IV sample. Hit/reach market uses tested one-touch probability model; incomplete rows fall back to 2x terminal probability."
2026-05-13T21,relative_value_heatmap_v2_one_touch,BTC,what-price-will-bitcoin-hit-in-may-2026,2132786,"Will Bitcoin dip to $35,000 in May?",May 2026,below,35000.00000000,2026-06-01T04:00:00Z,18.29166667,79374.00000000,IBIT,45.15000000,CBOE delayed,cme_snapshot,1.09250000,0.36800000,0.00017804,0.00017804,0.00250000,0.00200000,0.00300000,0.00100000,live_clob,126925.35656000,864950.36315700,,,,,,,,-0.28219604,0.18219604,sell_yes_or_buy_no,-0.18219604,-0.00996060,,true,false,false,near-fair,79374.00000000,snapshot,0.05191900,2245009928.21999979,0.00000000,,"Options model uses IBIT CBOE delayed; target month-end expiry 2026-05-29, IV expiry 2026-05-29, closest-strike IV sample. Hit/reach market uses tested one-touch probability model; incomplete rows fall back to 2x terminal probability. Strike scaled from underlying options proxy. Polymarket quote refreshed from live CLOB during heatmap generation."
2026-05-13T21,relative_value_heatmap_v2_one_touch,BTC,what-price-will-bitcoin-hit-in-may-2026,2132787,"Will Bitcoin dip to $30,000 in May?",May 2026,below,30000.00000000,2026-06-01T04:00:00Z,18.29166667,79374.00000000,IBIT,45.15000000,CBOE delayed,cme_snapshot,1.09250000,0.36800000,0.00001005,0.00001005,0.00150000,0.00100000,0.00200000,0.00100000,live_clob,200443.94249000,252616.58502700,,,,,,,,-0.19899513,0.09899513,sell_yes_or_buy_no,-0.09899513,-0.00541203,,true,false,false,near-fair,79374.00000000,snapshot,0.05191900,2245009928.21999979,0.00000000,,"Options model uses IBIT CBOE delayed; target month-end expiry 2026-05-29, IV expiry 2026-05-29, closest-strike IV sample. Hit/reach market uses tested one-touch probability model; incomplete rows fall back to 2x terminal probability. Strike scaled from underlying options proxy. Polymarket quote refreshed from live CLOB during heatmap generation."
2026-05-13T21,relative_value_heatmap_v2_one_touch,BTC,what-price-will-bitcoin-hit-in-may-2026,2132785,"Will Bitcoin dip to $40,000 in May?",May 2026,below,40000.00000000,2026-06-01T04:00:00Z,18.29166667,79374.00000000,IBIT,45.15000000,CBOE delayed,cme_snapshot,1.09250000,0.36800000,0.00148786,0.00148786,0.00250000,0.00200000,0.00300000,0.00100000,live_clob,132084.91445000,186589.93163500,,,,,,,,-0.15121401,0.05121401,sell_yes_or_buy_no,-0.05121401,-0.00279985,,true,false,false,near-fair,79374.00000000,snapshot,0.05191900,2245009928.21999979,0.00000000,,"Options model uses IBIT CBOE delayed; target month-end expiry 2026-05-29, IV expiry 2026-05-29, closest-strike IV sample. Hit/reach market uses tested one-touch probability model; incomplete rows fall back to 2x terminal probability. Strike scaled from underlying options proxy. Polymarket quote refreshed from live CLOB during heatmap generation."
2026-05-13T21,relative_value_heatmap_v2_one_touch,BTC,what-price-will-bitcoin-hit-in-may-2026,2132782,"Will Bitcoin dip to $55,000 in May?",May 2026,below,55000.00000000,2026-06-01T04:00:00Z,18.29166667,79374.00000000,IBIT,45.15000000,CBOE delayed,cme_snapshot,0.77532500,0.36800000,0.01237225,0.01625245,0.01550000,0.01500000,0.01600000,0.00100000,live_clob,102886.16269000,591182.83092000,,,,,,,,0.02524505,-0.12524505,buy_yes,0.02524505,0.00138014,,true,false,false,near-fair,79374.00000000,snapshot,0.05191900,2245009928.21999979,0.00000000,,"Options model uses IBIT CBOE delayed; target month-end expiry 2026-05-29, IV expiry 2026-05-29, closest-strike IV sample. Hit/reach market uses tested one-touch probability model; incomplete rows fall back to 2x terminal probability. Strike scaled from underlying options proxy. Polymarket quote refreshed from live CLOB during heatmap generation."
2026-05-13T21,relative_value_heatmap_v2_one_touch,ETH,what-price-will-ethereum-hit-in-may-2026,2132788,"Will Ethereum reach $5,000 in May?",May 2026,above,5000.00000000,2026-06-01T04:00:00Z,18.29166667,2256.60000000,ETHA,17.05500000,CBOE delayed,cme_snapshot,1.04360000,,0.00005877,0.00027397,0.00050000,0.00000000,0.00100000,0.00100000,snapshot,165828.93581000,466153.35057400,0.45132000,0.00110786,cheap_vs_underlying_cap_bearish,,,,,-0.07260306,0.02260306,sell_yes_or_buy_no,-0.02260306,-0.00123570,,true,false,false,near-fair,2256.60000000,snapshot,0.10950000,1335567276.16000009,0.00000000,extreme_perp_funding;cheap_vs_underlying_cap_bearish;pm_quote_from_snapshot,"Options model uses ETHA CBOE delayed; target month-end expiry 2026-05-29, IV expiry 2026-05-29, closest-strike IV sample. Hit/reach market uses tested one-touch probability model; incomplete rows fall back to 2x terminal probability. Underlying upside cap YES price is 45.1%; PM trades at 0% of cap."
2026-05-13T21,relative_value_heatmap_v2_one_touch,GOLD,gc-over-under-jun-2026,1032291,"Will Gold (GC) settle over $4,800 on the final trading day of June 2026?",June 2026,above,4800.00000000,2026-06-30T17:30:00Z,47.85416667,4691.50000000,GOLD_VALUATION_IV,4691.50000000,,valuations_fallback,0.23100000,0.22100000,0.37563794,0.37563794,0.54000000,0.50000000,0.58000000,0.08000000,live_clob,714.81280000,8176.59800200,,,,,,,,-20.43620621,12.43620621,sell_yes_or_buy_no,-12.43620621,-0.25987719,,false,false,false,short-rich-tail,4691.50000000,snapshot,0.63679100,135635270.59999999,0.00000000,wide_pm_spread;low_pm_liquidity;extreme_perp_funding,Options model falls back to latest gold_opt_iv_30d from daily-valuations.csv. Polymarket quote refreshed from live CLOB during heatmap generation.
2026-05-13T21,relative_value_heatmap_v2_one_touch,GOLD,gc-over-under-jun-2026,1032289,"Will Gold (GC) settle over $5,200 on the final trading day of June 2026?",June 2026,above,5200.00000000,2026-06-30T17:30:00Z,47.85416667,4691.50000000,GOLD_VALUATION_IV,4691.50000000,,valuations_fallback,0.23100000,0.22100000,0.10004446,0.10004446,0.21000000,0.18000000,0.24000000,0.06000000,live_clob,408.33110000,2936.67627700,,,,,,,,-13.99555396,7.99555396,sell_yes_or_buy_no,-7.99555396,-0.16708167,,false,false,false,mild-short-rich-tail,4691.50000000,snapshot,0.63679100,135635270.59999999,0.00000000,wide_pm_spread;low_pm_liquidity;extreme_perp_funding,Options model falls back to latest gold_opt_iv_30d from daily-valuations.csv. Polymarket quote refreshed from live CLOB during heatmap generation.
2026-05-13T21,relative_value_heatmap_v2_one_touch,GOLD,gc-over-under-jun-2026,1032288,"Will Gold (GC) settle over $5,400 on the final trading day of June 2026?",June 2026,above,5400.00000000,2026-06-30T17:30:00Z,47.85416667,4691.50000000,GOLD_VALUATION_IV,4691.50000000,,valuations_fallback,0.23100000,0.22100000,0.04128304,0.04128304,0.13500000,0.11000000,0.16000000,0.05000000,live_clob,482.14650000,1315.89746900,,,,,,,,-11.87169565,6.87169565,sell_yes_or_buy_no,-6.87169565,-0.14359660,,false,false,false,mild-short-rich-tail,4691.50000000,snapshot,0.63679100,135635270.59999999,0.00000000,wide_pm_spread;low_pm_liquidity;extreme_perp_funding,Options model falls back to latest gold_opt_iv_30d from daily-valuations.csv. Polymarket quote refreshed from live CLOB during heatmap generation.
2026-05-13T21,relative_value_heatmap_v2_one_touch,GOLD,gc-over-under-jun-2026,1032287,"Will Gold (GC) settle over $5,600 on the final trading day of June 2026?",June 2026,above,5600.00000000,2026-06-30T17:30:00Z,47.85416667,4691.50000000,GOLD_VALUATION_IV,4691.50000000,,valuations_fallback,0.23100000,0.22100000,0.01484737,0.01484737,0.10000000,0.08000000,0.12000000,0.04000000,live_clob,619.01400000,2429.44788800,,,,,,,,-10.51526284,6.51526284,sell_yes_or_buy_no,-6.51526284,-0.13614829,,false,false,false,mild-short-rich-tail,4691.50000000,snapshot,0.63679100,135635270.59999999,0.00000000,low_pm_liquidity;extreme_perp_funding,Options model falls back to latest gold_opt_iv_30d from daily-valuations.csv. Polymarket quote refreshed from live CLOB during heatmap generation.
2026-05-13T21,relative_value_heatmap_v2_one_touch,GOLD,gc-hit-jun-2026,2182670,"Will Gold (GC) hit (LOW) $4,600 by end of June?",June 2026,below,4600.00000000,2026-06-30T17:30:00Z,47.85416667,4691.50000000,GOLD_VALUATION_IV,4691.50000000,,valuations_fallback,0.23100000,0.22100000,0.42238591,0.78040141,0.72500000,0.61000000,0.84000000,0.23000000,live_clob,3046.74200000,5.96490700,,,,,,,,-5.95985941,-17.04014059,avoid_buy_yes,-5.95985941,-0.12454212,,false,false,false,mild-short-rich-tail,4691.50000000,snapshot,0.63679100,135635270.59999999,0.00000000,wide_pm_spread;extreme_perp_funding,Options model falls back to latest gold_opt_iv_30d from daily-valuations.csv. Hit/reach market uses tested one-touch probability model; incomplete rows fall back to 2x terminal probability. Polymarket quote refreshed from live CLOB during heatmap generation.
2026-05-13T21,relative_value_heatmap_v2_one_touch,GOLD,gc-over-under-jun-2026,1032290,"Will Gold (GC) settle over $5,000 on the final trading day of June 2026?",June 2026,above,5000.00000000,2026-06-30T17:30:00Z,47.85416667,4691.50000000,GOLD_VALUATION_IV,4691.50000000,,valuations_fallback,0.23100000,0.22100000,0.20932262,0.20932262,0.28000000,0.26000000,0.30000000,0.04000000,live_clob,489.18460000,1662.77335700,,,,,,,,-9.06773796,5.06773796,sell_yes_or_buy_no,-5.06773796,-0.10589962,,false,false,false,mild-short-rich-tail,4691.50000000,snapshot,0.63679100,135635270.59999999,0.00000000,low_pm_liquidity;extreme_perp_funding,Options model falls back to latest gold_opt_iv_30d from daily-valuations.csv. Polymarket quote refreshed from live CLOB during heatmap generation.
2026-05-13T21,relative_value_heatmap_v2_one_touch,GOLD,gc-settle-jun-2026,1032257,"Will Gold (GC) settle at $4,200-$4,600 in June?",June 2026,above,4400.00000000,2026-06-30T17:30:00Z,47.85416667,4691.50000000,GOLD_VALUATION_IV,4691.50000000,,valuations_fallback,0.23100000,0.22100000,0.32417372,0.32417372,0.27000000,0.26000000,0.28000000,0.02000000,live_clob,1581.12029000,55239.93850300,,,,1.01600000,0.01600000,0.03650000,0.01050000,4.41737158,-6.41737158,buy_yes,4.41737158,0.09230903,,true,false,false,near-fair,4691.50000000,snapshot,0.63679100,135635270.59999999,0.00000000,extreme_perp_funding,Options model falls back to latest gold_opt_iv_30d from daily-valuations.csv. Settlement bucket modeled as probability between 4200 and 4600. Polymarket quote refreshed from live CLOB during heatmap generation.
2026-05-13T21,relative_value_heatmap_v2_one_touch,GOLD,gc-settle-jun-2026,1032261,"Will Gold (GC) settle at $5,400-$5,800 in June?",June 2026,above,5600.00000000,2026-06-30T17:30:00Z,47.85416667,4691.50000000,GOLD_VALUATION_IV,4691.50000000,,valuations_fallback,0.23100000,0.22100000,0.03657975,0.03657975,0.09000000,0.08000000,0.10000000,0.02000000,live_clob,2703.27450000,54680.59742400,,,,1.01600000,0.01600000,0.03650000,0.01050000,-6.34202494,4.34202494,sell_yes_or_buy_no,-4.34202494,-0.09073452,,true,false,false,near-fair,4691.50000000,snapshot,0.63679100,135635270.59999999,0.00000000,extreme_perp_funding,Options model falls back to latest gold_opt_iv_30d from daily-valuations.csv. Settlement bucket modeled as probability between 5400 and 5800. Polymarket quote refreshed from live CLOB during heatmap generation.
2026-05-13T21,relative_value_heatmap_v2_one_touch,GOLD,gc-over-under-jun-2026,1032286,"Will Gold (GC) settle over $5,800 on the final trading day of June 2026?",June 2026,above,5800.00000000,2026-06-30T17:30:00Z,47.85416667,4691.50000000,GOLD_VALUATION_IV,4691.50000000,,valuations_fallback,0.23100000,0.22100000,0.00470329,0.00470329,0.08200000,0.04800000,0.11600000,0.06800000,live_clob,458.75191000,7528.27715400,,,,,,,,-11.12967071,4.32967071,sell_yes_or_buy_no,-4.32967071,-0.09047636,,false,false,false,near-fair,4691.50000000,snapshot,0.63679100,135635270.59999999,0.00000000,wide_pm_spread;low_pm_liquidity;extreme_perp_funding,Options model falls back to latest gold_opt_iv_30d from daily-valuations.csv. Polymarket quote refreshed from live CLOB during heatmap generation.
2026-05-13T21,relative_value_heatmap_v2_one_touch,GOLD,gc-hit-jun-2026,1272712,"Will Gold (GC) hit (HIGH) $5,700 by end of June?",June 2026,above,5700.00000000,2026-06-30T17:30:00Z,47.85416667,4691.50000000,GOLD_VALUATION_IV,4691.50000000,,valuations_fallback,0.23100000,0.22100000,0.00848447,0.02120147,0.06200000,0.05700000,0.06700000,0.01000000,live_clob,18083.89408000,100095.53832100,0.82307018,0.07532772,cheap_vs_underlying_cap_bearish,,,,,-4.57985297,3.57985297,sell_yes_or_buy_no,-3.57985297,-0.07480755,,true,false,false,near-fair,4691.50000000,snapshot,0.63679100,135635270.59999999,0.00000000,extreme_perp_funding;cheap_vs_underlying_cap_bearish,Options model falls back to latest gold_opt_iv_30d from daily-valuations.csv. Hit/reach market uses tested one-touch probability model; incomplete rows fall back to 2x terminal probability. Polymarket quote refreshed from live CLOB during heatmap generation. Underlying upside cap YES price is 82.3%; PM trades at 8% of cap.
2026-05-13T21,relative_value_heatmap_v2_one_touch,GOLD,gc-over-under-jun-2026,1032285,"Will Gold (GC) settle over $6,000 on the final trading day of June 2026?",June 2026,above,6000.00000000,2026-06-30T17:30:00Z,47.85416667,4691.50000000,GOLD_VALUATION_IV,4691.50000000,,valuations_fallback,0.23100000,0.22100000,0.00132637,0.00132637,0.04850000,0.03700000,0.06000000,0.02300000,live_clob,756.38925000,2721.52390900,,,,,,,,-5.86736346,3.56736346,sell_yes_or_buy_no,-3.56736346,-0.07454656,,false,false,false,near-fair,4691.50000000,snapshot,0.63679100,135635270.59999999,0.00000000,low_pm_liquidity;extreme_perp_funding,Options model falls back to latest gold_opt_iv_30d from daily-valuations.csv. Polymarket quote refreshed from live CLOB during heatmap generation.
2026-05-13T21,relative_value_heatmap_v2_one_touch,GOLD,gc-hit-jun-2026,1032279,"Will Gold (GC) hit (LOW) $3,800 by end of June?",June 2026,below,3800.00000000,2026-06-30T17:30:00Z,47.85416667,4691.50000000,GOLD_VALUATION_IV,4691.50000000,,valuations_fallback,0.23100000,0.22100000,0.00625196,0.00986297,0.04400000,0.04300000,0.04500000,0.00200000,live_clob,12499.37794000,87840.00832000,,,,,,,,-3.51370261,3.31370261,sell_yes_or_buy_no,-3.31370261,-0.06924585,,true,false,false,near-fair,4691.50000000,snapshot,0.63679100,135635270.59999999,0.00000000,extreme_perp_funding,Options model falls back to latest gold_opt_iv_30d from daily-valuations.csv. Hit/reach market uses tested one-touch probability model; incomplete rows fall back to 2x terminal probability. Polymarket quote refreshed from live CLOB during heatmap generation.
2026-05-13T21,relative_value_heatmap_v2_one_touch,GOLD,gc-settle-jun-2026,1032259,"Will Gold (GC) settle at $4,600-$5,000 in June?",June 2026,above,4800.00000000,2026-06-30T17:30:00Z,47.85416667,4691.50000000,GOLD_VALUATION_IV,4691.50000000,,valuations_fallback,0.23100000,0.22100000,0.36829147,0.36829147,0.33000000,0.32000000,0.34000000,0.02000000,live_clob,1839.62930000,49227.84105200,,,,1.01600000,0.01600000,0.03650000,0.01050000,2.82914655,-4.82914655,buy_yes,2.82914655,0.05912017,,true,false,false,near-fair,4691.50000000,snapshot,0.63679100,135635270.59999999,0.00000000,extreme_perp_funding,Options model falls back to latest gold_opt_iv_30d from daily-valuations.csv. Settlement bucket modeled as probability between 4600 and 5000. Polymarket quote refreshed from live CLOB during heatmap generation.
2026-05-13T21,relative_value_heatmap_v2_one_touch,GOLD,gc-hit-jun-2026,1032280,"Will Gold (GC) hit (LOW) $3,400 by end of June?",June 2026,below,3400.00000000,2026-06-30T17:30:00Z,47.85416667,4691.50000000,GOLD_VALUATION_IV,4691.50000000,,valuations_fallback,0.23100000,0.22100000,0.00006212,0.00008832,0.03150000,0.02800000,0.03500000,0.00700000,live_clob,15474.33394000,367715.91106800,,,,,,,,-3.49116800,2.79116800,sell_yes_or_buy_no,-2.79116800,-0.05832654,,true,false,false,near-fair,4691.50000000,snapshot,0.63679100,135635270.59999999,0.00000000,extreme_perp_funding,Options model falls back to latest gold_opt_iv_30d from daily-valuations.csv. Hit/reach market uses tested one-touch probability model; incomplete rows fall back to 2x terminal probability. Polymarket quote refreshed from live CLOB during heatmap generation.
2026-05-13T21,relative_value_heatmap_v2_one_touch,GOLD,gc-over-under-jun-2026,1032284,"Will Gold (GC) settle over $6,200 on the final trading day of June 2026?",June 2026,above,6200.00000000,2026-06-30T17:30:00Z,47.85416667,4691.50000000,GOLD_VALUATION_IV,4691.50000000,,valuations_fallback,0.23100000,0.22100000,0.00033644,0.00033644,0.03850000,0.02800000,0.04900000,0.02100000,live_clob,994.11083000,7698.23657000,,,,,,,,-4.86635618,2.76635618,sell_yes_or_buy_no,-2.76635618,-0.05780805,,false,false,false,near-fair,4691.50000000,snapshot,0.63679100,135635270.59999999,0.00000000,low_pm_liquidity;extreme_perp_funding,Options model falls back to latest gold_opt_iv_30d from daily-valuations.csv. Polymarket quote refreshed from live CLOB during heatmap generation.
2026-05-13T21,relative_value_heatmap_v2_one_touch,GOLD,gc-hit-jun-2026,2001179,"Will Gold (GC) hit (LOW) $4,400 by end of June?",June 2026,below,4400.00000000,2026-06-30T17:30:00Z,47.85416667,4691.50000000,GOLD_VALUATION_IV,4691.50000000,,valuations_fallback,0.23100000,0.22100000,0.23228555,0.41544838,0.37000000,0.35000000,0.39000000,0.04000000,live_clob,1972.50950000,21205.55862100,,,,,,,,2.54483815,-6.54483815,buy_yes,2.54483815,0.05317903,,true,false,false,near-fair,4691.50000000,snapshot,0.63679100,135635270.59999999,0.00000000,extreme_perp_funding,Options model falls back to latest gold_opt_iv_30d from daily-valuations.csv. Hit/reach market uses tested one-touch probability model; incomplete rows fall back to 2x terminal probability. Polymarket quote refreshed from live CLOB during heatmap generation.
2026-05-13T21,relative_value_heatmap_v2_one_touch,GOLD,gc-hit-jun-2026,1032271,"Will Gold (GC) hit (HIGH) $6,000 by end of June?",June 2026,above,6000.00000000,2026-06-30T17:30:00Z,47.85416667,4691.50000000,GOLD_VALUATION_IV,4691.50000000,,valuations_fallback,0.23100000,0.22100000,0.00132637,0.00347401,0.02900000,0.02700000,0.03100000,0.00400000,live_clob,25441.41462000,308192.54651600,0.78191667,0.03708835,cheap_vs_underlying_cap_bearish,,,,,-2.75259926,2.35259926,sell_yes_or_buy_no,-2.35259926,-0.04916185,,true,false,false,near-fair,4691.50000000,snapshot,0.63679100,135635270.59999999,0.00000000,extreme_perp_funding;cheap_vs_underlying_cap_bearish,Options model falls back to latest gold_opt_iv_30d from daily-valuations.csv. Hit/reach market uses tested one-touch probability model; incomplete rows fall back to 2x terminal probability. Polymarket quote refreshed from live CLOB during heatmap generation. Underlying upside cap YES price is 78.2%; PM trades at 4% of cap.
2026-05-13T21,relative_value_heatmap_v2_one_touch,GOLD,gc-settle-jun-2026,1032263,"Will Gold (GC) settle at >$6,200 in June?",June 2026,above,6200.00000000,2026-06-30T17:30:00Z,47.85416667,4691.50000000,GOLD_VALUATION_IV,4691.50000000,,valuations_fallback,0.23100000,0.22100000,0.00033644,0.00033644,0.02350000,0.02300000,0.02400000,0.00100000,live_clob,20376.60236000,199044.91983300,,,,1.01600000,0.01600000,0.03650000,0.01050000,-2.36635618,2.26635618,sell_yes_or_buy_no,-2.26635618,-0.04735964,,true,false,false,near-fair,4691.50000000,snapshot,0.63679100,135635270.59999999,0.00000000,extreme_perp_funding,Options model falls back to latest gold_opt_iv_30d from daily-valuations.csv. Polymarket quote refreshed from live CLOB during heatmap generation.
2026-05-13T21,relative_value_heatmap_v2_one_touch,GOLD,gc-over-under-jun-2026,1032292,"Will Gold (GC) settle over $4,600 on the final trading day of June 2026?",June 2026,above,4600.00000000,2026-06-30T17:30:00Z,47.85416667,4691.50000000,GOLD_VALUATION_IV,4691.50000000,,valuations_fallback,0.23100000,0.22100000,0.57761409,0.57761409,0.65000000,0.60000000,0.70000000,0.10000000,live_clob,547.97950000,8989.54464500,,,,,,,,-12.23859141,2.23859141,sell_yes_or_buy_no,-2.23859141,-0.04677945,,false,false,false,near-fair,4691.50000000,snapshot,0.63679100,135635270.59999999,0.00000000,wide_pm_spread;low_pm_liquidity;extreme_perp_funding,Options model falls back to latest gold_opt_iv_30d from daily-valuations.csv. Polymarket quote refreshed from live CLOB during heatmap generation.
2026-05-13T21,relative_value_heatmap_v2_one_touch,GOLD,gc-hit-jun-2026,2001247,"Will Gold (GC) hit (HIGH) $5,200 by end of June?",June 2026,above,5200.00000000,2026-06-30T17:30:00Z,47.85416667,4691.50000000,GOLD_VALUATION_IV,4691.50000000,,valuations_fallback,0.23100000,0.22100000,0.10004446,0.23080190,0.20000000,0.19000000,0.21000000,0.02000000,live_clob,2949.85930000,19500.64879800,0.90221154,0.22167750,cheap_vs_underlying_cap_bearish,,,,,2.08018975,-4.08018975,buy_yes,2.08018975,0.04346935,,true,false,false,near-fair,4691.50000000,snapshot,0.63679100,135635270.59999999,0.00000000,extreme_perp_funding;cheap_vs_underlying_cap_bearish,Options model falls back to latest gold_opt_iv_30d from daily-valuations.csv. Hit/reach market uses tested one-touch probability model; incomplete rows fall back to 2x terminal probability. Polymarket quote refreshed from live CLOB during heatmap generation. Underlying upside cap YES price is 90.2%; PM trades at 22% of cap.
2026-05-13T21,relative_value_heatmap_v2_one_touch,GOLD,gc-hit-jun-2026,1032272,"Will Gold (GC) hit (HIGH) $5,500 by end of June?",June 2026,above,5500.00000000,2026-06-30T17:30:00Z,47.85416667,4691.50000000,GOLD_VALUATION_IV,4691.50000000,,valuations_fallback,0.23100000,0.22100000,0.02517053,0.06092326,0.08150000,0.08000000,0.08300000,0.00300000,live_clob,16615.29751000,1278731.01573100,0.85300000,0.09554513,cheap_vs_underlying_cap_bearish,,,,,-2.20767449,1.90767449,sell_yes_or_buy_no,-1.90767449,-0.03986433,,true,false,false,near-fair,4691.50000000,snapshot,0.63679100,135635270.59999999,0.00000000,extreme_perp_funding;cheap_vs_underlying_cap_bearish,Options model falls back to latest gold_opt_iv_30d from daily-valuations.csv. Hit/reach market uses tested one-touch probability model; incomplete rows fall back to 2x terminal probability. Polymarket quote refreshed from live CLOB during heatmap generation. Underlying upside cap YES price is 85.3%; PM trades at 10% of cap.
2026-05-13T21,relative_value_heatmap_v2_one_touch,GOLD,gc-over-under-jun-2026,1032283,"Will Gold (GC) settle over $6,500 on the final trading day of June 2026?",June 2026,above,6500.00000000,2026-06-30T17:30:00Z,47.85416667,4691.50000000,GOLD_VALUATION_IV,4691.50000000,,valuations_fallback,0.23100000,0.22100000,0.00003598,0.00003598,0.02400000,0.01700000,0.03100000,0.01400000,live_clob,1007.39593000,2429.60951900,,,,,,,,-3.09640174,1.69640174,sell_yes_or_buy_no,-1.69640174,-0.03544941,,true,false,false,near-fair,4691.50000000,snapshot,0.63679100,135635270.59999999,0.00000000,extreme_perp_funding,Options model falls back to latest gold_opt_iv_30d from daily-valuations.csv. Polymarket quote refreshed from live CLOB during heatmap generation.
2026-05-13T21,relative_value_heatmap_v2_one_touch,GOLD,gc-hit-jun-2026,1032269,"Will Gold (GC) hit (HIGH) $6,500 by end of June?",June 2026,above,6500.00000000,2026-06-30T17:30:00Z,47.85416667,4691.50000000,GOLD_VALUATION_IV,4691.50000000,,valuations_fallback,0.23100000,0.22100000,0.00003598,0.00010162,0.01750000,0.01700000,0.01800000,0.00100000,live_clob,7822.83266000,259941.66361500,0.72176923,0.02424598,cheap_vs_underlying_cap_bearish,,,,,-1.78983800,1.68983800,sell_yes_or_buy_no,-1.68983800,-0.03531224,,true,false,false,near-fair,4691.50000000,snapshot,0.63679100,135635270.59999999,0.00000000,extreme_perp_funding;cheap_vs_underlying_cap_bearish,Options model falls back to latest gold_opt_iv_30d from daily-valuations.csv. Hit/reach market uses tested one-touch probability model; incomplete rows fall back to 2x terminal probability. Polymarket quote refreshed from live CLOB during heatmap generation. Underlying upside cap YES price is 72.2%; PM trades at 2% of cap.
2026-05-13T21,relative_value_heatmap_v2_one_touch,GOLD,gc-settle-jun-2026,1032262,"Will Gold (GC) settle at $5,800-$6,200 in June?",June 2026,above,6000.00000000,2026-06-30T17:30:00Z,47.85416667,4691.50000000,GOLD_VALUATION_IV,4691.50000000,,valuations_fallback,0.23100000,0.22100000,0.00436685,0.00436685,0.02150000,0.02100000,0.02200000,0.00100000,live_clob,4862.92233000,246405.21043600,,,,1.01600000,0.01600000,0.03650000,0.01050000,-1.76331453,1.66331453,sell_yes_or_buy_no,-1.66331453,-0.03475799,,true,false,false,near-fair,4691.50000000,snapshot,0.63679100,135635270.59999999,0.00000000,extreme_perp_funding,Options model falls back to latest gold_opt_iv_30d from daily-valuations.csv. Settlement bucket modeled as probability between 5800 and 6200. Polymarket quote refreshed from live CLOB during heatmap generation.
2026-05-13T21,relative_value_heatmap_v2_one_touch,GOLD,gc-hit-jun-2026,2001245,"Will Gold (GC) hit (HIGH) $5,100 by end of June?",June 2026,above,5100.00000000,2026-06-30T17:30:00Z,47.85416667,4691.50000000,GOLD_VALUATION_IV,4691.50000000,,valuations_fallback,0.23100000,0.22100000,0.14746851,0.33487048,0.34000000,0.33000000,0.35000000,0.02000000,live_clob,3501.88110000,28520.14233000,0.91990196,0.36960460,mid_underlying_cap_ratio,,,,,-1.51295155,-0.48704845,avoid_buy_yes,-1.51295155,-0.03161588,,false,false,false,near-fair,4691.50000000,snapshot,0.63679100,135635270.59999999,0.00000000,extreme_perp_funding,Options model falls back to latest gold_opt_iv_30d from daily-valuations.csv. Hit/reach market uses tested one-touch probability model; incomplete rows fall back to 2x terminal probability. Polymarket quote refreshed from live CLOB during heatmap generation. Underlying upside cap YES price is 92.0%; PM trades at 37% of cap.
2026-05-13T21,relative_value_heatmap_v2_one_touch,GOLD,gc-hit-jun-2026,1032270,"Will Gold (GC) hit (HIGH) $6,200 by end of June?",June 2026,above,6200.00000000,2026-06-30T17:30:00Z,47.85416667,4691.50000000,GOLD_VALUATION_IV,4691.50000000,,valuations_fallback,0.23100000,0.22100000,0.00033644,0.00090861,0.02250000,0.01600000,0.02900000,0.01300000,live_clob,13034.20539000,104101.80850500,0.75669355,0.02973463,cheap_vs_underlying_cap_bearish,,,,,-2.80913937,1.50913937,sell_yes_or_buy_no,-1.50913937,-0.03153622,,true,false,false,near-fair,4691.50000000,snapshot,0.63679100,135635270.59999999,0.00000000,extreme_perp_funding;cheap_vs_underlying_cap_bearish,Options model falls back to latest gold_opt_iv_30d from daily-valuations.csv. Hit/reach market uses tested one-touch probability model; incomplete rows fall back to 2x terminal probability. Polymarket quote refreshed from live CLOB during heatmap generation. Underlying upside cap YES price is 75.7%; PM trades at 3% of cap.
2026-05-13T21,relative_value_heatmap_v2_one_touch,GOLD,gc-hit-jun-2026,1032268,"Will Gold (GC) hit (HIGH) $7,000 by end of June?",June 2026,above,7000.00000000,2026-06-30T17:30:00Z,47.85416667,4691.50000000,GOLD_VALUATION_IV,4691.50000000,,valuations_fallback,0.23100000,0.22100000,0.00000058,0.00000176,0.01650000,0.01500000,0.01800000,0.00300000,live_clob,14066.22741000,543519.96721100,0.67021429,0.02461899,cheap_vs_underlying_cap_bearish,,,,,-1.79982430,1.49982430,sell_yes_or_buy_no,-1.49982430,-0.03134156,,true,false,false,near-fair,4691.50000000,snapshot,0.63679100,135635270.59999999,0.00000000,extreme_perp_funding;cheap_vs_underlying_cap_bearish,Options model falls back to latest gold_opt_iv_30d from daily-valuations.csv. Hit/reach market uses tested one-touch probability model; incomplete rows fall back to 2x terminal probability. Polymarket quote refreshed from live CLOB during heatmap generation. Underlying upside cap YES price is 67.0%; PM trades at 2% of cap.
2026-05-13T21,relative_value_heatmap_v2_one_touch,GOLD,gc-over-under-jun-2026,1032282,"Will Gold (GC) settle over $7,000 on the final trading day of June 2026?",June 2026,above,7000.00000000,2026-06-30T17:30:00Z,47.85416667,4691.50000000,GOLD_VALUATION_IV,4691.50000000,,valuations_fallback,0.23100000,0.22100000,0.00000058,0.00000058,0.01450000,0.01400000,0.01500000,0.00100000,live_clob,1086.09752000,22446.05336200,,,,,,,,-1.49994205,1.39994205,sell_yes_or_buy_no,-1.39994205,-0.02925434,,true,false,false,near-fair,4691.50000000,snapshot,0.63679100,135635270.59999999,0.00000000,extreme_perp_funding,Options model falls back to latest gold_opt_iv_30d from daily-valuations.csv. Polymarket quote refreshed from live CLOB during heatmap generation.
2026-05-13T21,relative_value_heatmap_v2_one_touch,GOLD,gc-hit-jun-2026,1032267,"Will Gold (GC) hit (HIGH) $8,000 by end of June?",June 2026,above,8000.00000000,2026-06-30T17:30:00Z,47.85416667,4691.50000000,GOLD_VALUATION_IV,4691.50000000,,valuations_fallback,0.23100000,0.22100000,0.00000000,0.00000000,0.01450000,0.01200000,0.01700000,0.00500000,live_clob,10903.10403000,345963.37364400,0.58643750,0.02472557,cheap_vs_underlying_cap_bearish,,,,,-1.69999998,1.19999998,sell_yes_or_buy_no,-1.19999998,-0.02507619,,true,false,false,near-fair,4691.50000000,snapshot,0.63679100,135635270.59999999,0.00000000,extreme_perp_funding;cheap_vs_underlying_cap_bearish,Options model falls back to latest gold_opt_iv_30d from daily-valuations.csv. Hit/reach market uses tested one-touch probability model; incomplete rows fall back to 2x terminal probability. Polymarket quote refreshed from live CLOB during heatmap generation. Underlying upside cap YES price is 58.6%; PM trades at 2% of cap.
2026-05-13T21,relative_value_heatmap_v2_one_touch,GOLD,gc-over-under-jun-2026,1032281,"Will Gold (GC) settle over $8,000 on the final trading day of June 2026?",June 2026,above,8000.00000000,2026-06-30T17:30:00Z,47.85416667,4691.50000000,GOLD_VALUATION_IV,4691.50000000,,valuations_fallback,0.23100000,0.22100000,0.00000000,0.00000000,0.02050000,0.01100000,0.03000000,0.01900000,live_clob,2292.35753000,2684.02362500,,,,,,,,-3.00000000,1.10000000,sell_yes_or_buy_no,-1.10000000,-0.02298650,,true,false,false,near-fair,4691.50000000,snapshot,0.63679100,135635270.59999999,0.00000000,extreme_perp_funding,Options model falls back to latest gold_opt_iv_30d from daily-valuations.csv. Polymarket quote refreshed from live CLOB during heatmap generation.
2026-05-13T21,relative_value_heatmap_v2_one_touch,GOLD,gc-hit-jun-2026,2001237,"Will Gold (GC) hit (HIGH) $5,000 by end of June?",June 2026,above,5000.00000000,2026-06-30T17:30:00Z,47.85416667,4691.50000000,GOLD_VALUATION_IV,4691.50000000,,valuations_fallback,0.23100000,0.22100000,0.20932262,0.46797896,0.45000000,0.44000000,0.46000000,0.02000000,live_clob,7025.83160000,42855.37940000,0.93830000,0.47959075,mid_underlying_cap_ratio,,,,,0.79789601,-2.79789601,buy_yes,0.79789601,0.01667349,,true,false,false,near-fair,4691.50000000,snapshot,0.63679100,135635270.59999999,0.00000000,extreme_perp_funding,Options model falls back to latest gold_opt_iv_30d from daily-valuations.csv. Hit/reach market uses tested one-touch probability model; incomplete rows fall back to 2x terminal probability. Polymarket quote refreshed from live CLOB during heatmap generation. Underlying upside cap YES price is 93.8%; PM trades at 48% of cap.
2026-05-13T21,relative_value_heatmap_v2_one_touch,GOLD,gc-settle-jun-2026,1032260,"Will Gold (GC) settle at $5,000-$5,400 in June?",June 2026,above,5200.00000000,2026-06-30T17:30:00Z,47.85416667,4691.50000000,GOLD_VALUATION_IV,4691.50000000,,valuations_fallback,0.23100000,0.22100000,0.16803958,0.16803958,0.16550000,0.15500000,0.17600000,0.02100000,live_clob,2217.82448000,61460.11779300,,,,1.01600000,0.01600000,0.03650000,0.01050000,-0.79604231,-1.30395769,avoid_buy_yes,-0.79604231,-0.01663475,,false,false,false,near-fair,4691.50000000,snapshot,0.63679100,135635270.59999999,0.00000000,extreme_perp_funding,Options model falls back to latest gold_opt_iv_30d from daily-valuations.csv. Settlement bucket modeled as probability between 5000 and 5400. Polymarket quote refreshed from live CLOB during heatmap generation.
2026-05-13T21,relative_value_heatmap_v2_one_touch,GOLD,gc-hit-jun-2026,2001189,"Will Gold (GC) hit (LOW) $4,500 by end of June?",June 2026,below,4500.00000000,2026-06-30T17:30:00Z,47.85416667,4691.50000000,GOLD_VALUATION_IV,4691.50000000,,valuations_fallback,0.23100000,0.22100000,0.32254584,0.58672084,0.57500000,0.57000000,0.58000000,0.01000000,live_clob,1017.10470000,30126.54113200,,,,,,,,0.67208434,-1.67208434,buy_yes,0.67208434,0.01404443,,true,false,false,near-fair,4691.50000000,snapshot,0.63679100,135635270.59999999,0.00000000,extreme_perp_funding,Options model falls back to latest gold_opt_iv_30d from daily-valuations.csv. Hit/reach market uses tested one-touch probability model; incomplete rows fall back to 2x terminal probability. Polymarket quote refreshed from live CLOB during heatmap generation.
2026-05-13T21,relative_value_heatmap_v2_one_touch,GOLD,gc-settle-jun-2026,1032255,"Will Gold (GC) settle at <$3,800 in June?",June 2026,below,3800.00000000,2026-06-30T17:30:00Z,47.85416667,4691.50000000,GOLD_VALUATION_IV,4691.50000000,,valuations_fallback,0.23100000,0.22100000,0.00625196,0.00625196,0.01300000,0.01200000,0.01400000,0.00200000,live_clob,6545.97877000,226827.19332400,,,,1.01600000,0.01600000,0.03650000,0.01050000,-0.77480373,0.57480373,sell_yes_or_buy_no,-0.57480373,-0.01201157,,true,false,false,near-fair,4691.50000000,snapshot,0.63679100,135635270.59999999,0.00000000,extreme_perp_funding,Options model falls back to latest gold_opt_iv_30d from daily-valuations.csv. Polymarket quote refreshed from live CLOB during heatmap generation.
2026-05-13T21,relative_value_heatmap_v2_one_touch,GOLD,gc-hit-jun-2026,2001188,"Will Gold (GC) hit (LOW) $4,300 by end of June?",June 2026,below,4300.00000000,2026-06-30T17:30:00Z,47.85416667,4691.50000000,GOLD_VALUATION_IV,4691.50000000,,valuations_fallback,0.23100000,0.22100000,0.15665177,0.27513344,0.23500000,0.20000000,0.27000000,0.07000000,live_clob,2158.17850000,27257.69187200,,,,,,,,0.51334439,-7.51334439,buy_yes,0.51334439,0.01072727,,false,false,false,near-fair,4691.50000000,snapshot,0.63679100,135635270.59999999,0.00000000,wide_pm_spread;extreme_perp_funding,Options model falls back to latest gold_opt_iv_30d from daily-valuations.csv. Hit/reach market uses tested one-touch probability model; incomplete rows fall back to 2x terminal probability. Polymarket quote refreshed from live CLOB during heatmap generation.
2026-05-13T21,relative_value_heatmap_v2_one_touch,GOLD,gc-hit-jun-2026,1295945,"Will Gold (GC) hit (HIGH) $10,000 by end of June?",June 2026,above,10000.00000000,2026-06-30T17:30:00Z,47.85416667,4691.50000000,GOLD_VALUATION_IV,4691.50000000,,valuations_fallback,0.23100000,0.22100000,0.00000000,0.00000000,0.00550000,0.00500000,0.00600000,0.00100000,live_clob,14329.41234000,240274.04772900,0.46915000,0.01172333,cheap_vs_underlying_cap_bearish,,,,,-0.60000000,0.50000000,sell_yes_or_buy_no,-0.50000000,-0.01044841,,true,false,false,near-fair,4691.50000000,snapshot,0.63679100,135635270.59999999,0.00000000,extreme_perp_funding;cheap_vs_underlying_cap_bearish,Options model falls back to latest gold_opt_iv_30d from daily-valuations.csv. Hit/reach market uses tested one-touch probability model; incomplete rows fall back to 2x terminal probability. Polymarket quote refreshed from live CLOB during heatmap generation. Underlying upside cap YES price is 46.9%; PM trades at 1% of cap.
2026-05-13T21,relative_value_heatmap_v2_one_touch,GOLD,gc-hit-jun-2026,2251146,"Will Gold (GC) hit (HIGH) $4,800 by end of June?",June 2026,above,4800.00000000,2026-06-30T17:30:00Z,47.85416667,4691.50000000,GOLD_VALUATION_IV,4691.50000000,,valuations_fallback,0.23100000,0.22100000,0.37563794,0.81501995,0.53000000,0.24000000,0.82000000,0.58000000,live_clob,11.39610000,,0.97739583,0.54225727,mid_underlying_cap_ratio,,,,,-0.49800522,-57.50199478,avoid_buy_yes,-0.49800522,-0.01040673,,false,false,false,near-fair,4691.50000000,snapshot,0.63679100,135635270.59999999,0.00000000,wide_pm_spread;low_pm_liquidity;extreme_perp_funding,Options model falls back to latest gold_opt_iv_30d from daily-valuations.csv. Hit/reach market uses tested one-touch probability model; incomplete rows fall back to 2x terminal probability. Polymarket quote refreshed from live CLOB during heatmap generation. Underlying upside cap YES price is 97.7%; PM trades at 54% of cap.
2026-05-13T21,relative_value_heatmap_v2_one_touch,GOLD,gc-hit-jun-2026,1295944,"Will Gold (GC) hit (HIGH) $9,000 by end of June?",June 2026,above,9000.00000000,2026-06-30T17:30:00Z,47.85416667,4691.50000000,GOLD_VALUATION_IV,4691.50000000,,valuations_fallback,0.23100000,0.22100000,0.00000000,0.00000000,0.00600000,0.00400000,0.00800000,0.00400000,live_clob,19736.06104000,118539.71161400,0.52127778,0.01151018,cheap_vs_underlying_cap_bearish,,,,,-0.80000000,0.40000000,sell_yes_or_buy_no,-0.40000000,-0.00835873,,true,false,false,near-fair,4691.50000000,snapshot,0.63679100,135635270.59999999,0.00000000,extreme_perp_funding;cheap_vs_underlying_cap_bearish,Options model falls back to latest gold_opt_iv_30d from daily-valuations.csv. Hit/reach market uses tested one-touch probability model; incomplete rows fall back to 2x terminal probability. Polymarket quote refreshed from live CLOB during heatmap generation. Underlying upside cap YES price is 52.1%; PM trades at 1% of cap.
2026-05-13T21,relative_value_heatmap_v2_one_touch,GOLD,gc-hit-jun-2026,2001248,"Will Gold (GC) hit (HIGH) $5,300 by end of June?",June 2026,above,5300.00000000,2026-06-30T17:30:00Z,47.85416667,4691.50000000,GOLD_VALUATION_IV,4691.50000000,,valuations_fallback,0.23100000,0.22100000,0.06542128,0.15335371,0.13500000,0.12000000,0.15000000,0.03000000,live_clob,17720.58030000,46372.16852900,0.88518868,0.15250986,cheap_vs_underlying_cap_bearish,,,,,0.33537110,-3.33537110,buy_yes,0.33537110,0.00700819,,true,false,false,near-fair,4691.50000000,snapshot,0.63679100,135635270.59999999,0.00000000,extreme_perp_funding;cheap_vs_underlying_cap_bearish,Options model falls back to latest gold_opt_iv_30d from daily-valuations.csv. Hit/reach market uses tested one-touch probability model; incomplete rows fall back to 2x terminal probability. Polymarket quote refreshed from live CLOB during heatmap generation. Underlying upside cap YES price is 88.5%; PM trades at 15% of cap.
2026-05-13T21,relative_value_heatmap_v2_one_touch,GOLD,gc-hit-jun-2026,1272717,"Will Gold (GC) hit (HIGH) $8,500 by end of June?",June 2026,above,8500.00000000,2026-06-30T17:30:00Z,47.85416667,4691.50000000,GOLD_VALUATION_IV,4691.50000000,,valuations_fallback,0.23100000,0.22100000,0.00000000,0.00000000,0.00550000,0.00300000,0.00800000,0.00500000,live_clob,12470.75876000,303194.56885400,0.55194118,0.00996483,cheap_vs_underlying_cap_bearish,,,,,-0.80000000,0.30000000,sell_yes_or_buy_no,-0.30000000,-0.00626905,,true,false,false,near-fair,4691.50000000,snapshot,0.63679100,135635270.59999999,0.00000000,extreme_perp_funding;cheap_vs_underlying_cap_bearish,Options model falls back to latest gold_opt_iv_30d from daily-valuations.csv. Hit/reach market uses tested one-touch probability model; incomplete rows fall back to 2x terminal probability. Polymarket quote refreshed from live CLOB during heatmap generation. Underlying upside cap YES price is 55.2%; PM trades at 1% of cap.
2026-05-13T21,relative_value_heatmap_v2_one_touch,GOLD,gc-settle-jun-2026,1032256,"Will Gold (GC) settle at $3,800-$4,200 in June?",June 2026,above,4000.00000000,2026-06-30T17:30:00Z,47.85416667,4691.50000000,GOLD_VALUATION_IV,4691.50000000,,valuations_fallback,0.23100000,0.22100000,0.09196024,0.09196024,0.08900000,0.08800000,0.09000000,0.00200000,live_clob,11910.78212000,51169.39286500,,,,1.01600000,0.01600000,0.03650000,0.01050000,0.19602355,-0.39602355,buy_yes,0.19602355,0.00409627,,true,false,false,near-fair,4691.50000000,snapshot,0.63679100,135635270.59999999,0.00000000,extreme_perp_funding,Options model falls back to latest gold_opt_iv_30d from daily-valuations.csv. Settlement bucket modeled as probability between 3800 and 4200. Polymarket quote refreshed from live CLOB during heatmap generation.
2026-05-13T21,relative_value_heatmap_v2_one_touch,GOLD,gc-hit-jun-2026,2001254,"Will Gold (GC) hit (HIGH) $5,400 by end of June?",June 2026,above,5400.00000000,2026-06-30T17:30:00Z,47.85416667,4691.50000000,GOLD_VALUATION_IV,4691.50000000,,valuations_fallback,0.23100000,0.22100000,0.04128304,0.09833397,0.10500000,0.10000000,0.11000000,0.01000000,live_clob,15795.77730000,48366.62859300,0.86879630,0.12085687,cheap_vs_underlying_cap_bearish,,,,,-1.16660328,0.16660328,sell_yes_or_buy_no,-0.16660328,-0.00348148,,true,false,false,near-fair,4691.50000000,snapshot,0.63679100,135635270.59999999,0.00000000,extreme_perp_funding;cheap_vs_underlying_cap_bearish,Options model falls back to latest gold_opt_iv_30d from daily-valuations.csv. Hit/reach market uses tested one-touch probability model; incomplete rows fall back to 2x terminal probability. Polymarket quote refreshed from live CLOB during heatmap generation. Underlying upside cap YES price is 86.9%; PM trades at 12% of cap.
2026-05-13T21,relative_value_heatmap_v2_one_touch,GOLD,gc-hit-jun-2026,1032278,"Will Gold (GC) hit (LOW) $4,200 by end of June?",June 2026,below,4200.00000000,2026-06-30T17:30:00Z,47.85416667,4691.50000000,GOLD_VALUATION_IV,4691.50000000,,valuations_fallback,0.23100000,0.22100000,0.09821220,0.16919087,0.16500000,0.16000000,0.17000000,0.01000000,live_clob,6476.24940000,299939.43883200,,,,,,,,-0.08091278,-0.91908722,avoid_buy_yes,-0.08091278,-0.00169082,,false,false,false,near-fair,4691.50000000,snapshot,0.63679100,135635270.59999999,0.00000000,extreme_perp_funding,Options model falls back to latest gold_opt_iv_30d from daily-valuations.csv. Hit/reach market uses tested one-touch probability model; incomplete rows fall back to 2x terminal probability. Polymarket quote refreshed from live CLOB during heatmap generation.
2026-05-13T21,relative_value_heatmap_v2_one_touch,GOLD,gc-hit-jun-2026,2001214,"Will Gold (GC) hit (HIGH) $4,900 by end of June?",June 2026,above,4900.00000000,2026-06-30T17:30:00Z,47.85416667,4691.50000000,GOLD_VALUATION_IV,4691.50000000,,valuations_fallback,0.23100000,0.22100000,0.28590933,0.62954129,0.60500000,0.58000000,0.63000000,0.05000000,live_clob,1236.80230000,46411.83436200,0.95744898,0.63188746,mid_underlying_cap_ratio,,,,,-0.04587103,-4.95412897,avoid_buy_yes,-0.04587103,-0.00095856,,false,false,false,near-fair,4691.50000000,snapshot,0.63679100,135635270.59999999,0.00000000,wide_pm_spread;extreme_perp_funding,Options model falls back to latest gold_opt_iv_30d from daily-valuations.csv. Hit/reach market uses tested one-touch probability model; incomplete rows fall back to 2x terminal probability. Polymarket quote refreshed from live CLOB during heatmap generation. Underlying upside cap YES price is 95.7%; PM trades at 63% of cap.
2026-05-13T21,relative_value_heatmap_v2_one_touch,OIL,cl-hit-jun-2026,2233174,Will Crude Oil (CL) hit (LOW) $90 by end of June?,June 2026,below,90.00000000,2026-06-30T18:30:00Z,47.89583333,96.90600000,OIL_VALUATION_IV,96.90600000,,valuations_fallback,0.59800000,0.60700000,0.40646925,0.65162260,0.52000000,0.05000000,0.99000000,0.94000000,live_clob,11.30000000,,,,,,,,,-33.83773989,-60.16226011,avoid_buy_yes,-33.83773989,-0.70648609,,false,false,false,strong-short-rich-tail,97.03900000,live_hyperliquid_xyz_cl,-1.82362614,160146710.75979799,0.13724640,wide_pm_spread;low_pm_liquidity;extreme_perp_funding,Options model falls back to latest oil_opt_iv_30d from daily-valuations.csv. Hit/reach market uses tested one-touch probability model; incomplete rows fall back to 2x terminal probability. Polymarket quote refreshed from live CLOB during heatmap generation.
2026-05-13T21,relative_value_heatmap_v2_one_touch,OIL,cl-hit-jun-2026,2233175,Will Crude Oil (CL) hit (LOW) $85 by end of June?,June 2026,below,85.00000000,2026-06-30T18:30:00Z,47.89583333,96.90600000,OIL_VALUATION_IV,96.90600000,,valuations_fallback,0.59800000,0.60700000,0.30760590,0.47305313,0.58500000,0.40000000,0.77000000,0.37000000,live_clob,312.05080000,231.31034200,,,,,,,,-29.69468712,-7.30531288,avoid_buy_yes,-29.69468712,-0.61998477,,false,false,false,strong-short-rich-tail,97.03900000,live_hyperliquid_xyz_cl,-1.82362614,160146710.75979799,0.13724640,wide_pm_spread;low_pm_liquidity;extreme_perp_funding,Options model falls back to latest oil_opt_iv_30d from daily-valuations.csv. Hit/reach market uses tested one-touch probability model; incomplete rows fall back to 2x terminal probability. Polymarket quote refreshed from live CLOB during heatmap generation.
2026-05-13T21,relative_value_heatmap_v2_one_touch,OIL,cl-hit-jun-2026,1652685,Will Crude Oil (CL) hit (HIGH) $130 by end of June?,June 2026,above,130.00000000,2026-06-30T18:30:00Z,47.89583333,96.90600000,OIL_VALUATION_IV,96.90600000,,valuations_fallback,0.59800000,0.60700000,0.07014292,0.20772164,0.30500000,0.30000000,0.31000000,0.01000000,live_clob,23344.79940000,496423.50127600,0.74543077,0.40915939,mid_underlying_cap_ratio,,,,,-10.22783576,9.22783576,sell_yes_or_buy_no,-9.22783576,-0.19266469,,true,false,false,mild-short-rich-tail,97.03900000,live_hyperliquid_xyz_cl,-1.82362614,160146710.75979799,0.13724640,extreme_perp_funding,Options model falls back to latest oil_opt_iv_30d from daily-valuations.csv. Hit/reach market uses tested one-touch probability model; incomplete rows fall back to 2x terminal probability. Polymarket quote refreshed from live CLOB during heatmap generation. Underlying upside cap YES price is 74.5%; PM trades at 41% of cap.
2026-05-13T21,relative_value_heatmap_v2_one_touch,OIL,cl-hit-jun-2026,1652706,Will Crude Oil (CL) hit (LOW) $80 by end of June?,June 2026,below,80.00000000,2026-06-30T18:30:00Z,47.89583333,96.90600000,OIL_VALUATION_IV,96.90600000,,valuations_fallback,0.59800000,0.60700000,0.21628819,0.31747370,0.41500000,0.40000000,0.43000000,0.03000000,live_clob,35128.90070000,307451.91848300,,,,,,,,-11.25263000,8.25263000,sell_yes_or_buy_no,-8.25263000,-0.17230371,,true,false,false,mild-short-rich-tail,97.03900000,live_hyperliquid_xyz_cl,-1.82362614,160146710.75979799,0.13724640,extreme_perp_funding,Options model falls back to latest oil_opt_iv_30d from daily-valuations.csv. Hit/reach market uses tested one-touch probability model; incomplete rows fall back to 2x terminal probability. Polymarket quote refreshed from live CLOB during heatmap generation.
2026-05-13T21,relative_value_heatmap_v2_one_touch,OIL,cl-hit-jun-2026,1652690,Will Crude Oil (CL) hit (HIGH) $140 by end of June?,June 2026,above,140.00000000,2026-06-30T18:30:00Z,47.89583333,96.90600000,OIL_VALUATION_IV,96.90600000,,valuations_fallback,0.59800000,0.60700000,0.03440841,0.10854923,0.19500000,0.19000000,0.20000000,0.01000000,live_clob,59646.25750000,1043012.13720000,0.69218571,0.28171630,cheap_vs_underlying_cap_bearish,,,,,-9.14507662,8.14507662,sell_yes_or_buy_no,-8.14507662,-0.17005815,,true,false,false,mild-short-rich-tail,97.03900000,live_hyperliquid_xyz_cl,-1.82362614,160146710.75979799,0.13724640,extreme_perp_funding;cheap_vs_underlying_cap_bearish,Options model falls back to latest oil_opt_iv_30d from daily-valuations.csv. Hit/reach market uses tested one-touch probability model; incomplete rows fall back to 2x terminal probability. Polymarket quote refreshed from live CLOB during heatmap generation. Underlying upside cap YES price is 69.2%; PM trades at 28% of cap.
2026-05-13T21,relative_value_heatmap_v2_one_touch,OIL,cl-hit-jun-2026,1494702,Will Crude Oil (CL) hit (HIGH) $150 by end of June?,June 2026,above,150.00000000,2026-06-30T18:30:00Z,47.89583333,96.90600000,OIL_VALUATION_IV,96.90600000,,valuations_fallback,0.59800000,0.60700000,0.01614879,0.05412486,0.13500000,0.13000000,0.14000000,0.01000000,live_clob,62106.22320000,2295434.08141200,0.64604000,0.20896539,cheap_vs_underlying_cap_bearish,,,,,-8.58751413,7.58751413,sell_yes_or_buy_no,-7.58751413,-0.15841700,,true,false,false,mild-short-rich-tail,97.03900000,live_hyperliquid_xyz_cl,-1.82362614,160146710.75979799,0.13724640,extreme_perp_funding;cheap_vs_underlying_cap_bearish,Options model falls back to latest oil_opt_iv_30d from daily-valuations.csv. Hit/reach market uses tested one-touch probability model; incomplete rows fall back to 2x terminal probability. Polymarket quote refreshed from live CLOB during heatmap generation. Underlying upside cap YES price is 64.6%; PM trades at 21% of cap.
2026-05-13T21,relative_value_heatmap_v2_one_touch,OIL,cl-hit-jun-2026,1652697,Will Crude Oil (CL) hit (LOW) $70 by end of June?,June 2026,below,70.00000000,2026-06-30T18:30:00Z,47.89583333,96.90600000,OIL_VALUATION_IV,96.90600000,,valuations_fallback,0.59800000,0.60700000,0.07982704,0.10499444,0.19000000,0.18000000,0.20000000,0.02000000,live_clob,25639.45520000,364230.49056000,,,,,,,,-9.50055634,7.50055634,sell_yes_or_buy_no,-7.50055634,-0.15660144,,true,false,false,mild-short-rich-tail,97.03900000,live_hyperliquid_xyz_cl,-1.82362614,160146710.75979799,0.13724640,extreme_perp_funding,Options model falls back to latest oil_opt_iv_30d from daily-valuations.csv. Hit/reach market uses tested one-touch probability model; incomplete rows fall back to 2x terminal probability. Polymarket quote refreshed from live CLOB during heatmap generation.
2026-05-13T21,relative_value_heatmap_v2_one_touch,OIL,cl-settle-jun-2026,1032399,Will Crude Oil (CL) settle at $77-$84 in June?,June 2026,above,80.50000000,2026-06-30T18:30:00Z,47.89583333,96.90600000,OIL_VALUATION_IV,96.90600000,,valuations_fallback,0.59800000,0.60700000,0.12065944,0.12065944,0.20000000,0.19000000,0.21000000,0.02000000,live_clob,1005.47170000,12979.25374900,,,,1.01700000,0.01700000,0.67000000,0.64000000,-8.93405587,6.93405587,sell_yes_or_buy_no,-6.93405587,-0.14477368,,true,false,false,mild-short-rich-tail,97.03900000,live_hyperliquid_xyz_cl,-1.82362614,160146710.75979799,0.13724640,extreme_perp_funding,Options model falls back to latest oil_opt_iv_30d from daily-valuations.csv. Settlement bucket modeled as probability between 77 and 84. Polymarket quote refreshed from live CLOB during heatmap generation.
2026-05-13T21,relative_value_heatmap_v2_one_touch,OIL,cl-hit-jun-2026,1652691,Will Crude Oil (CL) hit (HIGH) $175 by end of June?,June 2026,above,175.00000000,2026-06-30T18:30:00Z,47.89583333,96.90600000,OIL_VALUATION_IV,96.90600000,,valuations_fallback,0.59800000,0.60700000,0.00213083,0.00821163,0.07500000,0.07000000,0.08000000,0.01000000,live_clob,141613.95910000,2008795.83269400,0.55374857,0.13544053,cheap_vs_underlying_cap_bearish,,,,,-7.17883674,6.17883674,sell_yes_or_buy_no,-6.17883674,-0.12900573,,true,false,false,mild-short-rich-tail,97.03900000,live_hyperliquid_xyz_cl,-1.82362614,160146710.75979799,0.13724640,extreme_perp_funding;cheap_vs_underlying_cap_bearish,Options model falls back to latest oil_opt_iv_30d from daily-valuations.csv. Hit/reach market uses tested one-touch probability model; incomplete rows fall back to 2x terminal probability. Polymarket quote refreshed from live CLOB during heatmap generation. Underlying upside cap YES price is 55.4%; PM trades at 14% of cap.
2026-05-13T21,relative_value_heatmap_v2_one_touch,OIL,cl-over-under-jun-2026,1032417,Will Crude Oil (CL) settle over $80 on the final trading day of June 2026?,June 2026,above,80.00000000,2026-06-30T18:30:00Z,47.89583333,96.90600000,OIL_VALUATION_IV,96.90600000,,valuations_fallback,0.59800000,0.60700000,0.78371181,0.78371181,0.67000000,0.61000000,0.73000000,0.12000000,live_clob,420.77130000,5476.60092400,,,,,,,,5.37118068,-17.37118068,buy_yes,5.37118068,0.11214296,,false,false,false,mild-long-tail,97.03900000,live_hyperliquid_xyz_cl,-1.82362614,160146710.75979799,0.13724640,wide_pm_spread;low_pm_liquidity;extreme_perp_funding,Options model falls back to latest oil_opt_iv_30d from daily-valuations.csv. Polymarket quote refreshed from live CLOB during heatmap generation.
2026-05-13T21,relative_value_heatmap_v2_one_touch,OIL,cl-settle-jun-2026,1032400,Will Crude Oil (CL) settle at >$84 in June?,June 2026,above,84.00000000,2026-06-30T18:30:00Z,47.89583333,96.90600000,OIL_VALUATION_IV,96.90600000,,valuations_fallback,0.59800000,0.60700000,0.71148380,0.71148380,0.65500000,0.65000000,0.66000000,0.01000000,live_clob,3222.28670000,75249.79229000,,,,1.01700000,0.01700000,0.67000000,0.64000000,5.14837988,-6.14837988,buy_yes,5.14837988,0.10749118,,true,false,false,mild-long-tail,97.03900000,live_hyperliquid_xyz_cl,-1.82362614,160146710.75979799,0.13724640,extreme_perp_funding,Options model falls back to latest oil_opt_iv_30d from daily-valuations.csv. Polymarket quote refreshed from live CLOB during heatmap generation.
2026-05-13T21,relative_value_heatmap_v2_one_touch,OIL,cl-over-under-jun-2026,1032420,Will Crude Oil (CL) settle over $65 on the final trading day of June 2026?,June 2026,above,65.00000000,2026-06-30T18:30:00Z,47.89583333,96.90600000,OIL_VALUATION_IV,96.90600000,,valuations_fallback,0.59800000,0.60700000,0.96003815,0.96003815,0.86250000,0.81500000,0.91000000,0.09500000,live_clob,425.73752000,734.55575200,,,,,,,,5.00381530,-14.50381530,buy_yes,5.00381530,0.10447287,,false,false,false,mild-long-tail,97.03900000,live_hyperliquid_xyz_cl,-1.82362614,160146710.75979799,0.13724640,wide_pm_spread;low_pm_liquidity;extreme_perp_funding,Options model falls back to latest oil_opt_iv_30d from daily-valuations.csv. Polymarket quote refreshed from live CLOB during heatmap generation.
2026-05-13T21,relative_value_heatmap_v2_one_touch,OIL,cl-hit-jun-2026,1652672,Will Crude Oil (CL) hit (HIGH) $115 by end of June?,June 2026,above,115.00000000,2026-06-30T18:30:00Z,47.89583333,96.90600000,OIL_VALUATION_IV,96.90600000,,valuations_fallback,0.59800000,0.60700000,0.18295922,0.49065159,0.54100000,0.53700000,0.54500000,0.00800000,live_clob,21889.89808000,633414.41694300,0.84266087,0.64201391,mid_underlying_cap_ratio,,,,,-5.43484090,4.63484090,sell_yes_or_buy_no,-4.63484090,-0.09676919,,true,false,false,near-fair,97.03900000,live_hyperliquid_xyz_cl,-1.82362614,160146710.75979799,0.13724640,extreme_perp_funding,Options model falls back to latest oil_opt_iv_30d from daily-valuations.csv. Hit/reach market uses tested one-touch probability model; incomplete rows fall back to 2x terminal probability. Polymarket quote refreshed from live CLOB during heatmap generation. Underlying upside cap YES price is 84.3%; PM trades at 64% of cap.
2026-05-13T21,relative_value_heatmap_v2_one_touch,OIL,cl-hit-jun-2026,1652695,Will Crude Oil (CL) hit (LOW) $60 by end of June?,June 2026,below,60.00000000,2026-06-30T18:30:00Z,47.89583333,96.90600000,OIL_VALUATION_IV,96.90600000,,valuations_fallback,0.59800000,0.60700000,0.01685005,0.01936059,0.06500000,0.06000000,0.07000000,0.01000000,live_clob,117358.91020000,297647.77614700,,,,,,,,-5.06394104,4.06394104,sell_yes_or_buy_no,-4.06394104,-0.08484957,,true,false,false,near-fair,97.03900000,live_hyperliquid_xyz_cl,-1.82362614,160146710.75979799,0.13724640,extreme_perp_funding,Options model falls back to latest oil_opt_iv_30d from daily-valuations.csv. Hit/reach market uses tested one-touch probability model; incomplete rows fall back to 2x terminal probability. Polymarket quote refreshed from live CLOB during heatmap generation.
2026-05-13T21,relative_value_heatmap_v2_one_touch,OIL,cl-hit-jun-2026,1494703,Will Crude Oil (CL) hit (HIGH) $200 by end of June?,June 2026,above,200.00000000,2026-06-30T18:30:00Z,47.89583333,96.90600000,OIL_VALUATION_IV,96.90600000,,valuations_fallback,0.59800000,0.60700000,0.00025112,0.00109585,0.04050000,0.04000000,0.04100000,0.00100000,live_clob,75523.02205000,3511256.82355900,0.48453000,0.08358616,cheap_vs_underlying_cap_bearish,,,,,-3.99041503,3.89041503,sell_yes_or_buy_no,-3.89041503,-0.08122659,,true,false,false,near-fair,97.03900000,live_hyperliquid_xyz_cl,-1.82362614,160146710.75979799,0.13724640,extreme_perp_funding;cheap_vs_underlying_cap_bearish,Options model falls back to latest oil_opt_iv_30d from daily-valuations.csv. Hit/reach market uses tested one-touch probability model; incomplete rows fall back to 2x terminal probability. Polymarket quote refreshed from live CLOB during heatmap generation. Underlying upside cap YES price is 48.5%; PM trades at 8% of cap.
2026-05-13T21,relative_value_heatmap_v2_one_touch,OIL,cl-hit-jun-2026,1032408,Will Crude Oil (CL) hit (LOW) $55 by end of June?,June 2026,below,55.00000000,2026-06-30T18:30:00Z,47.89583333,96.90600000,OIL_VALUATION_IV,96.90600000,,valuations_fallback,0.59800000,0.60700000,0.00572614,0.00607957,0.03700000,0.03600000,0.03800000,0.00200000,live_clob,82883.58907000,205720.45180000,,,,,,,,-3.19204324,2.99204324,sell_yes_or_buy_no,-2.99204324,-0.06246980,,true,false,false,near-fair,97.03900000,live_hyperliquid_xyz_cl,-1.82362614,160146710.75979799,0.13724640,extreme_perp_funding,Options model falls back to latest oil_opt_iv_30d from daily-valuations.csv. Hit/reach market uses tested one-touch probability model; incomplete rows fall back to 2x terminal probability. Polymarket quote refreshed from live CLOB during heatmap generation.
2026-05-13T21,relative_value_heatmap_v2_one_touch,OIL,cl-over-under-jun-2026,1032415,Will Crude Oil (CL) settle over $90 on the final trading day of June 2026?,June 2026,above,90.00000000,2026-06-30T18:30:00Z,47.89583333,96.90600000,OIL_VALUATION_IV,96.90600000,,valuations_fallback,0.59800000,0.60700000,0.59353075,0.59353075,0.58000000,0.54000000,0.62000000,0.08000000,live_clob,625.63960000,24878.13759200,,,,,,,,-2.64692485,-5.35307515,avoid_buy_yes,-2.64692485,-0.05526420,,false,false,false,near-fair,97.03900000,live_hyperliquid_xyz_cl,-1.82362614,160146710.75979799,0.13724640,wide_pm_spread;low_pm_liquidity;extreme_perp_funding,Options model falls back to latest oil_opt_iv_30d from daily-valuations.csv. Polymarket quote refreshed from live CLOB during heatmap generation.
2026-05-13T21,relative_value_heatmap_v2_one_touch,OIL,cl-hit-jun-2026,1652677,Will Crude Oil (CL) hit (HIGH) $120 by end of June?,June 2026,above,120.00000000,2026-06-30T18:30:00Z,47.89583333,96.90600000,OIL_VALUATION_IV,96.90600000,,valuations_fallback,0.59800000,0.60700000,0.13518422,0.37489471,0.41000000,0.40000000,0.42000000,0.02000000,live_clob,19461.54020000,612833.08112800,0.80755000,0.50770850,mid_underlying_cap_ratio,,,,,-4.51052924,2.51052924,sell_yes_or_buy_no,-2.51052924,-0.05241644,,true,false,false,near-fair,97.03900000,live_hyperliquid_xyz_cl,-1.82362614,160146710.75979799,0.13724640,extreme_perp_funding,Options model falls back to latest oil_opt_iv_30d from daily-valuations.csv. Hit/reach market uses tested one-touch probability model; incomplete rows fall back to 2x terminal probability. Polymarket quote refreshed from live CLOB during heatmap generation. Underlying upside cap YES price is 80.8%; PM trades at 51% of cap.
2026-05-13T21,relative_value_heatmap_v2_one_touch,OIL,cl-over-under-jun-2026,1032421,Will Crude Oil (CL) settle over $63 on the final trading day of June 2026?,June 2026,above,63.00000000,2026-06-30T18:30:00Z,47.89583333,96.90600000,OIL_VALUATION_IV,96.90600000,,valuations_fallback,0.59800000,0.60700000,0.97105804,0.97105804,0.93500000,0.92000000,0.95000000,0.03000000,live_clob,9982.49880000,8929.33600100,,,,,,,,2.10580426,-5.10580426,buy_yes,2.10580426,0.04396634,,true,false,false,near-fair,97.03900000,live_hyperliquid_xyz_cl,-1.82362614,160146710.75979799,0.13724640,extreme_perp_funding,Options model falls back to latest oil_opt_iv_30d from daily-valuations.csv. Polymarket quote refreshed from live CLOB during heatmap generation.
2026-05-13T21,relative_value_heatmap_v2_one_touch,OIL,cl-hit-jun-2026,2213806,Will Crude Oil (CL) hit (HIGH) $110 by end of June?,June 2026,above,110.00000000,2026-06-30T18:30:00Z,47.89583333,96.90600000,OIL_VALUATION_IV,96.90600000,,valuations_fallback,0.59800000,0.60700000,0.24281696,0.62952354,0.59500000,0.54000000,0.65000000,0.11000000,live_clob,1554.57400000,9115.99803700,0.88096364,0.67539678,mid_underlying_cap_ratio,,,,,-2.04764563,-8.95235437,avoid_buy_yes,-2.04764563,-0.04275206,,false,false,false,near-fair,97.03900000,live_hyperliquid_xyz_cl,-1.82362614,160146710.75979799,0.13724640,wide_pm_spread;extreme_perp_funding,Options model falls back to latest oil_opt_iv_30d from daily-valuations.csv. Hit/reach market uses tested one-touch probability model; incomplete rows fall back to 2x terminal probability. Polymarket quote refreshed from live CLOB during heatmap generation. Underlying upside cap YES price is 88.1%; PM trades at 68% of cap.
2026-05-13T21,relative_value_heatmap_v2_one_touch,OIL,cl-hit-jun-2026,2235983,Will Crude Oil (CL) hit (HIGH) $105 by end of June?,June 2026,above,105.00000000,2026-06-30T18:30:00Z,47.89583333,96.90600000,OIL_VALUATION_IV,96.90600000,,valuations_fallback,0.59800000,0.60700000,0.31534030,0.79031868,0.83000000,0.81000000,0.85000000,0.04000000,live_clob,1215.38810000,135.35842000,0.92291429,0.89932512,near_underlying_cap_bullish,,,,,-5.96813242,1.96813242,sell_yes_or_buy_no,-1.96813242,-0.04109193,,true,false,false,near-fair,97.03900000,live_hyperliquid_xyz_cl,-1.82362614,160146710.75979799,0.13724640,extreme_perp_funding;near_underlying_cap_bullish,Options model falls back to latest oil_opt_iv_30d from daily-valuations.csv. Hit/reach market uses tested one-touch probability model; incomplete rows fall back to 2x terminal probability. Polymarket quote refreshed from live CLOB during heatmap generation. Underlying upside cap YES price is 92.3%; PM trades at 90% of cap.
2026-05-13T21,relative_value_heatmap_v2_one_touch,OIL,cl-hit-jun-2026,1032409,Will Crude Oil (CL) hit (LOW) $52 by end of June?,June 2026,below,52.00000000,2026-06-30T18:30:00Z,47.89583333,96.90600000,OIL_VALUATION_IV,96.90600000,,valuations_fallback,0.59800000,0.60700000,0.00263847,0.00266022,0.02500000,0.02200000,0.02800000,0.00600000,live_clob,69592.96396000,138631.35148100,,,,,,,,-2.53397794,1.93397794,sell_yes_or_buy_no,-1.93397794,-0.04037883,,true,false,false,near-fair,97.03900000,live_hyperliquid_xyz_cl,-1.82362614,160146710.75979799,0.13724640,extreme_perp_funding,Options model falls back to latest oil_opt_iv_30d from daily-valuations.csv. Hit/reach market uses tested one-touch probability model; incomplete rows fall back to 2x terminal probability. Polymarket quote refreshed from live CLOB during heatmap generation.
2026-05-13T21,relative_value_heatmap_v2_one_touch,OIL,cl-over-under-jun-2026,1032419,Will Crude Oil (CL) settle over $70 on the final trading day of June 2026?,June 2026,above,70.00000000,2026-06-30T18:30:00Z,47.89583333,96.90600000,OIL_VALUATION_IV,96.90600000,,valuations_fallback,0.59800000,0.60700000,0.92017296,0.92017296,0.90250000,0.90200000,0.90300000,0.00100000,live_clob,835.77109000,19326.53496500,,,,,,,,1.71729557,-1.81729557,buy_yes,1.71729557,0.03585480,,false,false,false,near-fair,97.03900000,live_hyperliquid_xyz_cl,-1.82362614,160146710.75979799,0.13724640,low_pm_liquidity;extreme_perp_funding,Options model falls back to latest oil_opt_iv_30d from daily-valuations.csv. Polymarket quote refreshed from live CLOB during heatmap generation.
2026-05-13T21,relative_value_heatmap_v2_one_touch,OIL,cl-settle-jun-2026,1032397,Will Crude Oil (CL) settle at $63-$70 in June?,June 2026,above,66.50000000,2026-06-30T18:30:00Z,47.89583333,96.90600000,OIL_VALUATION_IV,96.90600000,,valuations_fallback,0.59800000,0.60700000,0.05088509,0.05088509,0.03350000,0.03300000,0.03400000,0.00100000,live_clob,1179.91016000,20199.94696300,,,,1.01700000,0.01700000,0.67000000,0.64000000,1.68850868,-1.78850868,buy_yes,1.68850868,0.03525377,,true,false,false,near-fair,97.03900000,live_hyperliquid_xyz_cl,-1.82362614,160146710.75979799,0.13724640,extreme_perp_funding,Options model falls back to latest oil_opt_iv_30d from daily-valuations.csv. Settlement bucket modeled as probability between 63 and 70. Polymarket quote refreshed from live CLOB during heatmap generation.
2026-05-13T21,relative_value_heatmap_v2_one_touch,OIL,cl-hit-jun-2026,1032410,Will Crude Oil (CL) hit (LOW) $50 by end of June?,June 2026,below,50.00000000,2026-06-30T18:30:00Z,47.89583333,96.90600000,OIL_VALUATION_IV,96.90600000,,valuations_fallback,0.59800000,0.60700000,0.00147860,0.00147860,0.02000000,0.01800000,0.02200000,0.00400000,live_clob,26345.14361000,124366.10840300,,,,,,,,-2.05214042,1.65214042,sell_yes_or_buy_no,-1.65214042,-0.03449445,,true,false,false,near-fair,97.03900000,live_hyperliquid_xyz_cl,-1.82362614,160146710.75979799,0.13724640,extreme_perp_funding,Options model falls back to latest oil_opt_iv_30d from daily-valuations.csv. Hit/reach market uses tested one-touch probability model; incomplete rows fall back to 2x terminal probability. Polymarket quote refreshed from live CLOB during heatmap generation.
2026-05-13T21,relative_value_heatmap_v2_one_touch,OIL,cl-over-under-jun-2026,1032423,Will Crude Oil (CL) settle over $56 on the final trading day of June 2026?,June 2026,above,56.00000000,2026-06-30T18:30:00Z,47.89583333,96.90600000,OIL_VALUATION_IV,96.90600000,,valuations_fallback,0.59800000,0.60700000,0.99275196,0.99275196,0.94750000,0.91800000,0.97700000,0.05900000,live_clob,1049.97882000,4670.80692300,,,,,,,,1.57519629,-7.47519629,buy_yes,1.57519629,0.03288796,,false,false,false,near-fair,97.03900000,live_hyperliquid_xyz_cl,-1.82362614,160146710.75979799,0.13724640,wide_pm_spread;extreme_perp_funding,Options model falls back to latest oil_opt_iv_30d from daily-valuations.csv. Polymarket quote refreshed from live CLOB during heatmap generation.
2026-05-13T21,relative_value_heatmap_v2_one_touch,OIL,cl-settle-jun-2026,1032393,Will Crude Oil (CL) settle at <$42 in June?,June 2026,below,42.00000000,2026-06-30T18:30:00Z,47.89583333,96.90600000,OIL_VALUATION_IV,96.90600000,,valuations_fallback,0.59800000,0.60700000,0.00007729,0.00007729,0.01500000,0.01300000,0.01700000,0.00400000,live_clob,4223.01422000,17066.45356200,,,,1.01700000,0.01700000,0.67000000,0.64000000,-1.69227060,1.29227060,sell_yes_or_buy_no,-1.29227060,-0.02698086,,true,false,false,near-fair,97.03900000,live_hyperliquid_xyz_cl,-1.82362614,160146710.75979799,0.13724640,extreme_perp_funding,Options model falls back to latest oil_opt_iv_30d from daily-valuations.csv. Polymarket quote refreshed from live CLOB during heatmap generation.
2026-05-13T21,relative_value_heatmap_v2_one_touch,OIL,cl-hit-jun-2026,1032412,Will Crude Oil (CL) hit (LOW) $45 by end of June?,June 2026,below,45.00000000,2026-06-30T18:30:00Z,47.89583333,96.90600000,OIL_VALUATION_IV,96.90600000,,valuations_fallback,0.59800000,0.60700000,0.00026760,0.00026760,0.01250000,0.01200000,0.01300000,0.00100000,live_clob,15836.35234000,43641.64479500,,,,,,,,-1.27324024,1.17324024,sell_yes_or_buy_no,-1.17324024,-0.02449566,,true,false,false,near-fair,97.03900000,live_hyperliquid_xyz_cl,-1.82362614,160146710.75979799,0.13724640,extreme_perp_funding,Options model falls back to latest oil_opt_iv_30d from daily-valuations.csv. Hit/reach market uses tested one-touch probability model; incomplete rows fall back to 2x terminal probability. Polymarket quote refreshed from live CLOB during heatmap generation.
2026-05-13T21,relative_value_heatmap_v2_one_touch,OIL,cl-hit-jun-2026,1032411,Will Crude Oil (CL) hit (LOW) $47 by end of June?,June 2026,below,47.00000000,2026-06-30T18:30:00Z,47.89583333,96.90600000,OIL_VALUATION_IV,96.90600000,,valuations_fallback,0.59800000,0.60700000,0.00055683,0.00055683,0.01400000,0.01100000,0.01700000,0.00600000,live_clob,8846.25992000,25102.46731700,,,,,,,,-1.64431682,1.04431682,sell_yes_or_buy_no,-1.04431682,-0.02180392,,true,false,false,near-fair,97.03900000,live_hyperliquid_xyz_cl,-1.82362614,160146710.75979799,0.13724640,extreme_perp_funding,Options model falls back to latest oil_opt_iv_30d from daily-valuations.csv. Hit/reach market uses tested one-touch probability model; incomplete rows fall back to 2x terminal probability. Polymarket quote refreshed from live CLOB during heatmap generation.
2026-05-13T21,relative_value_heatmap_v2_one_touch,OIL,cl-over-under-jun-2026,1032424,Will Crude Oil (CL) settle over $55 on the final trading day of June 2026?,June 2026,above,55.00000000,2026-06-30T18:30:00Z,47.89583333,96.90600000,OIL_VALUATION_IV,96.90600000,,valuations_fallback,0.59800000,0.60700000,0.99427386,0.99427386,0.94400000,0.90200000,0.98600000,0.08400000,live_clob,684.08712000,2810.48207900,,,,,,,,0.82738569,-9.22738569,buy_yes,0.82738569,0.01727469,,false,false,false,near-fair,97.03900000,live_hyperliquid_xyz_cl,-1.82362614,160146710.75979799,0.13724640,wide_pm_spread;low_pm_liquidity;extreme_perp_funding,Options model falls back to latest oil_opt_iv_30d from daily-valuations.csv. Polymarket quote refreshed from live CLOB during heatmap generation.
2026-05-13T21,relative_value_heatmap_v2_one_touch,OIL,cl-hit-jun-2026,1032413,Will Crude Oil (CL) hit (LOW) $40 by end of June?,June 2026,below,40.00000000,2026-06-30T18:30:00Z,47.89583333,96.90600000,OIL_VALUATION_IV,96.90600000,,valuations_fallback,0.59800000,0.60700000,0.00003028,0.00003028,0.01250000,0.00800000,0.01700000,0.00900000,live_clob,23072.40409000,97916.23406900,,,,,,,,-1.69697237,0.79697237,sell_yes_or_buy_no,-0.79697237,-0.01663970,,true,false,false,near-fair,97.03900000,live_hyperliquid_xyz_cl,-1.82362614,160146710.75979799,0.13724640,extreme_perp_funding,Options model falls back to latest oil_opt_iv_30d from daily-valuations.csv. Hit/reach market uses tested one-touch probability model; incomplete rows fall back to 2x terminal probability. Polymarket quote refreshed from live CLOB during heatmap generation.
2026-05-13T21,relative_value_heatmap_v2_one_touch,OIL,cl-over-under-jun-2026,1032416,Will Crude Oil (CL) settle over $85 on the final trading day of June 2026?,June 2026,above,85.00000000,2026-06-30T18:30:00Z,47.89583333,96.90600000,OIL_VALUATION_IV,96.90600000,,valuations_fallback,0.59800000,0.60700000,0.69239410,0.69239410,0.63500000,0.57000000,0.70000000,0.13000000,live_clob,407.25090000,5079.10532000,,,,,,,,-0.76058956,-12.23941044,avoid_buy_yes,-0.76058956,-0.01588008,,false,false,false,near-fair,97.03900000,live_hyperliquid_xyz_cl,-1.82362614,160146710.75979799,0.13724640,wide_pm_spread;low_pm_liquidity;extreme_perp_funding,Options model falls back to latest oil_opt_iv_30d from daily-valuations.csv. Polymarket quote refreshed from live CLOB during heatmap generation.
2026-05-13T21,relative_value_heatmap_v2_one_touch,OIL,cl-hit-jun-2026,1032414,Will Crude Oil (CL) hit (LOW) $35 by end of June?,June 2026,below,35.00000000,2026-06-30T18:30:00Z,47.89583333,96.90600000,OIL_VALUATION_IV,96.90600000,,valuations_fallback,0.59800000,0.60700000,0.00000181,0.00000181,0.00750000,0.00700000,0.00800000,0.00100000,live_clob,33588.37034000,38886.76286300,,,,,,,,-0.79981901,0.69981901,sell_yes_or_buy_no,-0.69981901,-0.01461127,,true,false,false,near-fair,97.03900000,live_hyperliquid_xyz_cl,-1.82362614,160146710.75979799,0.13724640,extreme_perp_funding,Options model falls back to latest oil_opt_iv_30d from daily-valuations.csv. Hit/reach market uses tested one-touch probability model; incomplete rows fall back to 2x terminal probability. Polymarket quote refreshed from live CLOB during heatmap generation.
2026-05-13T21,relative_value_heatmap_v2_one_touch,OIL,cl-over-under-jun-2026,1032425,Will Crude Oil (CL) settle over $52 on the final trading day of June 2026?,June 2026,above,52.00000000,2026-06-30T18:30:00Z,47.89583333,96.90600000,OIL_VALUATION_IV,96.90600000,,valuations_fallback,0.59800000,0.60700000,0.99736153,0.99736153,0.96550000,0.93900000,0.99200000,0.05300000,live_clob,999.49251000,5341.30388500,,,,,,,,0.53615259,-5.83615259,buy_yes,0.53615259,0.01119414,,false,false,false,near-fair,97.03900000,live_hyperliquid_xyz_cl,-1.82362614,160146710.75979799,0.13724640,wide_pm_spread;low_pm_liquidity;extreme_perp_funding,Options model falls back to latest oil_opt_iv_30d from daily-valuations.csv. Polymarket quote refreshed from live CLOB during heatmap generation.
2026-05-13T21,relative_value_heatmap_v2_one_touch,OIL,cl-settle-jun-2026,1032394,Will Crude Oil (CL) settle at $42-$49 in June?,June 2026,above,45.50000000,2026-06-30T18:30:00Z,47.89583333,96.90600000,OIL_VALUATION_IV,96.90600000,,valuations_fallback,0.59800000,0.60700000,0.00100679,0.00100679,0.00800000,0.00600000,0.01000000,0.00400000,live_clob,3565.14062000,5848.66717400,,,,1.01700000,0.01700000,0.67000000,0.64000000,-0.89932123,0.49932123,sell_yes_or_buy_no,-0.49932123,-0.01042515,,true,false,false,near-fair,97.03900000,live_hyperliquid_xyz_cl,-1.82362614,160146710.75979799,0.13724640,extreme_perp_funding,Options model falls back to latest oil_opt_iv_30d from daily-valuations.csv. Settlement bucket modeled as probability between 42 and 49. Polymarket quote refreshed from live CLOB during heatmap generation.
2026-05-13T21,relative_value_heatmap_v2_one_touch,OIL,cl-over-under-jun-2026,1032426,Will Crude Oil (CL) settle over $50 on the final trading day of June 2026?,June 2026,above,50.00000000,2026-06-30T18:30:00Z,47.89583333,96.90600000,OIL_VALUATION_IV,96.90600000,,valuations_fallback,0.59800000,0.60700000,0.99852140,0.99852140,0.97450000,0.95500000,0.99400000,0.03900000,live_clob,823.57171000,7169.36558000,,,,,,,,0.45214042,-4.35214042,buy_yes,0.45214042,0.00944008,,false,false,false,near-fair,97.03900000,live_hyperliquid_xyz_cl,-1.82362614,160146710.75979799,0.13724640,low_pm_liquidity;extreme_perp_funding,Options model falls back to latest oil_opt_iv_30d from daily-valuations.csv. Polymarket quote refreshed from live CLOB during heatmap generation.
2026-05-13T21,relative_value_heatmap_v2_one_touch,OIL,cl-settle-jun-2026,1032396,Will Crude Oil (CL) settle at $56-$63 in June?,June 2026,above,59.50000000,2026-06-30T18:30:00Z,47.89583333,96.90600000,OIL_VALUATION_IV,96.90600000,,valuations_fallback,0.59800000,0.60700000,0.02169392,0.02169392,0.02000000,0.01600000,0.02400000,0.00800000,live_clob,2247.59392000,6660.41044700,,,,1.01700000,0.01700000,0.67000000,0.64000000,-0.23060796,-0.56939204,avoid_buy_yes,-0.23060796,-0.00481478,,false,false,false,near-fair,97.03900000,live_hyperliquid_xyz_cl,-1.82362614,160146710.75979799,0.13724640,extreme_perp_funding,Options model falls back to latest oil_opt_iv_30d from daily-valuations.csv. Settlement bucket modeled as probability between 56 and 63. Polymarket quote refreshed from live CLOB during heatmap generation.
2026-05-13T21,relative_value_heatmap_v2_one_touch,OIL,cl-over-under-jun-2026,1032422,Will Crude Oil (CL) settle over $60 on the final trading day of June 2026?,June 2026,above,60.00000000,2026-06-30T18:30:00Z,47.89583333,96.90600000,OIL_VALUATION_IV,96.90600000,,valuations_fallback,0.59800000,0.60700000,0.98314995,0.98314995,0.97300000,0.96500000,0.98100000,0.01600000,live_clob,4714.83336000,20828.80712000,,,,,,,,0.21499507,-1.81499507,buy_yes,0.21499507,0.00448881,,true,false,false,near-fair,97.03900000,live_hyperliquid_xyz_cl,-1.82362614,160146710.75979799,0.13724640,extreme_perp_funding,Options model falls back to latest oil_opt_iv_30d from daily-valuations.csv. Polymarket quote refreshed from live CLOB during heatmap generation.
2026-05-13T21,relative_value_heatmap_v2_one_touch,OIL,cl-settle-jun-2026,1032395,Will Crude Oil (CL) settle at $49-$56 in June?,June 2026,above,52.50000000,2026-06-30T18:30:00Z,47.89583333,96.90600000,OIL_VALUATION_IV,96.90600000,,valuations_fallback,0.59800000,0.60700000,0.00616396,0.00616396,0.01150000,0.00800000,0.01500000,0.00700000,live_clob,6581.98373000,7036.81074300,,,,1.01700000,0.01700000,0.67000000,0.64000000,-0.88360446,0.18360446,sell_yes_or_buy_no,-0.18360446,-0.00383341,,true,false,false,near-fair,97.03900000,live_hyperliquid_xyz_cl,-1.82362614,160146710.75979799,0.13724640,extreme_perp_funding,Options model falls back to latest oil_opt_iv_30d from daily-valuations.csv. Settlement bucket modeled as probability between 49 and 56. Polymarket quote refreshed from live CLOB during heatmap generation.
2026-05-13T21,relative_value_heatmap_v2_one_touch,OIL,cl-over-under-jun-2026,1032418,Will Crude Oil (CL) settle over $75 on the final trading day of June 2026?,June 2026,above,75.00000000,2026-06-30T18:30:00Z,47.89583333,96.90600000,OIL_VALUATION_IV,96.90600000,,valuations_fallback,0.59800000,0.60700000,0.86107197,0.86107197,0.85000000,0.84000000,0.86000000,0.02000000,live_clob,706.39460000,15407.22029100,,,,,,,,0.10719685,-2.10719685,buy_yes,0.10719685,0.00223812,,false,false,false,near-fair,97.03900000,live_hyperliquid_xyz_cl,-1.82362614,160146710.75979799,0.13724640,low_pm_liquidity;extreme_perp_funding,Options model falls back to latest oil_opt_iv_30d from daily-valuations.csv. Polymarket quote refreshed from live CLOB during heatmap generation.
2026-05-13T21,relative_value_heatmap_v2_one_touch,OIL,cl-settle-jun-2026,1032398,Will Crude Oil (CL) settle at $70-$77 in June?,June 2026,above,73.50000000,2026-06-30T18:30:00Z,47.89583333,96.90600000,OIL_VALUATION_IV,96.90600000,,valuations_fallback,0.59800000,0.60700000,0.08802972,0.08802972,0.07250000,0.05700000,0.08800000,0.03100000,live_clob,1324.11382000,11820.64760200,,,,1.01700000,0.01700000,0.67000000,0.64000000,0.00297156,-3.10297156,buy_yes,0.00297156,0.00006204,,true,false,false,near-fair,97.03900000,live_hyperliquid_xyz_cl,-1.82362614,160146710.75979799,0.13724640,extreme_perp_funding,Options model falls back to latest oil_opt_iv_30d from daily-valuations.csv. Settlement bucket modeled as probability between 70 and 77. Polymarket quote refreshed from live CLOB during heatmap generation.
2026-05-13T21,relative_value_heatmap_v2_one_touch,SPY,spx-hit-jun-2026,2236208,"Will S&P 500 (SPX) hit $7,850 (HIGH) in June?",June 2026,above,7850.00000000,2026-06-30T20:00:00Z,47.95833333,7430.30000000,SPY,743.03000000,CBOE delayed,cme_snapshot,0.12952500,,0.11431422,0.24712582,0.31000000,0.12000000,0.50000000,0.38000000,live_clob,113.09830000,7.00000000,0.94653503,0.32751033,cheap_vs_underlying_cap_bearish,,,,,-25.28741812,-12.71258188,avoid_buy_yes,-25.28741812,-0.52727892,,false,false,false,strong-short-rich-tail,,snapshot,,,,wide_pm_spread;low_pm_liquidity;cheap_vs_underlying_cap_bearish,"Options model uses SPY CBOE delayed; target month-end expiry 2026-06-30, IV expiry 2026-06-30, closest-strike IV sample. Hit/reach market uses tested one-touch probability model; incomplete rows fall back to 2x terminal probability. Polymarket quote refreshed from live CLOB during heatmap generation. Underlying upside cap YES price is 94.7%; PM trades at 33% of cap."
2026-05-13T21,relative_value_heatmap_v2_one_touch,SPY,spx-hit-jun-2026,2236209,"Will S&P 500 (SPX) hit $7,100 (LOW) in June?",June 2026,below,7100.00000000,2026-06-30T20:00:00Z,47.95833333,7430.30000000,SPY,743.03000000,CBOE delayed,cme_snapshot,0.18382500,,0.25610624,0.47063378,0.34500000,0.03000000,0.66000000,0.63000000,live_clob,455.94120000,316.20212900,,,,,,,,-18.93662156,-44.06337844,avoid_buy_yes,-18.93662156,-0.39485571,,false,false,false,short-rich-tail,,snapshot,,,,wide_pm_spread;low_pm_liquidity,"Options model uses SPY CBOE delayed; target month-end expiry 2026-06-30, IV expiry 2026-06-30, closest-strike IV sample. Hit/reach market uses tested one-touch probability model; incomplete rows fall back to 2x terminal probability. Polymarket quote refreshed from live CLOB during heatmap generation."
2026-05-13T21,relative_value_heatmap_v2_one_touch,SPY,spx-hit-jun-2026,1125374,"Will S&P 500 (SPX) hit $7,700 (HIGH) in June?",June 2026,above,7700.00000000,2026-06-30T20:00:00Z,47.95833333,7430.30000000,SPY,743.03000000,CBOE delayed,cme_snapshot,0.13412500,,0.22246128,0.47416821,0.27850000,0.27100000,0.28600000,0.01500000,live_clob,4256.39581000,13714.12883400,0.96497403,0.28860880,cheap_vs_underlying_cap_bearish,,,,,18.81682090,-20.31682090,buy_yes,18.81682090,0.39235769,,true,false,true,long-tail,,snapshot,,,,cheap_vs_underlying_cap_bearish,"Options model uses SPY CBOE delayed; target month-end expiry 2026-06-30, IV expiry 2026-06-30, closest-strike IV sample. Hit/reach market uses tested one-touch probability model; incomplete rows fall back to 2x terminal probability. Polymarket quote refreshed from live CLOB during heatmap generation. Underlying upside cap YES price is 96.5%; PM trades at 29% of cap."
2026-05-13T21,relative_value_heatmap_v2_one_touch,SPY,spx-hit-jun-2026,2236358,"Will S&P 500 (SPX) hit $7,600 (HIGH) in June?",June 2026,above,7600.00000000,2026-06-30T20:00:00Z,47.95833333,7430.30000000,SPY,743.03000000,CBOE delayed,cme_snapshot,0.13905000,,0.31669726,0.66938566,0.56500000,0.28000000,0.85000000,0.57000000,live_clob,1110.89640000,65.21739000,0.97767105,0.57790399,mid_underlying_cap_ratio,,,,,-18.06143401,-38.93856599,avoid_buy_yes,-18.06143401,-0.37660679,,false,false,false,short-rich-tail,,snapshot,,,,wide_pm_spread,"Options model uses SPY CBOE delayed; target month-end expiry 2026-06-30, IV expiry 2026-06-30, closest-strike IV sample. Hit/reach market uses tested one-touch probability model; incomplete rows fall back to 2x terminal probability. Polymarket quote refreshed from live CLOB during heatmap generation. Underlying upside cap YES price is 97.8%; PM trades at 58% of cap."
2026-05-13T21,relative_value_heatmap_v2_one_touch,SPY,spx-hit-jun-2026,2236210,"Will S&P 500 (SPX) hit $6,900 (LOW) in June?",June 2026,below,6900.00000000,2026-06-30T20:00:00Z,47.95833333,7430.30000000,SPY,743.03000000,CBOE delayed,cme_snapshot,0.20570000,,0.16731137,0.29891814,0.24000000,0.09000000,0.39000000,0.30000000,live_clob,582.89080000,716.03000000,,,,,,,,-9.10818560,-20.89181440,avoid_buy_yes,-9.10818560,-0.18991873,,false,false,false,mild-short-rich-tail,,snapshot,,,,wide_pm_spread;low_pm_liquidity,"Options model uses SPY CBOE delayed; target month-end expiry 2026-06-30, IV expiry 2026-06-30, closest-strike IV sample. Hit/reach market uses tested one-touch probability model; incomplete rows fall back to 2x terminal probability. Polymarket quote refreshed from live CLOB during heatmap generation."
2026-05-13T21,relative_value_heatmap_v2_one_touch,SPY,spx-hit-jun-2026,2236211,"Will S&P 500 (SPX) hit $6,700 (LOW) in June?",June 2026,below,6700.00000000,2026-06-30T20:00:00Z,47.95833333,7430.30000000,SPY,743.03000000,CBOE delayed,cme_snapshot,0.22875000,,0.11168498,0.19366611,0.19500000,0.11000000,0.28000000,0.17000000,live_clob,1145.94860000,969.79000000,,,,,,,,-8.63338929,-8.36661071,avoid_buy_yes,-8.63338929,-0.18001854,,false,false,false,mild-short-rich-tail,,snapshot,,,,wide_pm_spread,"Options model uses SPY CBOE delayed; target month-end expiry 2026-06-30, IV expiry 2026-06-30, closest-strike IV sample. Hit/reach market uses tested one-touch probability model; incomplete rows fall back to 2x terminal probability. Polymarket quote refreshed from live CLOB during heatmap generation."
2026-05-13T21,relative_value_heatmap_v2_one_touch,SPY,spx-hit-jun-2026,2236212,"Will S&P 500 (SPX) hit $6,500 (LOW) in June?",June 2026,below,6500.00000000,2026-06-30T20:00:00Z,47.95833333,7430.30000000,SPY,743.03000000,CBOE delayed,cme_snapshot,0.25327500,,0.07717557,0.12968741,0.12500000,0.05000000,0.20000000,0.15000000,live_clob,1155.73920000,702.14000000,,,,,,,,-7.03125919,-7.96874081,avoid_buy_yes,-7.03125919,-0.14661183,,false,false,false,mild-short-rich-tail,,snapshot,,,,wide_pm_spread,"Options model uses SPY CBOE delayed; target month-end expiry 2026-06-30, IV expiry 2026-06-30, closest-strike IV sample. Hit/reach market uses tested one-touch probability model; incomplete rows fall back to 2x terminal probability. Polymarket quote refreshed from live CLOB during heatmap generation."
2026-05-13T21,relative_value_heatmap_v2_one_touch,SPY,spx-hit-jun-2026,1125373,"Will S&P 500 (SPX) hit $8,000 (HIGH) in June?",June 2026,above,8000.00000000,2026-06-30T20:00:00Z,47.95833333,7430.30000000,SPY,743.03000000,CBOE delayed,cme_snapshot,0.12915000,,0.05314029,0.11671013,0.16150000,0.14000000,0.18300000,0.04300000,live_clob,10463.00875000,17475.88146100,0.92878750,0.17388262,cheap_vs_underlying_cap_bearish,,,,,-6.62898694,2.32898694,sell_yes_or_buy_no,-2.32898694,-0.04856272,,true,false,false,near-fair,,snapshot,,,,cheap_vs_underlying_cap_bearish,"Options model uses SPY CBOE delayed; target month-end expiry 2026-06-30, IV expiry 2026-06-30, closest-strike IV sample. Hit/reach market uses tested one-touch probability model; incomplete rows fall back to 2x terminal probability. Polymarket quote refreshed from live CLOB during heatmap generation. Underlying upside cap YES price is 92.9%; PM trades at 17% of cap."
2026-05-13T21,relative_value_heatmap_v2_one_touch,SPY,spx-hit-jun-2026,1125382,"Will S&P 500 (SPX) hit $6,300 (LOW) in June?",June 2026,below,6300.00000000,2026-06-30T20:00:00Z,47.95833333,7430.30000000,SPY,743.03000000,CBOE delayed,cme_snapshot,0.27882500,,0.05513351,0.08966245,0.10500000,0.10000000,0.11000000,0.01000000,live_clob,1236.45230000,30599.96198600,,,,,,,,-2.03375498,1.03375498,sell_yes_or_buy_no,-1.03375498,-0.02155527,,true,false,false,near-fair,,snapshot,,,,,"Options model uses SPY CBOE delayed; target month-end expiry 2026-06-30, IV expiry 2026-06-30, closest-strike IV sample. Hit/reach market uses tested one-touch probability model; incomplete rows fall back to 2x terminal probability. Polymarket quote refreshed from live CLOB during heatmap generation."
2026-05-13T21,relative_value_heatmap_v2_one_touch,SPY,spx-hit-jun-2026,1125383,"Will S&P 500 (SPX) hit $6,000 (LOW) in June?",June 2026,below,6000.00000000,2026-06-30T20:00:00Z,47.95833333,7430.30000000,SPY,743.03000000,CBOE delayed,cme_snapshot,0.31945000,,0.03551447,0.05484822,0.08000000,0.06000000,0.10000000,0.04000000,live_clob,10820.63370000,36941.20919600,,,,,,,,-4.51517765,0.51517765,sell_yes_or_buy_no,-0.51517765,-0.01074219,,true,false,false,near-fair,,snapshot,,,,,"Options model uses SPY CBOE delayed; target month-end expiry 2026-06-30, IV expiry 2026-06-30, closest-strike IV sample. Hit/reach market uses tested one-touch probability model; incomplete rows fall back to 2x terminal probability. Polymarket quote refreshed from live CLOB during heatmap generation."
2026-05-13T21,relative_value_heatmap_v2_one_touch,GOLD,what-will-gold-gc-hit-by-end-of-december,1294368,"Will Gold (GC) hit (HIGH) $6,000 by end of December?",December 2026,above,6000.00000000,2026-12-31T00:00:00Z,231.12500000,4691.50000000,GOLD_VALUATION_IV,4691.50000000,,valuations_fallback,0.23500000,0.22100000,0.07941215,0.22169425,0.32000000,0.31000000,0.33000000,0.02000000,live_clob,11189.47580000,136525.34591200,0.78191667,0.40925077,mid_underlying_cap_ratio,,,,,-10.83057501,8.83057501,sell_yes_or_buy_no,-8.83057501,-0.03820692,,true,false,false,mild-short-rich-tail,4691.50000000,snapshot,0.63679100,135635270.59999999,0.00000000,extreme_perp_funding,Options model falls back to latest gold_opt_iv_90d from daily-valuations.csv. Hit/reach market uses tested one-touch probability model; incomplete rows fall back to 2x terminal probability. Polymarket quote refreshed from live CLOB during heatmap generation. Underlying upside cap YES price is 78.2%; PM trades at 41% of cap.
2026-05-13T21,relative_value_heatmap_v2_one_touch,GOLD,what-will-gold-gc-hit-by-end-of-december,1294367,"Will Gold (GC) hit (HIGH) $7,000 by end of December?",December 2026,above,7000.00000000,2026-12-31T00:00:00Z,231.12500000,4691.50000000,GOLD_VALUATION_IV,4691.50000000,,valuations_fallback,0.23500000,0.22100000,0.01276242,0.04072054,0.12000000,0.11000000,0.13000000,0.02000000,live_clob,21595.51440000,43618.29378500,0.67021429,0.17904721,cheap_vs_underlying_cap_bearish,,,,,-8.92794607,6.92794607,sell_yes_or_buy_no,-6.92794607,-0.02997489,,true,false,false,mild-short-rich-tail,4691.50000000,snapshot,0.63679100,135635270.59999999,0.00000000,extreme_perp_funding;cheap_vs_underlying_cap_bearish,Options model falls back to latest gold_opt_iv_90d from daily-valuations.csv. Hit/reach market uses tested one-touch probability model; incomplete rows fall back to 2x terminal probability. Polymarket quote refreshed from live CLOB during heatmap generation. Underlying upside cap YES price is 67.0%; PM trades at 18% of cap.
2026-05-13T21,relative_value_heatmap_v2_one_touch,GOLD,what-will-gold-gc-hit-by-end-of-december,1294366,"Will Gold (GC) hit (HIGH) $8,000 by end of December?",December 2026,above,8000.00000000,2026-12-31T00:00:00Z,231.12500000,4691.50000000,GOLD_VALUATION_IV,4691.50000000,,valuations_fallback,0.23500000,0.22100000,0.00160213,0.00577252,0.07500000,0.07000000,0.08000000,0.01000000,live_clob,23013.82540000,21608.82873700,0.58643750,0.12789087,cheap_vs_underlying_cap_bearish,,,,,-7.42274768,6.42274768,sell_yes_or_buy_no,-6.42274768,-0.02778907,,true,false,false,mild-short-rich-tail,4691.50000000,snapshot,0.63679100,135635270.59999999,0.00000000,extreme_perp_funding;cheap_vs_underlying_cap_bearish,Options model falls back to latest gold_opt_iv_90d from daily-valuations.csv. Hit/reach market uses tested one-touch probability model; incomplete rows fall back to 2x terminal probability. Polymarket quote refreshed from live CLOB during heatmap generation. Underlying upside cap YES price is 58.6%; PM trades at 13% of cap.
2026-05-13T21,relative_value_heatmap_v2_one_touch,GOLD,what-will-gold-gc-hit-by-end-of-december,1294365,"Will Gold (GC) hit (HIGH) $10,000 by end of December?",December 2026,above,10000.00000000,2026-12-31T00:00:00Z,231.12500000,4691.50000000,GOLD_VALUATION_IV,4691.50000000,,valuations_fallback,0.23500000,0.22100000,0.00001731,0.00007695,0.05500000,0.05000000,0.06000000,0.01000000,live_clob,30271.82570000,21979.17387300,0.46915000,0.11723329,cheap_vs_underlying_cap_bearish,,,,,-5.99230489,4.99230489,sell_yes_or_buy_no,-4.99230489,-0.02160002,,true,false,false,near-fair,4691.50000000,snapshot,0.63679100,135635270.59999999,0.00000000,extreme_perp_funding;cheap_vs_underlying_cap_bearish,Options model falls back to latest gold_opt_iv_90d from daily-valuations.csv. Hit/reach market uses tested one-touch probability model; incomplete rows fall back to 2x terminal probability. Polymarket quote refreshed from live CLOB during heatmap generation. Underlying upside cap YES price is 46.9%; PM trades at 12% of cap.
2026-05-13T21,relative_value_heatmap_v2_one_touch,GOLD,what-will-gold-gc-hit-by-end-of-december,1294364,"Will Gold (GC) hit (HIGH) $12,000 by end of December?",December 2026,above,12000.00000000,2026-12-31T00:00:00Z,231.12500000,4691.50000000,GOLD_VALUATION_IV,4691.50000000,,valuations_fallback,0.23500000,0.22100000,0.00000016,0.00000083,0.05000000,0.04900000,0.05100000,0.00200000,live_clob,26235.27842000,37882.11261100,0.39095833,0.12789087,cheap_vs_underlying_cap_bearish,,,,,-5.09991721,4.89991721,sell_yes_or_buy_no,-4.89991721,-0.02120029,,true,false,false,near-fair,4691.50000000,snapshot,0.63679100,135635270.59999999,0.00000000,extreme_perp_funding;cheap_vs_underlying_cap_bearish,Options model falls back to latest gold_opt_iv_90d from daily-valuations.csv. Hit/reach market uses tested one-touch probability model; incomplete rows fall back to 2x terminal probability. Polymarket quote refreshed from live CLOB during heatmap generation. Underlying upside cap YES price is 39.1%; PM trades at 13% of cap.
2026-05-13T21,relative_value_heatmap_v2_one_touch,GOLD,what-will-gold-gc-hit-by-end-of-december,1294363,"Will Gold (GC) hit (HIGH) $15,000 by end of December?",December 2026,above,15000.00000000,2026-12-31T00:00:00Z,231.12500000,4691.50000000,GOLD_VALUATION_IV,4691.50000000,,valuations_fallback,0.23500000,0.22100000,0.00000000,0.00000000,0.04150000,0.04100000,0.04200000,0.00100000,live_clob,33928.29434000,24614.76133300,0.31276667,0.13268677,cheap_vs_underlying_cap_bearish,,,,,-4.19999991,4.09999991,sell_yes_or_buy_no,-4.09999991,-0.01773932,,true,false,false,near-fair,4691.50000000,snapshot,0.63679100,135635270.59999999,0.00000000,extreme_perp_funding;cheap_vs_underlying_cap_bearish,Options model falls back to latest gold_opt_iv_90d from daily-valuations.csv. Hit/reach market uses tested one-touch probability model; incomplete rows fall back to 2x terminal probability. Polymarket quote refreshed from live CLOB during heatmap generation. Underlying upside cap YES price is 31.3%; PM trades at 13% of cap.
2026-05-13T21,relative_value_heatmap_v2_one_touch,SPY,spx-hit-dec-2026,1125387,"Will S&P 500 (SPX) hit $8,200 (HIGH) in December?",December 2026,above,8200.00000000,2026-12-31T21:00:00Z,232.00000000,7430.30000000,SPY,743.03000000,CBOE delayed,cme_snapshot,0.14882500,,0.18632537,0.43946822,0.22000000,0.21000000,0.23000000,0.02000000,live_clob,2537.55410000,2068.87254800,0.90613415,0.24278966,cheap_vs_underlying_cap_bearish,,,,,20.94682208,-22.94682208,buy_yes,20.94682208,0.09028803,,true,false,false,strong-long-tail,,snapshot,,,,cheap_vs_underlying_cap_bearish,"Options model uses SPY CBOE delayed; target month-end expiry 2026-12-31, IV expiry 2026-12-31, closest-strike IV sample. Hit/reach market uses tested one-touch probability model; incomplete rows fall back to 2x terminal probability. Polymarket quote refreshed from live CLOB during heatmap generation. Underlying upside cap YES price is 90.6%; PM trades at 24% of cap."
2026-05-13T21,relative_value_heatmap_v2_one_touch,SPY,spx-hit-dec-2026,1125388,"Will S&P 500 (SPX) hit $7,800 (HIGH) in December?",December 2026,above,7800.00000000,2026-12-31T21:00:00Z,232.00000000,7430.30000000,SPY,743.03000000,CBOE delayed,cme_snapshot,0.16102500,,0.32887512,0.75284847,0.53000000,0.50000000,0.56000000,0.06000000,live_clob,853.58700000,769.40113600,0.95260256,0.55637054,mid_underlying_cap_ratio,,,,,19.28484664,-25.28484664,buy_yes,19.28484664,0.08312434,,false,false,false,long-tail,,snapshot,,,,wide_pm_spread;low_pm_liquidity,"Options model uses SPY CBOE delayed; target month-end expiry 2026-12-31, IV expiry 2026-12-31, closest-strike IV sample. Hit/reach market uses tested one-touch probability model; incomplete rows fall back to 2x terminal probability. Polymarket quote refreshed from live CLOB during heatmap generation. Underlying upside cap YES price is 95.3%; PM trades at 56% of cap."
2026-05-13T21,relative_value_heatmap_v2_one_touch,SPY,spx-hit-dec-2026,1125386,"Will S&P 500 (SPX) hit $8,600 (HIGH) in December?",December 2026,above,8600.00000000,2026-12-31T21:00:00Z,232.00000000,7430.30000000,SPY,743.03000000,CBOE delayed,cme_snapshot,0.15132500,,0.10128041,0.24855242,0.10000000,0.09000000,0.11000000,0.02000000,live_clob,993.80830000,6392.50647100,0.86398837,0.11574230,cheap_vs_underlying_cap_bearish,,,,,13.85524151,-15.85524151,buy_yes,13.85524151,0.05972087,,false,false,false,long-tail,,snapshot,,,,low_pm_liquidity;cheap_vs_underlying_cap_bearish,"Options model uses SPY CBOE delayed; target month-end expiry 2026-12-31, IV expiry 2026-12-31, closest-strike IV sample. Hit/reach market uses tested one-touch probability model; incomplete rows fall back to 2x terminal probability. Polymarket quote refreshed from live CLOB during heatmap generation. Underlying upside cap YES price is 86.4%; PM trades at 12% of cap."
2026-05-13T21,relative_value_heatmap_v2_one_touch,SPY,spx-hit-dec-2026,1125389,"Will S&P 500 (SPX) hit $7,600 (HIGH) in December?",December 2026,above,7600.00000000,2026-12-31T21:00:00Z,232.00000000,7430.30000000,SPY,743.03000000,CBOE delayed,cme_snapshot,0.16982500,,0.40723163,0.92071452,0.73000000,0.66000000,0.80000000,0.14000000,live_clob,580.60090000,5314.50784400,0.97767105,0.74667241,mid_underlying_cap_ratio,,,,,12.07145160,-26.07145160,buy_yes,12.07145160,0.05203212,,false,false,false,long-tail,,snapshot,,,,wide_pm_spread;low_pm_liquidity,"Options model uses SPY CBOE delayed; target month-end expiry 2026-12-31, IV expiry 2026-12-31, closest-strike IV sample. Hit/reach market uses tested one-touch probability model; incomplete rows fall back to 2x terminal probability. Polymarket quote refreshed from live CLOB during heatmap generation. Underlying upside cap YES price is 97.8%; PM trades at 75% of cap."
2026-05-13T21,relative_value_heatmap_v2_one_touch,SPY,spx-hit-dec-2026,1125393,"Will S&P 500 (SPX) hit $6,200 (LOW) in December?",December 2026,below,6200.00000000,2026-12-31T21:00:00Z,232.00000000,7430.30000000,SPY,743.03000000,CBOE delayed,cme_snapshot,0.25460000,,0.21412821,0.31984477,0.40400000,0.39900000,0.40900000,0.01000000,live_clob,2449.76900000,15213.08386400,,,,,,,,-8.91552293,7.91552293,sell_yes_or_buy_no,-7.91552293,-0.03411863,,true,false,true,mild-short-rich-tail,,snapshot,,,,,"Options model uses SPY CBOE delayed; target month-end expiry 2026-12-31, IV expiry 2026-12-31, closest-strike IV sample. Hit/reach market uses tested one-touch probability model; incomplete rows fall back to 2x terminal probability. Polymarket quote refreshed from live CLOB during heatmap generation."
2026-05-13T21,relative_value_heatmap_v2_one_touch,SPY,spx-hit-dec-2026,1125394,"Will S&P 500 (SPX) hit $5,800 (LOW) in December?",December 2026,below,5800.00000000,2026-12-31T21:00:00Z,232.00000000,7430.30000000,SPY,743.03000000,CBOE delayed,cme_snapshot,0.27852500,,0.15701180,0.21927747,0.31500000,0.29000000,0.34000000,0.05000000,live_clob,2737.34050000,13251.77638800,,,,,,,,-12.07225283,7.07225283,sell_yes_or_buy_no,-7.07225283,-0.03048385,,false,false,false,mild-short-rich-tail,,snapshot,,,,wide_pm_spread,"Options model uses SPY CBOE delayed; target month-end expiry 2026-12-31, IV expiry 2026-12-31, closest-strike IV sample. Hit/reach market uses tested one-touch probability model; incomplete rows fall back to 2x terminal probability. Polymarket quote refreshed from live CLOB during heatmap generation."
2026-05-13T21,relative_value_heatmap_v2_one_touch,SPY,spx-hit-dec-2026,1125385,"Will S&P 500 (SPX) hit $9,300 (HIGH) in December?",December 2026,above,9300.00000000,2026-12-31T21:00:00Z,232.00000000,7430.30000000,SPY,743.03000000,CBOE delayed,cme_snapshot,0.17397500,,0.04546822,0.12065317,0.04700000,0.04000000,0.05400000,0.01400000,live_clob,7340.19493000,2610.68668500,0.79895699,0.05882670,cheap_vs_underlying_cap_bearish,,,,,6.66531714,-8.06531714,buy_yes,6.66531714,0.02872982,,true,false,true,mild-long-tail,,snapshot,,,,cheap_vs_underlying_cap_bearish,"Options model uses SPY CBOE delayed; target month-end expiry 2026-12-31, IV expiry 2026-12-31, closest-strike IV sample. Hit/reach market uses tested one-touch probability model; incomplete rows fall back to 2x terminal probability. Polymarket quote refreshed from live CLOB during heatmap generation. Underlying upside cap YES price is 79.9%; PM trades at 6% of cap."
2026-05-13T21,relative_value_heatmap_v2_one_touch,SPY,spx-hit-dec-2026,1125396,"Will S&P 500 (SPX) hit $4,500 (LOW) in December?",December 2026,below,4500.00000000,2026-12-31T21:00:00Z,232.00000000,7430.30000000,SPY,743.03000000,CBOE delayed,cme_snapshot,0.36620000,,0.05760068,0.06195151,0.09500000,0.09000000,0.10000000,0.01000000,live_clob,1362.82030000,15253.30085900,,,,,,,,-3.80484905,2.80484905,sell_yes_or_buy_no,-2.80484905,-0.01208987,,true,false,false,near-fair,,snapshot,,,,,"Options model uses SPY CBOE delayed; target month-end expiry 2026-12-31, IV expiry 2026-12-31, closest-strike IV sample. Hit/reach market uses tested one-touch probability model; incomplete rows fall back to 2x terminal probability. Polymarket quote refreshed from live CLOB during heatmap generation."
2026-05-13T21,relative_value_heatmap_v2_one_touch,SPY,spx-hit-dec-2026,1125395,"Will S&P 500 (SPX) hit $5,200 (LOW) in December?",December 2026,below,5200.00000000,2026-12-31T21:00:00Z,232.00000000,7430.30000000,SPY,743.03000000,CBOE delayed,cme_snapshot,0.31922500,,0.10062362,0.12551510,0.16000000,0.15000000,0.17000000,0.02000000,live_clob,1378.56070000,9470.70589600,,,,,,,,-4.44849034,2.44849034,sell_yes_or_buy_no,-2.44849034,-0.01055384,,true,false,false,near-fair,,snapshot,,,,,"Options model uses SPY CBOE delayed; target month-end expiry 2026-12-31, IV expiry 2026-12-31, closest-strike IV sample. Hit/reach market uses tested one-touch probability model; incomplete rows fall back to 2x terminal probability. Polymarket quote refreshed from live CLOB during heatmap generation."
2026-05-13T21,relative_value_heatmap_v2_one_touch,BTC,what-price-will-bitcoin-hit-before-2027,1345531,"Will Bitcoin reach $90,000 by December 31, 2026?",December 2026,above,90000.00000000,2027-01-01T05:00:00Z,232.33333333,79374.00000000,IBIT,45.15000000,CBOE delayed,cme_snapshot,0.43990000,0.36800000,0.29669105,0.85409925,0.64500000,0.64000000,0.65000000,0.01000000,live_clob,36051.82210000,587274.78620300,0.88193333,0.73134780,mid_underlying_cap_ratio,,,,,20.40992472,-21.40992472,buy_yes,20.40992472,0.08784760,,true,false,true,strong-long-tail,79374.00000000,snapshot,0.05191900,2245009928.21999979,0.00000000,,"Options model uses IBIT CBOE delayed; target month-end expiry 2026-12-31, IV expiry 2026-12-18, closest-strike IV sample. Hit/reach market uses tested one-touch probability model; incomplete rows fall back to 2x terminal probability. Strike scaled from underlying options proxy. Polymarket quote refreshed from live CLOB during heatmap generation. Underlying upside cap YES price is 88.2%; PM trades at 73% of cap."
2026-05-13T21,relative_value_heatmap_v2_one_touch,BTC,what-price-will-bitcoin-hit-before-2027,701496,"Will Bitcoin reach $100,000 by December 31, 2026?",December 2026,above,100000.00000000,2027-01-01T05:00:00Z,232.33333333,79374.00000000,IBIT,45.15000000,CBOE delayed,cme_snapshot,0.43937500,0.36800000,0.20171604,0.62705619,0.43500000,0.43000000,0.44000000,0.01000000,live_clob,95961.47250000,1577008.72776600,0.79374000,0.54803840,mid_underlying_cap_ratio,,,,,18.70561881,-19.70561881,buy_yes,18.70561881,0.08051199,,true,false,true,long-tail,79374.00000000,snapshot,0.05191900,2245009928.21999979,0.00000000,,"Options model uses IBIT CBOE delayed; target month-end expiry 2026-12-31, IV expiry 2026-12-18, closest-strike IV sample. Hit/reach market uses tested one-touch probability model; incomplete rows fall back to 2x terminal probability. Strike scaled from underlying options proxy. Polymarket quote refreshed from live CLOB during heatmap generation. Underlying upside cap YES price is 79.4%; PM trades at 55% of cap."
2026-05-13T21,relative_value_heatmap_v2_one_touch,BTC,what-price-will-bitcoin-hit-before-2027,701495,"Will Bitcoin reach $110,000 by December 31, 2026?",December 2026,above,110000.00000000,2027-01-01T05:00:00Z,232.33333333,79374.00000000,IBIT,45.15000000,CBOE delayed,cme_snapshot,0.43987500,0.36800000,0.13409376,0.44892088,0.26500000,0.26000000,0.27000000,0.01000000,live_clob,33972.14400000,874986.43271000,0.72158182,0.36724872,mid_underlying_cap_ratio,,,,,17.89208758,-18.89208758,buy_yes,17.89208758,0.07701042,,true,false,true,long-tail,79374.00000000,snapshot,0.05191900,2245009928.21999979,0.00000000,,"Options model uses IBIT CBOE delayed; target month-end expiry 2026-12-31, IV expiry 2026-12-18, closest-strike IV sample. Hit/reach market uses tested one-touch probability model; incomplete rows fall back to 2x terminal probability. Strike scaled from underlying options proxy. Polymarket quote refreshed from live CLOB during heatmap generation. Underlying upside cap YES price is 72.2%; PM trades at 37% of cap."
2026-05-13T21,relative_value_heatmap_v2_one_touch,BTC,what-price-will-bitcoin-hit-before-2027,701501,"Will Bitcoin dip to $55,000 by December 31, 2026?",December 2026,below,55000.00000000,2027-01-01T05:00:00Z,232.33333333,79374.00000000,IBIT,45.15000000,CBOE delayed,cme_snapshot,0.53850000,0.36800000,0.26049571,0.28447095,0.46500000,0.46000000,0.47000000,0.01000000,live_clob,60831.78070000,2825019.19889400,,,,,,,,-18.55290476,17.55290476,sell_yes_or_buy_no,-17.55290476,-0.07555052,,true,true,true,short-rich-tail,79374.00000000,snapshot,0.05191900,2245009928.21999979,0.00000000,,"Options model uses IBIT CBOE delayed; target month-end expiry 2026-12-31, IV expiry 2026-12-18, closest-strike IV sample. Hit/reach market uses tested one-touch probability model; incomplete rows fall back to 2x terminal probability. Strike scaled from underlying options proxy. Polymarket quote refreshed from live CLOB during heatmap generation."
2026-05-13T21,relative_value_heatmap_v2_one_touch,ETH,what-price-will-ethereum-hit-before-2027,701549,"Will Ethereum reach $3,500 by December 31, 2026?",December 2026,above,3500.00000000,2027-01-01T05:00:00Z,232.33333333,2256.60000000,ETHA,17.05500000,CBOE delayed,cme_snapshot,0.61737500,,0.12734478,0.51714276,0.35500000,0.35000000,0.36000000,0.01000000,live_clob,20123.80870000,278560.03482800,0.64474286,0.55060711,mid_underlying_cap_ratio,,,,,15.71427633,-16.71427633,buy_yes,15.71427633,0.06763677,,true,false,false,long-tail,2256.60000000,snapshot,0.10950000,1335567276.16000009,0.00000000,extreme_perp_funding,"Options model uses ETHA CBOE delayed; target month-end expiry 2026-12-31, IV expiry 2026-12-18, closest-strike IV sample. Hit/reach market uses tested one-touch probability model; incomplete rows fall back to 2x terminal probability. Polymarket quote refreshed from live CLOB during heatmap generation. Underlying upside cap YES price is 64.5%; PM trades at 55% of cap."
2026-05-13T21,relative_value_heatmap_v2_one_touch,BTC,what-price-will-bitcoin-hit-before-2027,1339767,"Will Bitcoin dip to $50,000 by December 31, 2026?",December 2026,below,50000.00000000,2027-01-01T05:00:00Z,232.33333333,79374.00000000,IBIT,45.15000000,CBOE delayed,cme_snapshot,0.57165000,0.36800000,0.21519988,0.21519988,0.36500000,0.36000000,0.37000000,0.01000000,live_clob,60719.48180000,1074899.40231700,,,,,,,,-15.48001180,14.48001180,sell_yes_or_buy_no,-14.48001180,-0.06232430,,true,false,true,short-rich-tail,79374.00000000,snapshot,0.05191900,2245009928.21999979,0.00000000,,"Options model uses IBIT CBOE delayed; target month-end expiry 2026-12-31, IV expiry 2026-12-18, closest-strike IV sample. Hit/reach market uses tested one-touch probability model; incomplete rows fall back to 2x terminal probability. Strike scaled from underlying options proxy. Polymarket quote refreshed from live CLOB during heatmap generation."
2026-05-13T21,relative_value_heatmap_v2_one_touch,BTC,what-price-will-bitcoin-hit-before-2027,701494,"Will Bitcoin reach $120,000 by December 31, 2026?",December 2026,above,120000.00000000,2027-01-01T05:00:00Z,232.33333333,79374.00000000,IBIT,45.15000000,CBOE delayed,cme_snapshot,0.44540000,0.36800000,0.08957465,0.32268682,0.17500000,0.17000000,0.18000000,0.01000000,live_clob,32368.79190000,721065.26127700,0.66145000,0.26457026,cheap_vs_underlying_cap_bearish,,,,,14.26868232,-15.26868232,buy_yes,14.26868232,0.06141470,,true,true,true,long-tail,79374.00000000,snapshot,0.05191900,2245009928.21999979,0.00000000,cheap_vs_underlying_cap_bearish,"Options model uses IBIT CBOE delayed; target month-end expiry 2026-12-31, IV expiry 2026-12-18, closest-strike IV sample. Hit/reach market uses tested one-touch probability model; incomplete rows fall back to 2x terminal probability. Strike scaled from underlying options proxy. Polymarket quote refreshed from live CLOB during heatmap generation. Underlying upside cap YES price is 66.1%; PM trades at 26% of cap."
2026-05-13T21,relative_value_heatmap_v2_one_touch,ETH,what-price-will-ethereum-hit-before-2027,701548,"Will Ethereum reach $4,000 by December 31, 2026?",December 2026,above,4000.00000000,2027-01-01T05:00:00Z,232.33333333,2256.60000000,ETHA,17.05500000,CBOE delayed,cme_snapshot,0.62952500,,0.08178222,0.37226533,0.24500000,0.24000000,0.25000000,0.01000000,live_clob,2467.21190000,157516.40005600,0.56415000,0.43428166,mid_underlying_cap_ratio,,,,,12.22653251,-13.22653251,buy_yes,12.22653251,0.05262496,,true,false,false,long-tail,2256.60000000,snapshot,0.10950000,1335567276.16000009,0.00000000,extreme_perp_funding,"Options model uses ETHA CBOE delayed; target month-end expiry 2026-12-31, IV expiry 2026-12-18, closest-strike IV sample. Hit/reach market uses tested one-touch probability model; incomplete rows fall back to 2x terminal probability. Polymarket quote refreshed from live CLOB during heatmap generation. Underlying upside cap YES price is 56.4%; PM trades at 43% of cap."
2026-05-13T21,relative_value_heatmap_v2_one_touch,ETH,what-price-will-ethereum-hit-before-2027,701547,"Will Ethereum reach $4,500 by December 31, 2026?",December 2026,above,4500.00000000,2027-01-01T05:00:00Z,232.33333333,2256.60000000,ETHA,17.05500000,CBOE delayed,cme_snapshot,0.64285000,,0.05424176,0.27417503,0.16500000,0.16000000,0.17000000,0.01000000,live_clob,10827.53670000,148849.63691800,0.50146667,0.32903483,cheap_vs_underlying_cap_bearish,,,,,10.41750305,-11.41750305,buy_yes,10.41750305,0.04483861,,true,false,false,long-tail,2256.60000000,snapshot,0.10950000,1335567276.16000009,0.00000000,extreme_perp_funding;cheap_vs_underlying_cap_bearish,"Options model uses ETHA CBOE delayed; target month-end expiry 2026-12-31, IV expiry 2026-12-18, closest-strike IV sample. Hit/reach market uses tested one-touch probability model; incomplete rows fall back to 2x terminal probability. Polymarket quote refreshed from live CLOB during heatmap generation. Underlying upside cap YES price is 50.1%; PM trades at 33% of cap."
2026-05-13T21,relative_value_heatmap_v2_one_touch,BTC,what-price-will-bitcoin-hit-before-2027,701493,"Will Bitcoin reach $130,000 by December 31, 2026?",December 2026,above,130000.00000000,2027-01-01T05:00:00Z,232.33333333,79374.00000000,IBIT,45.15000000,CBOE delayed,cme_snapshot,0.45975000,0.36800000,0.06282575,0.24376376,0.13500000,0.13000000,0.14000000,0.01000000,live_clob,36778.97200000,936784.44386400,0.61056923,0.22110515,cheap_vs_underlying_cap_bearish,,,,,10.37637617,-11.37637617,buy_yes,10.37637617,0.04466159,,true,false,true,long-tail,79374.00000000,snapshot,0.05191900,2245009928.21999979,0.00000000,cheap_vs_underlying_cap_bearish,"Options model uses IBIT CBOE delayed; target month-end expiry 2026-12-31, IV expiry 2026-12-18, closest-strike IV sample. Hit/reach market uses tested one-touch probability model; incomplete rows fall back to 2x terminal probability. Strike scaled from underlying options proxy. Polymarket quote refreshed from live CLOB during heatmap generation. Underlying upside cap YES price is 61.1%; PM trades at 22% of cap."
2026-05-13T21,relative_value_heatmap_v2_one_touch,ETH,what-price-will-ethereum-hit-before-2027,701552,"Will Ethereum dip to $1,500 by December 31, 2026?",December 2026,below,1500.00000000,2027-01-01T05:00:00Z,232.33333333,2256.60000000,ETHA,17.05500000,CBOE delayed,cme_snapshot,0.69612500,,0.32265769,0.32265769,0.42500000,0.42000000,0.43000000,0.01000000,live_clob,37125.52120000,952197.52403600,,,,,,,,-10.73423065,9.73423065,sell_yes_or_buy_no,-9.73423065,-0.04189769,,true,false,false,mild-short-rich-tail,2256.60000000,snapshot,0.10950000,1335567276.16000009,0.00000000,extreme_perp_funding,"Options model uses ETHA CBOE delayed; target month-end expiry 2026-12-31, IV expiry 2026-12-18, closest-strike IV sample. Hit/reach market uses tested one-touch probability model; incomplete rows fall back to 2x terminal probability. Polymarket quote refreshed from live CLOB during heatmap generation."
2026-05-13T21,relative_value_heatmap_v2_one_touch,BTC,what-price-will-bitcoin-hit-before-2027,701502,"Will Bitcoin dip to $45,000 by December 31, 2026?",December 2026,below,45000.00000000,2027-01-01T05:00:00Z,232.33333333,79374.00000000,IBIT,45.15000000,CBOE delayed,cme_snapshot,0.60930000,0.36800000,0.17668959,0.17668959,0.27500000,0.27000000,0.28000000,0.01000000,live_clob,51368.72770000,2376760.62083100,,,,,,,,-10.33104083,9.33104083,sell_yes_or_buy_no,-9.33104083,-0.04016230,,true,false,true,mild-short-rich-tail,79374.00000000,snapshot,0.05191900,2245009928.21999979,0.00000000,,"Options model uses IBIT CBOE delayed; target month-end expiry 2026-12-31, IV expiry 2026-12-18, closest-strike IV sample. Hit/reach market uses tested one-touch probability model; incomplete rows fall back to 2x terminal probability. Strike scaled from underlying options proxy. Polymarket quote refreshed from live CLOB during heatmap generation."
2026-05-13T21,relative_value_heatmap_v2_one_touch,BTC,what-price-will-bitcoin-hit-before-2027,701491,"Will Bitcoin reach $150,000 by December 31, 2026?",December 2026,above,150000.00000000,2027-01-01T05:00:00Z,232.33333333,79374.00000000,IBIT,45.15000000,CBOE delayed,cme_snapshot,0.52407500,0.36800000,0.04139794,0.18761879,0.09000000,0.08000000,0.10000000,0.02000000,live_clob,63338.90470000,897189.76401900,0.52916000,0.17008088,cheap_vs_underlying_cap_bearish,,,,,8.76187860,-10.76187860,buy_yes,8.76187860,0.03771253,,true,false,false,mild-long-tail,79374.00000000,snapshot,0.05191900,2245009928.21999979,0.00000000,cheap_vs_underlying_cap_bearish,"Options model uses IBIT CBOE delayed; target month-end expiry 2026-12-31, IV expiry 2026-12-18, closest-strike IV sample. Hit/reach market uses tested one-touch probability model; incomplete rows fall back to 2x terminal probability. Strike scaled from underlying options proxy. Polymarket quote refreshed from live CLOB during heatmap generation. Underlying upside cap YES price is 52.9%; PM trades at 17% of cap."
2026-05-13T21,relative_value_heatmap_v2_one_touch,BTC,what-price-will-bitcoin-hit-before-2027,701492,"Will Bitcoin reach $140,000 by December 31, 2026?",December 2026,above,140000.00000000,2027-01-01T05:00:00Z,232.33333333,79374.00000000,IBIT,45.15000000,CBOE delayed,cme_snapshot,0.46945000,0.36800000,0.04401778,0.18276583,0.10500000,0.10000000,0.11000000,0.01000000,live_clob,32103.04600000,822864.71876700,0.56695714,0.18519918,cheap_vs_underlying_cap_bearish,,,,,7.27658252,-8.27658252,buy_yes,7.27658252,0.03131958,,true,true,true,mild-long-tail,79374.00000000,snapshot,0.05191900,2245009928.21999979,0.00000000,cheap_vs_underlying_cap_bearish,"Options model uses IBIT CBOE delayed; target month-end expiry 2026-12-31, IV expiry 2026-12-18, closest-strike IV sample. Hit/reach market uses tested one-touch probability model; incomplete rows fall back to 2x terminal probability. Strike scaled from underlying options proxy. Polymarket quote refreshed from live CLOB during heatmap generation. Underlying upside cap YES price is 56.7%; PM trades at 19% of cap."
2026-05-13T21,relative_value_heatmap_v2_one_touch,BTC,what-price-will-bitcoin-hit-before-2027,1339768,"Will Bitcoin dip to $40,000 by December 31, 2026?",December 2026,below,40000.00000000,2027-01-01T05:00:00Z,232.33333333,79374.00000000,IBIT,45.15000000,CBOE delayed,cme_snapshot,0.66500000,0.36800000,0.15140333,0.15140333,0.22500000,0.22000000,0.23000000,0.01000000,live_clob,33785.30020000,581292.38225100,,,,,,,,-7.85966739,6.85966739,sell_yes_or_buy_no,-6.85966739,-0.02952511,,true,false,true,mild-short-rich-tail,79374.00000000,snapshot,0.05191900,2245009928.21999979,0.00000000,,"Options model uses IBIT CBOE delayed; target month-end expiry 2026-12-31, IV expiry 2026-12-18, closest-strike IV sample. Hit/reach market uses tested one-touch probability model; incomplete rows fall back to 2x terminal probability. Strike scaled from underlying options proxy. Polymarket quote refreshed from live CLOB during heatmap generation."
2026-05-13T21,relative_value_heatmap_v2_one_touch,ETH,what-price-will-ethereum-hit-before-2027,701546,"Will Ethereum reach $5,000 by December 31, 2026?",December 2026,above,5000.00000000,2027-01-01T05:00:00Z,232.33333333,2256.60000000,ETHA,17.05500000,CBOE delayed,cme_snapshot,0.64285000,,0.03506960,0.19378531,0.12500000,0.12000000,0.13000000,0.01000000,live_clob,18365.30600000,340469.15821700,0.45132000,0.27696535,cheap_vs_underlying_cap_bearish,,,,,6.37853062,-7.37853062,buy_yes,6.37853062,0.02745422,,true,false,false,mild-long-tail,2256.60000000,snapshot,0.10950000,1335567276.16000009,0.00000000,extreme_perp_funding;cheap_vs_underlying_cap_bearish,"Options model uses ETHA CBOE delayed; target month-end expiry 2026-12-31, IV expiry 2026-12-18, closest-strike IV sample. Hit/reach market uses tested one-touch probability model; incomplete rows fall back to 2x terminal probability. Polymarket quote refreshed from live CLOB during heatmap generation. Underlying upside cap YES price is 45.1%; PM trades at 28% of cap."
2026-05-13T21,relative_value_heatmap_v2_one_touch,BTC,what-price-will-bitcoin-hit-before-2027,701490,"Will Bitcoin reach $160,000 by December 31, 2026?",December 2026,above,160000.00000000,2027-01-01T05:00:00Z,232.33333333,79374.00000000,IBIT,45.15000000,CBOE delayed,cme_snapshot,0.52407500,0.36800000,0.02941608,0.14090952,0.07500000,0.07000000,0.08000000,0.01000000,live_clob,50190.36470000,446009.53955600,0.49608750,0.15118301,cheap_vs_underlying_cap_bearish,,,,,6.09095190,-7.09095190,buy_yes,6.09095190,0.02621644,,true,true,true,mild-long-tail,79374.00000000,snapshot,0.05191900,2245009928.21999979,0.00000000,cheap_vs_underlying_cap_bearish,"Options model uses IBIT CBOE delayed; target month-end expiry 2026-12-31, IV expiry 2026-12-18, closest-strike IV sample. Hit/reach market uses tested one-touch probability model; incomplete rows fall back to 2x terminal probability. Strike scaled from underlying options proxy. Polymarket quote refreshed from live CLOB during heatmap generation. Underlying upside cap YES price is 49.6%; PM trades at 15% of cap."
2026-05-13T21,relative_value_heatmap_v2_one_touch,BTC,what-price-will-bitcoin-hit-before-2027,701489,"Will Bitcoin reach $170,000 by December 31, 2026?",December 2026,above,170000.00000000,2027-01-01T05:00:00Z,232.33333333,79374.00000000,IBIT,45.15000000,CBOE delayed,cme_snapshot,0.52407500,0.36800000,0.02093465,0.10570921,0.05950000,0.05600000,0.06300000,0.00700000,live_clob,66382.20101000,280798.70959400,0.46690588,0.12743468,cheap_vs_underlying_cap_bearish,,,,,4.27092058,-4.97092058,buy_yes,4.27092058,0.01838273,,true,false,false,near-fair,79374.00000000,snapshot,0.05191900,2245009928.21999979,0.00000000,cheap_vs_underlying_cap_bearish,"Options model uses IBIT CBOE delayed; target month-end expiry 2026-12-31, IV expiry 2026-12-18, closest-strike IV sample. Hit/reach market uses tested one-touch probability model; incomplete rows fall back to 2x terminal probability. Strike scaled from underlying options proxy. Polymarket quote refreshed from live CLOB during heatmap generation. Underlying upside cap YES price is 46.7%; PM trades at 13% of cap."
2026-05-13T21,relative_value_heatmap_v2_one_touch,BTC,what-price-will-bitcoin-hit-before-2027,701503,"Will Bitcoin dip to $35,000 by December 31, 2026?",December 2026,below,35000.00000000,2027-01-01T05:00:00Z,232.33333333,79374.00000000,IBIT,45.15000000,CBOE delayed,cme_snapshot,0.66500000,0.36800000,0.09978590,0.09978590,0.14500000,0.14000000,0.15000000,0.01000000,live_clob,39333.92400000,2051305.79357600,,,,,,,,-5.02141009,4.02141009,sell_yes_or_buy_no,-4.02141009,-0.01730880,,true,false,false,near-fair,79374.00000000,snapshot,0.05191900,2245009928.21999979,0.00000000,,"Options model uses IBIT CBOE delayed; target month-end expiry 2026-12-31, IV expiry 2026-12-18, closest-strike IV sample. Hit/reach market uses tested one-touch probability model; incomplete rows fall back to 2x terminal probability. Strike scaled from underlying options proxy. Polymarket quote refreshed from live CLOB during heatmap generation."
2026-05-13T21,relative_value_heatmap_v2_one_touch,ETH,what-price-will-ethereum-hit-before-2027,701545,"Will Ethereum reach $5,500 by December 31, 2026?",December 2026,above,5500.00000000,2027-01-01T05:00:00Z,232.33333333,2256.60000000,ETHA,17.05500000,CBOE delayed,cme_snapshot,0.64285000,,0.02289480,0.13733748,0.09500000,0.09000000,0.10000000,0.01000000,live_clob,19384.11460000,167184.33911200,0.41029091,0.23154303,cheap_vs_underlying_cap_bearish,,,,,3.73374794,-4.73374794,buy_yes,3.73374794,0.01607065,,true,false,false,near-fair,2256.60000000,snapshot,0.10950000,1335567276.16000009,0.00000000,extreme_perp_funding;cheap_vs_underlying_cap_bearish,"Options model uses ETHA CBOE delayed; target month-end expiry 2026-12-31, IV expiry 2026-12-18, closest-strike IV sample. Hit/reach market uses tested one-touch probability model; incomplete rows fall back to 2x terminal probability. Polymarket quote refreshed from live CLOB during heatmap generation. Underlying upside cap YES price is 41.0%; PM trades at 23% of cap."
2026-05-13T21,relative_value_heatmap_v2_one_touch,ETH,what-price-will-ethereum-hit-before-2027,701539,"Will Ethereum reach $10,000 by December 31, 2026?",December 2026,above,10000.00000000,2027-01-01T05:00:00Z,232.33333333,2256.60000000,ETHA,17.05500000,CBOE delayed,cme_snapshot,0.64285000,,0.00077273,0.00794353,0.03750000,0.03700000,0.03800000,0.00100000,live_clob,39463.32254000,363796.22478700,0.22566000,0.16617921,cheap_vs_underlying_cap_bearish,,,,,-3.00564720,2.90564720,sell_yes_or_buy_no,-2.90564720,-0.01250637,,true,false,false,near-fair,2256.60000000,snapshot,0.10950000,1335567276.16000009,0.00000000,extreme_perp_funding;cheap_vs_underlying_cap_bearish,"Options model uses ETHA CBOE delayed; target month-end expiry 2026-12-31, IV expiry 2026-12-18, closest-strike IV sample. Hit/reach market uses tested one-touch probability model; incomplete rows fall back to 2x terminal probability. Polymarket quote refreshed from live CLOB during heatmap generation. Underlying upside cap YES price is 22.6%; PM trades at 17% of cap."
2026-05-13T21,relative_value_heatmap_v2_one_touch,ETH,what-price-will-ethereum-hit-before-2027,701554,"Will Ethereum dip to $800 by December 31, 2026?",December 2026,below,800.00000000,2027-01-01T05:00:00Z,232.33333333,2256.60000000,ETHA,17.05500000,CBOE delayed,cme_snapshot,0.77372500,,0.08434248,0.08434248,0.11500000,0.11000000,0.12000000,0.01000000,live_clob,16014.05540000,493374.52173800,,,,,,,,-3.56575183,2.56575183,sell_yes_or_buy_no,-2.56575183,-0.01104341,,true,false,false,near-fair,2256.60000000,snapshot,0.10950000,1335567276.16000009,0.00000000,extreme_perp_funding,"Options model uses ETHA CBOE delayed; target month-end expiry 2026-12-31, IV expiry 2026-12-18, closest-strike IV sample. Hit/reach market uses tested one-touch probability model; incomplete rows fall back to 2x terminal probability. Polymarket quote refreshed from live CLOB during heatmap generation."
2026-05-13T21,relative_value_heatmap_v2_one_touch,BTC,what-price-will-bitcoin-hit-before-2027,701488,"Will Bitcoin reach $180,000 by December 31, 2026?",December 2026,above,180000.00000000,2027-01-01T05:00:00Z,232.33333333,79374.00000000,IBIT,45.15000000,CBOE delayed,cme_snapshot,0.52407500,0.36800000,0.01493249,0.07928609,0.05200000,0.05000000,0.05400000,0.00400000,live_clob,64984.76879000,382185.01034700,0.44096667,0.11792275,cheap_vs_underlying_cap_bearish,,,,,2.52860906,-2.92860906,buy_yes,2.52860906,0.01088354,,true,false,false,near-fair,79374.00000000,snapshot,0.05191900,2245009928.21999979,0.00000000,cheap_vs_underlying_cap_bearish,"Options model uses IBIT CBOE delayed; target month-end expiry 2026-12-31, IV expiry 2026-12-18, closest-strike IV sample. Hit/reach market uses tested one-touch probability model; incomplete rows fall back to 2x terminal probability. Strike scaled from underlying options proxy. Polymarket quote refreshed from live CLOB during heatmap generation. Underlying upside cap YES price is 44.1%; PM trades at 12% of cap."
2026-05-13T21,relative_value_heatmap_v2_one_touch,BTC,what-price-will-bitcoin-hit-before-2027,1343228,"Will Bitcoin dip to $5,000 by December 31, 2026?",December 2026,below,5000.00000000,2027-01-01T05:00:00Z,232.33333333,79374.00000000,IBIT,45.15000000,CBOE delayed,cme_snapshot,0.97740000,0.36800000,0.00077322,0.00077322,0.02550000,0.02500000,0.02600000,0.00100000,live_clob,50981.00692000,526652.83419900,,,,,,,,-2.52267777,2.42267777,sell_yes_or_buy_no,-2.42267777,-0.01042759,,true,false,false,near-fair,79374.00000000,snapshot,0.05191900,2245009928.21999979,0.00000000,,"Options model uses IBIT CBOE delayed; target month-end expiry 2026-12-31, IV expiry 2026-12-18, closest-strike IV sample. Hit/reach market uses tested one-touch probability model; incomplete rows fall back to 2x terminal probability. Strike scaled from underlying options proxy. Polymarket quote refreshed from live CLOB during heatmap generation."
2026-05-13T21,relative_value_heatmap_v2_one_touch,BTC,what-price-will-bitcoin-hit-before-2027,1343220,"Will Bitcoin dip to $10,000 by December 31, 2026?",December 2026,below,10000.00000000,2027-01-01T05:00:00Z,232.33333333,79374.00000000,IBIT,45.15000000,CBOE delayed,cme_snapshot,0.97740000,0.36800000,0.01146431,0.01146431,0.03550000,0.03500000,0.03600000,0.00100000,live_clob,36588.72269000,590696.65625900,,,,,,,,-2.45356882,2.35356882,sell_yes_or_buy_no,-2.35356882,-0.01013014,,true,false,false,near-fair,79374.00000000,snapshot,0.05191900,2245009928.21999979,0.00000000,,"Options model uses IBIT CBOE delayed; target month-end expiry 2026-12-31, IV expiry 2026-12-18, closest-strike IV sample. Hit/reach market uses tested one-touch probability model; incomplete rows fall back to 2x terminal probability. Strike scaled from underlying options proxy. Polymarket quote refreshed from live CLOB during heatmap generation."
2026-05-13T21,relative_value_heatmap_v2_one_touch,ETH,what-price-will-ethereum-hit-before-2027,701540,"Will Ethereum reach $8,000 by December 31, 2026?",December 2026,above,8000.00000000,2027-01-01T05:00:00Z,232.33333333,2256.60000000,ETHA,17.05500000,CBOE delayed,cme_snapshot,0.64285000,,0.00316867,0.02653788,0.05100000,0.05000000,0.05200000,0.00200000,live_clob,39820.62254000,198988.65638400,0.28207500,0.18080298,cheap_vs_underlying_cap_bearish,,,,,-2.54621200,2.34621200,sell_yes_or_buy_no,-2.34621200,-0.01009847,,true,false,false,near-fair,2256.60000000,snapshot,0.10950000,1335567276.16000009,0.00000000,extreme_perp_funding;cheap_vs_underlying_cap_bearish,"Options model uses ETHA CBOE delayed; target month-end expiry 2026-12-31, IV expiry 2026-12-18, closest-strike IV sample. Hit/reach market uses tested one-touch probability model; incomplete rows fall back to 2x terminal probability. Polymarket quote refreshed from live CLOB during heatmap generation. Underlying upside cap YES price is 28.2%; PM trades at 18% of cap."
2026-05-13T21,relative_value_heatmap_v2_one_touch,BTC,what-price-will-bitcoin-hit-before-2027,701504,"Will Bitcoin dip to $25,000 by December 31, 2026?",December 2026,below,25000.00000000,2027-01-01T05:00:00Z,232.33333333,79374.00000000,IBIT,45.15000000,CBOE delayed,cme_snapshot,0.77075000,0.36800000,0.05739813,0.05739813,0.08500000,0.08000000,0.09000000,0.01000000,live_clob,33903.79550000,786012.95703300,,,,,,,,-3.26018723,2.26018723,sell_yes_or_buy_no,-2.26018723,-0.00972821,,true,false,false,near-fair,79374.00000000,snapshot,0.05191900,2245009928.21999979,0.00000000,,"Options model uses IBIT CBOE delayed; target month-end expiry 2026-12-31, IV expiry 2026-12-18, closest-strike IV sample. Hit/reach market uses tested one-touch probability model; incomplete rows fall back to 2x terminal probability. Strike scaled from underlying options proxy. Polymarket quote refreshed from live CLOB during heatmap generation."
2026-05-13T21,relative_value_heatmap_v2_one_touch,BTC,what-price-will-bitcoin-hit-before-2027,1057883,"Will Bitcoin reach $250,000 by December 31, 2026?",December 2026,above,250000.00000000,2027-01-01T05:00:00Z,232.33333333,79374.00000000,IBIT,45.15000000,CBOE delayed,cme_snapshot,0.52407500,0.36800000,0.00154023,0.01100435,0.03150000,0.03100000,0.03200000,0.00100000,live_clob,91333.99248000,4901196.08493195,0.31749600,0.09921385,cheap_vs_underlying_cap_bearish,,,,,-2.09956467,1.99956467,sell_yes_or_buy_no,-1.99956467,-0.00860645,,true,false,false,near-fair,79374.00000000,snapshot,0.05191900,2245009928.21999979,0.00000000,cheap_vs_underlying_cap_bearish,"Options model uses IBIT CBOE delayed; target month-end expiry 2026-12-31, IV expiry 2026-12-18, closest-strike IV sample. Hit/reach market uses tested one-touch probability model; incomplete rows fall back to 2x terminal probability. Strike scaled from underlying options proxy. Polymarket quote refreshed from live CLOB during heatmap generation. Underlying upside cap YES price is 31.7%; PM trades at 10% of cap."
2026-05-13T21,relative_value_heatmap_v2_one_touch,BTC,what-price-will-bitcoin-hit-before-2027,1393068,"Will Bitcoin reach $500,000 by December 31, 2026?",December 2026,above,500000.00000000,2027-01-01T05:00:00Z,232.33333333,79374.00000000,IBIT,45.15000000,CBOE delayed,cme_snapshot,0.52407500,0.36800000,0.00000190,0.00002615,0.02050000,0.02000000,0.02100000,0.00100000,live_clob,62553.32910000,1067639.27223600,0.15874800,0.12913549,cheap_vs_underlying_cap_bearish,,,,,-2.09738516,1.99738516,sell_yes_or_buy_no,-1.99738516,-0.00859707,,true,false,false,near-fair,79374.00000000,snapshot,0.05191900,2245009928.21999979,0.00000000,cheap_vs_underlying_cap_bearish,"Options model uses IBIT CBOE delayed; target month-end expiry 2026-12-31, IV expiry 2026-12-18, closest-strike IV sample. Hit/reach market uses tested one-touch probability model; incomplete rows fall back to 2x terminal probability. Strike scaled from underlying options proxy. Polymarket quote refreshed from live CLOB during heatmap generation. Underlying upside cap YES price is 15.9%; PM trades at 13% of cap."
2026-05-13T21,relative_value_heatmap_v2_one_touch,ETH,what-price-will-ethereum-hit-before-2027,701542,"Will Ethereum reach $7,000 by December 31, 2026?",December 2026,above,7000.00000000,2027-01-01T05:00:00Z,232.33333333,2256.60000000,ETHA,17.05500000,CBOE delayed,cme_snapshot,0.64285000,,0.00677904,0.05032220,0.06000000,0.05000000,0.07000000,0.02000000,live_clob,29252.37890000,133917.81722600,0.32237143,0.18612071,cheap_vs_underlying_cap_bearish,,,,,-1.96777952,-0.03222048,avoid_buy_yes,-1.96777952,-0.00846964,,false,false,false,near-fair,2256.60000000,snapshot,0.10950000,1335567276.16000009,0.00000000,extreme_perp_funding;cheap_vs_underlying_cap_bearish,"Options model uses ETHA CBOE delayed; target month-end expiry 2026-12-31, IV expiry 2026-12-18, closest-strike IV sample. Hit/reach market uses tested one-touch probability model; incomplete rows fall back to 2x terminal probability. Polymarket quote refreshed from live CLOB during heatmap generation. Underlying upside cap YES price is 32.2%; PM trades at 19% of cap."
2026-05-13T21,relative_value_heatmap_v2_one_touch,ETH,what-price-will-ethereum-hit-before-2027,701541,"Will Ethereum reach $7,500 by December 31, 2026?",December 2026,above,7500.00000000,2027-01-01T05:00:00Z,232.33333333,2256.60000000,ETHA,17.05500000,CBOE delayed,cme_snapshot,0.64285000,,0.00461206,0.03643086,0.05550000,0.05500000,0.05600000,0.00100000,live_clob,46309.42224000,109553.72721200,0.30088000,0.18445892,cheap_vs_underlying_cap_bearish,,,,,-1.95691413,1.85691413,sell_yes_or_buy_no,-1.85691413,-0.00799246,,true,false,false,near-fair,2256.60000000,snapshot,0.10950000,1335567276.16000009,0.00000000,extreme_perp_funding;cheap_vs_underlying_cap_bearish,"Options model uses ETHA CBOE delayed; target month-end expiry 2026-12-31, IV expiry 2026-12-18, closest-strike IV sample. Hit/reach market uses tested one-touch probability model; incomplete rows fall back to 2x terminal probability. Polymarket quote refreshed from live CLOB during heatmap generation. Underlying upside cap YES price is 30.1%; PM trades at 18% of cap."
2026-05-13T21,relative_value_heatmap_v2_one_touch,BTC,what-price-will-bitcoin-hit-before-2027,701487,"Will Bitcoin reach $190,000 by December 31, 2026?",December 2026,above,190000.00000000,2027-01-01T05:00:00Z,232.33333333,79374.00000000,IBIT,45.15000000,CBOE delayed,cme_snapshot,0.52407500,0.36800000,0.01068102,0.05949862,0.04150000,0.04100000,0.04200000,0.00100000,live_clob,72487.14395000,468676.15460900,0.41775789,0.09933983,cheap_vs_underlying_cap_bearish,,,,,1.74986219,-1.84986219,buy_yes,1.74986219,0.00753169,,true,false,false,near-fair,79374.00000000,snapshot,0.05191900,2245009928.21999979,0.00000000,cheap_vs_underlying_cap_bearish,"Options model uses IBIT CBOE delayed; target month-end expiry 2026-12-31, IV expiry 2026-12-18, closest-strike IV sample. Hit/reach market uses tested one-touch probability model; incomplete rows fall back to 2x terminal probability. Strike scaled from underlying options proxy. Polymarket quote refreshed from live CLOB during heatmap generation. Underlying upside cap YES price is 41.8%; PM trades at 10% of cap."
2026-05-13T21,relative_value_heatmap_v2_one_touch,BTC,what-price-will-bitcoin-hit-before-2027,1393070,"Will Bitcoin reach $1,000,000 by December 31, 2026?",December 2026,above,1000000.00000000,2027-01-01T05:00:00Z,232.33333333,79374.00000000,IBIT,45.15000000,CBOE delayed,cme_snapshot,0.52407500,0.36800000,0.00000000,0.00000000,0.01550000,0.01500000,0.01600000,0.00100000,live_clob,93169.91482000,1053460.89823200,0.07937400,0.19527805,cheap_vs_underlying_cap_bearish,,,,,-1.59999956,1.49999956,sell_yes_or_buy_no,-1.49999956,-0.00645624,,true,false,false,near-fair,79374.00000000,snapshot,0.05191900,2245009928.21999979,0.00000000,cheap_vs_underlying_cap_bearish,"Options model uses IBIT CBOE delayed; target month-end expiry 2026-12-31, IV expiry 2026-12-18, closest-strike IV sample. Hit/reach market uses tested one-touch probability model; incomplete rows fall back to 2x terminal probability. Strike scaled from underlying options proxy. Polymarket quote refreshed from live CLOB during heatmap generation. Underlying upside cap YES price is 7.9%; PM trades at 20% of cap."
2026-05-13T21,relative_value_heatmap_v2_one_touch,BTC,what-price-will-bitcoin-hit-before-2027,1057916,"Will Bitcoin dip to $15,000 by December 31, 2026?",December 2026,below,15000.00000000,2027-01-01T05:00:00Z,232.33333333,79374.00000000,IBIT,45.15000000,CBOE delayed,cme_snapshot,0.97740000,0.36800000,0.03977508,0.03977508,0.05300000,0.05200000,0.05400000,0.00200000,live_clob,69368.23623000,4748646.98654990,,,,,,,,-1.42249240,1.22249240,sell_yes_or_buy_no,-1.22249240,-0.00526180,,true,false,false,near-fair,79374.00000000,snapshot,0.05191900,2245009928.21999979,0.00000000,,"Options model uses IBIT CBOE delayed; target month-end expiry 2026-12-31, IV expiry 2026-12-18, closest-strike IV sample. Hit/reach market uses tested one-touch probability model; incomplete rows fall back to 2x terminal probability. Strike scaled from underlying options proxy. Polymarket quote refreshed from live CLOB during heatmap generation."
2026-05-13T21,relative_value_heatmap_v2_one_touch,ETH,what-price-will-ethereum-hit-before-2027,701543,"Will Ethereum reach $6,500 by December 31, 2026?",December 2026,above,6500.00000000,2027-01-01T05:00:00Z,232.33333333,2256.60000000,ETHA,17.05500000,CBOE delayed,cme_snapshot,0.64285000,,0.01006561,0.06993291,0.07000000,0.06000000,0.08000000,0.02000000,live_clob,20407.35330000,166444.67182300,0.34716923,0.20163077,cheap_vs_underlying_cap_bearish,,,,,-1.00670937,-0.99329063,avoid_buy_yes,-1.00670937,-0.00433304,,false,false,false,near-fair,2256.60000000,snapshot,0.10950000,1335567276.16000009,0.00000000,extreme_perp_funding;cheap_vs_underlying_cap_bearish,"Options model uses ETHA CBOE delayed; target month-end expiry 2026-12-31, IV expiry 2026-12-18, closest-strike IV sample. Hit/reach market uses tested one-touch probability model; incomplete rows fall back to 2x terminal probability. Polymarket quote refreshed from live CLOB during heatmap generation. Underlying upside cap YES price is 34.7%; PM trades at 20% of cap."
2026-05-13T21,relative_value_heatmap_v2_one_touch,ETH,what-price-will-ethereum-hit-before-2027,701553,"Will Ethereum dip to $1,000 by December 31, 2026?",December 2026,below,1000.00000000,2027-01-01T05:00:00Z,232.33333333,2256.60000000,ETHA,17.05500000,CBOE delayed,cme_snapshot,0.77372500,,0.15528793,0.15528793,0.16500000,0.16000000,0.17000000,0.01000000,live_clob,30794.12170000,571025.35028001,,,,,,,,-1.47120743,0.47120743,sell_yes_or_buy_no,-0.47120743,-0.00202815,,true,false,false,near-fair,2256.60000000,snapshot,0.10950000,1335567276.16000009,0.00000000,extreme_perp_funding,"Options model uses ETHA CBOE delayed; target month-end expiry 2026-12-31, IV expiry 2026-12-18, closest-strike IV sample. Hit/reach market uses tested one-touch probability model; incomplete rows fall back to 2x terminal probability. Polymarket quote refreshed from live CLOB during heatmap generation."
2026-05-13T21,relative_value_heatmap_v2_one_touch,BTC,what-price-will-bitcoin-hit-before-2027,1343219,"Will Bitcoin dip to $20,000 by December 31, 2026?",December 2026,below,20000.00000000,2027-01-01T05:00:00Z,232.33333333,79374.00000000,IBIT,45.15000000,CBOE delayed,cme_snapshot,0.89007500,0.36800000,0.05568734,0.05568734,0.06500000,0.06000000,0.07000000,0.01000000,live_clob,53992.95300000,336300.41378400,,,,,,,,-1.43126591,0.43126591,sell_yes_or_buy_no,-0.43126591,-0.00185624,,true,false,false,near-fair,79374.00000000,snapshot,0.05191900,2245009928.21999979,0.00000000,,"Options model uses IBIT CBOE delayed; target month-end expiry 2026-12-31, IV expiry 2026-12-18, closest-strike IV sample. Hit/reach market uses tested one-touch probability model; incomplete rows fall back to 2x terminal probability. Strike scaled from underlying options proxy. Polymarket quote refreshed from live CLOB during heatmap generation."
2026-05-13T21,relative_value_heatmap_v2_one_touch,ETH,what-price-will-ethereum-hit-before-2027,701544,"Will Ethereum reach $6,000 by December 31, 2026?",December 2026,above,6000.00000000,2027-01-01T05:00:00Z,232.33333333,2256.60000000,ETHA,17.05500000,CBOE delayed,cme_snapshot,0.64285000,,0.01510135,0.09774743,0.09000000,0.08000000,0.10000000,0.02000000,live_clob,24694.81830000,262513.87599300,0.37610000,0.23929806,cheap_vs_underlying_cap_bearish,,,,,-0.22525708,-1.77474292,avoid_buy_yes,-0.22525708,-0.00096954,,false,false,false,near-fair,2256.60000000,snapshot,0.10950000,1335567276.16000009,0.00000000,extreme_perp_funding;cheap_vs_underlying_cap_bearish,"Options model uses ETHA CBOE delayed; target month-end expiry 2026-12-31, IV expiry 2026-12-18, closest-strike IV sample. Hit/reach market uses tested one-touch probability model; incomplete rows fall back to 2x terminal probability. Polymarket quote refreshed from live CLOB during heatmap generation. Underlying upside cap YES price is 37.6%; PM trades at 24% of cap."
2026-05-13T21,relative_value_heatmap_v2_one_touch,BTC,what-price-will-bitcoin-hit-before-2027,701486,"Will Bitcoin reach $200,000 by December 31, 2026?",December 2026,above,200000.00000000,2027-01-01T05:00:00Z,232.33333333,79374.00000000,IBIT,45.15000000,CBOE delayed,cme_snapshot,0.52407500,0.36800000,0.00766433,0.04469788,0.04250000,0.04200000,0.04300000,0.00100000,live_clob,87802.56626000,1602805.77134100,0.39687000,0.10708796,cheap_vs_underlying_cap_bearish,,,,,0.16978839,-0.26978839,buy_yes,0.16978839,0.00073080,,true,false,false,near-fair,79374.00000000,snapshot,0.05191900,2245009928.21999979,0.00000000,cheap_vs_underlying_cap_bearish,"Options model uses IBIT CBOE delayed; target month-end expiry 2026-12-31, IV expiry 2026-12-18, closest-strike IV sample. Hit/reach market uses tested one-touch probability model; incomplete rows fall back to 2x terminal probability. Strike scaled from underlying options proxy. Polymarket quote refreshed from live CLOB during heatmap generation. Underlying upside cap YES price is 39.7%; PM trades at 11% of cap."
2026-05-13T21,relative_value_heatmap_v2_one_touch,BTC,what-price-will-bitcoin-hit-before-2027,1339769,"Will Bitcoin dip to $30,000 by December 31, 2026?",December 2026,below,30000.00000000,2027-01-01T05:00:00Z,232.33333333,79374.00000000,IBIT,45.15000000,CBOE delayed,cme_snapshot,0.77075000,0.36800000,0.10032018,0.10032018,0.09500000,0.09000000,0.10000000,0.01000000,live_clob,68693.26230000,319726.74718900,,,,,,,,0.03201767,-1.03201767,buy_yes,0.03201767,0.00013781,,true,false,false,near-fair,79374.00000000,snapshot,0.05191900,2245009928.21999979,0.00000000,,"Options model uses IBIT CBOE delayed; target month-end expiry 2026-12-31, IV expiry 2026-12-18, closest-strike IV sample. Hit/reach market uses tested one-touch probability model; incomplete rows fall back to 2x terminal probability. Strike scaled from underlying options proxy. Polymarket quote refreshed from live CLOB during heatmap generation."
2026-05-13T21,relative_value_heatmap_v2_one_touch,HYPE,what-price-will-hyperliquid-hit-before-2027,701744,"Will Hyperliquid dip to $8 by December 31, 2026?",December 2026,below,8.00000000,2027-01-01T05:00:00Z,232.33333333,38.81100000,,38.81100000,,,,0.68500000,,,0.05500000,0.05000000,0.06000000,0.01000000,live_clob,42013.81510000,152756.36521600,,,,,,,,,,no-options-model,,,,false,false,false,no-options,38.81100000,snapshot,0.10950000,808441124.28999996,0.00000000,no_listed_options_mapping;extreme_perp_funding,No listed options model is used for this asset. Polymarket quote refreshed from live CLOB during heatmap generation.
2026-05-13T21,relative_value_heatmap_v2_one_touch,HYPE,what-price-will-hyperliquid-hit-before-2027,701743,"Will Hyperliquid dip to $12 by December 31, 2026?",December 2026,below,12.00000000,2027-01-01T05:00:00Z,232.33333333,38.81100000,,38.81100000,,,,0.68500000,,,0.09500000,0.09000000,0.10000000,0.01000000,live_clob,11026.74890000,121967.34947700,,,,,,,,,,no-options-model,,,,false,false,false,no-options,38.81100000,snapshot,0.10950000,808441124.28999996,0.00000000,no_listed_options_mapping;extreme_perp_funding,No listed options model is used for this asset. Polymarket quote refreshed from live CLOB during heatmap generation.
2026-05-13T21,relative_value_heatmap_v2_one_touch,HYPE,what-price-will-hyperliquid-hit-before-2027,701742,"Will Hyperliquid dip to $16 by December 31, 2026?",December 2026,below,16.00000000,2027-01-01T05:00:00Z,232.33333333,38.81100000,,38.81100000,,,,0.68500000,,,0.16500000,0.15000000,0.18000000,0.03000000,live_clob,18471.40880000,77292.72062400,,,,,,,,,,no-options-model,,,,false,false,false,no-options,38.81100000,snapshot,0.10950000,808441124.28999996,0.00000000,no_listed_options_mapping;extreme_perp_funding,No listed options model is used for this asset. Polymarket quote refreshed from live CLOB during heatmap generation.
2026-05-13T21,relative_value_heatmap_v2_one_touch,HYPE,what-price-will-hyperliquid-hit-before-2027,701741,"Will Hyperliquid dip to $20 by December 31, 2026?",December 2026,below,20.00000000,2027-01-01T05:00:00Z,232.33333333,38.81100000,,38.81100000,,,,0.68500000,,,0.29150000,0.28300000,0.30000000,0.01700000,live_clob,8313.83246000,87840.65176100,,,,,,,,,,no-options-model,,,,false,false,false,no-options,38.81100000,snapshot,0.10950000,808441124.28999996,0.00000000,no_listed_options_mapping;extreme_perp_funding,No listed options model is used for this asset. Polymarket quote refreshed from live CLOB during heatmap generation.
2026-05-13T21,relative_value_heatmap_v2_one_touch,HYPE,what-price-will-hyperliquid-hit-before-2027,701734,"Will Hyperliquid reach $46 by December 31, 2026?",December 2026,above,46.00000000,2027-01-01T05:00:00Z,232.33333333,38.81100000,,38.81100000,,,,0.68500000,,,0.83500000,0.80100000,0.86900000,0.06800000,live_clob,915.46532000,12445.60904100,0.84371739,0.98966788,near_underlying_cap_bullish,,,,,,,no-options-model,,,,false,false,false,no-options,38.81100000,snapshot,0.10950000,808441124.28999996,0.00000000,wide_pm_spread;low_pm_liquidity;no_listed_options_mapping;extreme_perp_funding;near_underlying_cap_bullish,No listed options model is used for this asset. Polymarket quote refreshed from live CLOB during heatmap generation. Underlying upside cap YES price is 84.4%; PM trades at 99% of cap.
2026-05-13T21,relative_value_heatmap_v2_one_touch,HYPE,what-price-will-hyperliquid-hit-before-2027,701733,"Will Hyperliquid reach $50 by December 31, 2026?",December 2026,above,50.00000000,2027-01-01T05:00:00Z,232.33333333,38.81100000,,38.81100000,,,,0.68500000,,,0.82000000,0.79000000,0.85000000,0.06000000,live_clob,2636.53900000,20072.03928100,0.77622000,1.05640154,above_underlying_cap,,,,,,,no-options-model,,,,false,false,false,no-options,38.81100000,snapshot,0.10950000,808441124.28999996,0.00000000,wide_pm_spread;no_listed_options_mapping;extreme_perp_funding;above_underlying_cap,No listed options model is used for this asset. Polymarket quote refreshed from live CLOB during heatmap generation. Underlying upside cap YES price is 77.6%; PM trades at 106% of cap.
2026-05-13T21,relative_value_heatmap_v2_one_touch,HYPE,what-price-will-hyperliquid-hit-before-2027,701732,"Will Hyperliquid reach $54 by December 31, 2026?",December 2026,above,54.00000000,2027-01-01T05:00:00Z,232.33333333,38.81100000,,38.81100000,,,,0.68500000,,,0.66500000,0.66000000,0.67000000,0.01000000,live_clob,2872.57510000,44914.45677200,0.71872222,0.92525315,near_underlying_cap_bullish,,,,,,,no-options-model,,,,false,false,false,no-options,38.81100000,snapshot,0.10950000,808441124.28999996,0.00000000,no_listed_options_mapping;extreme_perp_funding;near_underlying_cap_bullish,No listed options model is used for this asset. Polymarket quote refreshed from live CLOB during heatmap generation. Underlying upside cap YES price is 71.9%; PM trades at 93% of cap.
2026-05-13T21,relative_value_heatmap_v2_one_touch,HYPE,what-price-will-hyperliquid-hit-before-2027,701731,"Will Hyperliquid reach $58 by December 31, 2026?",December 2026,above,58.00000000,2027-01-01T05:00:00Z,232.33333333,38.81100000,,38.81100000,,,,0.68500000,,,0.42500000,0.28000000,0.57000000,0.29000000,live_clob,190.77220000,5637.79949400,0.66915517,0.63512922,mid_underlying_cap_ratio,,,,,,,no-options-model,,,,false,false,false,no-options,38.81100000,snapshot,0.10950000,808441124.28999996,0.00000000,wide_pm_spread;low_pm_liquidity;no_listed_options_mapping;extreme_perp_funding,No listed options model is used for this asset. Polymarket quote refreshed from live CLOB during heatmap generation. Underlying upside cap YES price is 66.9%; PM trades at 64% of cap.
2026-05-13T21,relative_value_heatmap_v2_one_touch,HYPE,what-price-will-hyperliquid-hit-before-2027,701730,"Will Hyperliquid reach $62 by December 31, 2026?",December 2026,above,62.00000000,2027-01-01T05:00:00Z,232.33333333,38.81100000,,38.81100000,,,,0.68500000,,,0.36500000,0.23000000,0.50000000,0.27000000,live_clob,406.77490000,9481.85613700,0.62598387,0.58308212,mid_underlying_cap_ratio,,,,,,,no-options-model,,,,false,false,false,no-options,38.81100000,snapshot,0.10950000,808441124.28999996,0.00000000,wide_pm_spread;low_pm_liquidity;no_listed_options_mapping;extreme_perp_funding,No listed options model is used for this asset. Polymarket quote refreshed from live CLOB during heatmap generation. Underlying upside cap YES price is 62.6%; PM trades at 58% of cap.
2026-05-13T21,relative_value_heatmap_v2_one_touch,HYPE,what-price-will-hyperliquid-hit-before-2027,701729,"Will Hyperliquid reach $66 by December 31, 2026?",December 2026,above,66.00000000,2027-01-01T05:00:00Z,232.33333333,38.81100000,,38.81100000,,,,0.68500000,,,0.33000000,0.26000000,0.40000000,0.14000000,live_clob,811.40280000,32217.13350900,0.58804545,0.56118111,mid_underlying_cap_ratio,,,,,,,no-options-model,,,,false,false,false,no-options,38.81100000,snapshot,0.10950000,808441124.28999996,0.00000000,wide_pm_spread;low_pm_liquidity;no_listed_options_mapping;extreme_perp_funding,No listed options model is used for this asset. Polymarket quote refreshed from live CLOB during heatmap generation. Underlying upside cap YES price is 58.8%; PM trades at 56% of cap.
2026-05-13T21,relative_value_heatmap_v2_one_touch,HYPE,what-price-will-hyperliquid-hit-before-2027,701728,"Will Hyperliquid reach $70 by December 31, 2026?",December 2026,above,70.00000000,2027-01-01T05:00:00Z,232.33333333,38.81100000,,38.81100000,,,,0.68500000,,,0.34500000,0.31000000,0.38000000,0.07000000,live_clob,3596.50720000,24717.01907900,0.55444286,0.62224627,mid_underlying_cap_ratio,,,,,,,no-options-model,,,,false,false,false,no-options,38.81100000,snapshot,0.10950000,808441124.28999996,0.00000000,wide_pm_spread;no_listed_options_mapping;extreme_perp_funding,No listed options model is used for this asset. Polymarket quote refreshed from live CLOB during heatmap generation. Underlying upside cap YES price is 55.4%; PM trades at 62% of cap.
2026-05-13T21,relative_value_heatmap_v2_one_touch,HYPE,what-price-will-hyperliquid-hit-before-2027,701727,"Will Hyperliquid reach $80 by December 31, 2026?",December 2026,above,80.00000000,2027-01-01T05:00:00Z,232.33333333,38.81100000,,38.81100000,,,,0.68500000,,,0.24500000,0.24000000,0.25000000,0.01000000,live_clob,6785.50360000,23625.03934700,0.48513750,0.50501147,mid_underlying_cap_ratio,,,,,,,no-options-model,,,,false,false,false,no-options,38.81100000,snapshot,0.10950000,808441124.28999996,0.00000000,no_listed_options_mapping;extreme_perp_funding,No listed options model is used for this asset. Polymarket quote refreshed from live CLOB during heatmap generation. Underlying upside cap YES price is 48.5%; PM trades at 51% of cap.
2026-05-13T21,relative_value_heatmap_v2_one_touch,HYPE,what-price-will-hyperliquid-hit-before-2027,701726,"Will Hyperliquid reach $100 by December 31, 2026?",December 2026,above,100.00000000,2027-01-01T05:00:00Z,232.33333333,38.81100000,,38.81100000,,,,0.68500000,,,0.17500000,0.17000000,0.18000000,0.01000000,live_clob,13884.73190000,200501.56031300,0.38811000,0.45090309,mid_underlying_cap_ratio,,,,,,,no-options-model,,,,false,false,false,no-options,38.81100000,snapshot,0.10950000,808441124.28999996,0.00000000,no_listed_options_mapping;extreme_perp_funding,No listed options model is used for this asset. Polymarket quote refreshed from live CLOB during heatmap generation. Underlying upside cap YES price is 38.8%; PM trades at 45% of cap.
