timestamp,model_version,asset,event_slug,market_id,contract_question,contract_month,direction,strike,expiry,dte_days,spot,option_symbol,option_underlying,option_source,iv_resolution,option_iv,pm_iv,options_terminal_prob,options_touch_adjusted_prob,cme_option_symbol,cme_option_underlying,cme_option_source,cme_iv_resolution,cme_option_iv,cme_options_terminal_prob,cme_options_touch_adjusted_prob,cme_no_gap_pts,cboe_no_gap_pts,adjusted_no_gap_pts,source_agreement_bucket,no_bias_candidate_passed,proxy_penalty_pts,spread_penalty_pts,stale_data_penalty_pts,cme_disagreement_penalty_pts,asset_penalty_pts,pm_yes_price,pm_best_bid,pm_best_ask,pm_spread,pm_quote_source,liquidity,volume,underlying_cap_yes_price,pm_to_underlying_cap_ratio,underlying_cap_signal,settlement_yes_sum,settlement_overround,settlement_tail_yes,settlement_skew_yes,buy_yes_edge_pts,sell_yes_edge_pts,best_expression,edge_score,edge_pts_per_dte,edge_pts_per_dte_7d_change,eligible_displayable,eligible_for_shadow,eligible_for_backtest,edge_bucket,perp_mark,perp_source,perp_funding_ann,perp_oi_usd,perp_basis_pct,smart_flow_net_yes,smart_flow_stance,flags,notes
2026-09-10T02,relative_value_heatmap_v3_one_touch,OIL,what-price-will-wti-hit-in-september-2026,3954344,Will WTI Crude Oil (WTI) hit (LOW) $65 in September?,September 2026,below,65.00000000,2026-10-01T03:59:59.999Z,21.08333332,94.76400000,CME_CL,96.41000000,TradingView NYMEX CL1! options,tv_chain,1.30429787,0.30500000,0.12681674,0.23665634,CME_CL,96.41000000,TradingView NYMEX CL1! options,tv_chain,1.30429787,0.12681674,0.23665634,-21.81563432,-21.81563432,-25.81563432,both_negative_or_fair,false,0.00000000,1.00000000,0.00000000,0.00000000,3.00000000,0.01850000,0.01700000,0.02000000,0.00300000,snapshot,27752.34344000,28289.15028200,,,,,,,,21.66563432,-21.96563432,buy_yes,21.66563432,1.02761902,,true,false,false,strong-long-tail,94.76400000,snapshot,-1.67986100,191395539.36000001,0.00000000,,,extreme_perp_funding;oil_snapshot_uses_brent;pm_quote_from_snapshot,"Options model uses CME_CL TradingView NYMEX CL1! options; target month-end expiry 2026-09-30, IV expiry 2026-09-30, closest-strike IV sample. Hit/reach market uses tested one-touch probability model; incomplete rows fall back to 2x terminal probability. Dip touch probs use put-wing IV plus downside skew uplift (v3). CME sidecar uses CME_CL TradingView NYMEX CL1! options; IV expiry 2026-09-30, closest-strike IV sample."
2026-09-10T02,relative_value_heatmap_v3_one_touch,OIL,what-price-will-wti-hit-in-september-2026,3866516,Will WTI Crude Oil (WTI) hit (LOW) $70 in September?,September 2026,below,70.00000000,2026-10-01T03:59:59.999Z,21.08333332,94.76400000,CME_CL,96.41000000,TradingView NYMEX CL1! options,tv_chain,1.09792774,0.30500000,0.13137300,0.24754686,CME_CL,96.41000000,TradingView NYMEX CL1! options,tv_chain,1.09792774,0.13137300,0.24754686,-21.15468636,-21.15468636,-25.15468636,both_negative_or_fair,false,0.00000000,1.00000000,0.00000000,0.00000000,3.00000000,0.03600000,0.03300000,0.03900000,0.00600000,snapshot,62220.99227000,69441.30088900,,,,,,,,20.85468636,-21.45468636,buy_yes,20.85468636,0.98915508,,true,false,false,strong-long-tail,94.76400000,snapshot,-1.67986100,191395539.36000001,0.00000000,,,extreme_perp_funding;oil_snapshot_uses_brent;pm_quote_from_snapshot,"Options model uses CME_CL TradingView NYMEX CL1! options; target month-end expiry 2026-09-30, IV expiry 2026-09-30, closest-strike IV sample. Hit/reach market uses tested one-touch probability model; incomplete rows fall back to 2x terminal probability. Dip touch probs use put-wing IV plus downside skew uplift (v3). CME sidecar uses CME_CL TradingView NYMEX CL1! options; IV expiry 2026-09-30, closest-strike IV sample."
2026-09-10T02,relative_value_heatmap_v3_one_touch,OIL,what-price-will-wti-hit-in-september-2026,3866517,Will WTI Crude Oil (WTI) hit (LOW) $60 in September?,September 2026,below,60.00000000,2026-10-01T03:59:59.999Z,21.08333332,94.76400000,CME_CL,96.41000000,TradingView NYMEX CL1! options,tv_chain,1.48048968,0.30500000,0.11537064,0.21380465,CME_CL,96.41000000,TradingView NYMEX CL1! options,tv_chain,1.48048968,0.11537064,0.21380465,-19.93046467,-19.93046467,-23.93046467,both_negative_or_fair,false,0.00000000,1.00000000,0.00000000,0.00000000,3.00000000,0.01450000,0.01300000,0.01600000,0.00300000,snapshot,48211.04525000,61830.56640100,,,,,,,,19.78046467,-20.08046467,buy_yes,19.78046467,0.93820386,,true,false,false,long-tail,94.76400000,snapshot,-1.67986100,191395539.36000001,0.00000000,,,extreme_perp_funding;oil_snapshot_uses_brent;pm_quote_from_snapshot,"Options model uses CME_CL TradingView NYMEX CL1! options; target month-end expiry 2026-09-30, IV expiry 2026-09-30, closest-strike IV sample. Hit/reach market uses tested one-touch probability model; incomplete rows fall back to 2x terminal probability. Dip touch probs use put-wing IV plus downside skew uplift (v3). CME sidecar uses CME_CL TradingView NYMEX CL1! options; IV expiry 2026-09-30, closest-strike IV sample."
2026-09-10T02,relative_value_heatmap_v3_one_touch,OIL,what-price-will-wti-hit-in-september-2026,3954342,Will WTI Crude Oil (WTI) hit (LOW) $75 in September?,September 2026,below,75.00000000,2026-10-01T03:59:59.999Z,21.08333332,94.76400000,CME_CL,96.41000000,TradingView NYMEX CL1! options,tv_chain,0.85153736,0.30500000,0.12241344,0.23374960,CME_CL,96.41000000,TradingView NYMEX CL1! options,tv_chain,0.85153736,0.12241344,0.23374960,-15.87495956,-15.87495956,-19.87495956,both_negative_or_fair,false,0.00000000,1.00000000,0.00000000,0.00000000,3.00000000,0.07500000,0.07000000,0.08000000,0.01000000,snapshot,27608.92280000,45723.97058600,,,,,,,,15.37495956,-16.37495956,buy_yes,15.37495956,0.72924709,,true,false,false,long-tail,94.76400000,snapshot,-1.67986100,191395539.36000001,0.00000000,,,extreme_perp_funding;oil_snapshot_uses_brent;pm_quote_from_snapshot,"Options model uses CME_CL TradingView NYMEX CL1! options; target month-end expiry 2026-09-30, IV expiry 2026-09-30, closest-strike IV sample. Hit/reach market uses tested one-touch probability model; incomplete rows fall back to 2x terminal probability. Dip touch probs use put-wing IV plus downside skew uplift (v3). CME sidecar uses CME_CL TradingView NYMEX CL1! options; IV expiry 2026-09-30, closest-strike IV sample."
2026-09-10T02,relative_value_heatmap_v3_one_touch,OIL,what-price-will-wti-hit-in-september-2026,3866513,Will WTI Crude Oil (WTI) hit (HIGH) $100 in September?,September 2026,above,100.00000000,2026-10-01T03:59:59.999Z,21.08333332,94.76400000,CME_CL,96.41000000,TradingView NYMEX CL1! options,tv_chain,0.42765404,0.30500000,0.33873188,0.70122406,CME_CL,96.41000000,TradingView NYMEX CL1! options,tv_chain,0.42765404,0.33873188,0.70122406,-15.12240565,-15.12240565,-19.12240565,both_negative_or_fair,false,0.00000000,1.00000000,0.00000000,0.00000000,3.00000000,0.55000000,0.54000000,0.56000000,0.02000000,snapshot,31851.17400000,369269.19890000,0.94764000,0.58038918,mid_underlying_cap_ratio,,,,,14.12240565,-16.12240565,buy_yes,14.12240565,0.66983742,,true,false,false,long-tail,94.76400000,snapshot,-1.67986100,191395539.36000001,0.00000000,,,extreme_perp_funding;oil_snapshot_uses_brent;pm_quote_from_snapshot,"Options model uses CME_CL TradingView NYMEX CL1! options; target month-end expiry 2026-09-30, IV expiry 2026-09-30, closest-strike IV sample. Hit/reach market uses tested one-touch probability model; incomplete rows fall back to 2x terminal probability. CME sidecar uses CME_CL TradingView NYMEX CL1! options; IV expiry 2026-09-30, closest-strike IV sample. Underlying upside cap YES price is 94.8%; PM trades at 58% of cap."
2026-09-10T02,relative_value_heatmap_v3_one_touch,OIL,what-price-will-wti-hit-in-september-2026,3954347,Will WTI Crude Oil (WTI) hit (LOW) $55 in September?,September 2026,below,55.00000000,2026-10-01T03:59:59.999Z,21.08333332,94.76400000,CME_CL,96.41000000,TradingView NYMEX CL1! options,tv_chain,1.52782388,0.30500000,0.08162256,0.15167178,CME_CL,96.41000000,TradingView NYMEX CL1! options,tv_chain,1.52782388,0.08162256,0.15167178,-14.16717785,-14.16717785,-18.16717785,both_negative_or_fair,false,0.00000000,1.00000000,0.00000000,0.00000000,3.00000000,0.01000000,0.00600000,0.01400000,0.00800000,snapshot,26160.75523000,1284.50732800,,,,,,,,13.76717785,-14.56717785,buy_yes,13.76717785,0.65298867,,true,false,false,long-tail,94.76400000,snapshot,-1.67986100,191395539.36000001,0.00000000,,,extreme_perp_funding;oil_snapshot_uses_brent;pm_quote_from_snapshot,"Options model uses CME_CL TradingView NYMEX CL1! options; target month-end expiry 2026-09-30, IV expiry 2026-09-30, closest-strike IV sample. Hit/reach market uses tested one-touch probability model; incomplete rows fall back to 2x terminal probability. Dip touch probs use put-wing IV plus downside skew uplift (v3). CME sidecar uses CME_CL TradingView NYMEX CL1! options; IV expiry 2026-09-30, closest-strike IV sample."
2026-09-10T02,relative_value_heatmap_v3_one_touch,OIL,what-price-will-wti-hit-in-september-2026,3866515,Will WTI Crude Oil (WTI) hit (LOW) $80 in September?,September 2026,below,80.00000000,2026-10-01T03:59:59.999Z,21.08333332,94.76400000,CME_CL,96.41000000,TradingView NYMEX CL1! options,tv_chain,0.72864867,0.30500000,0.15598350,0.29907949,CME_CL,96.41000000,TradingView NYMEX CL1! options,tv_chain,0.72864867,0.15598350,0.29907949,-10.90794870,-10.90794870,-14.90794870,both_negative_or_fair,false,0.00000000,1.00000000,0.00000000,0.00000000,3.00000000,0.19000000,0.18000000,0.20000000,0.02000000,snapshot,40529.20680000,144775.64397500,,,,,,,,9.90794870,-11.90794870,buy_yes,9.90794870,0.46994223,,true,false,false,mild-long-tail,94.76400000,snapshot,-1.67986100,191395539.36000001,0.00000000,,,extreme_perp_funding;oil_snapshot_uses_brent;pm_quote_from_snapshot,"Options model uses CME_CL TradingView NYMEX CL1! options; target month-end expiry 2026-09-30, IV expiry 2026-09-30, closest-strike IV sample. Hit/reach market uses tested one-touch probability model; incomplete rows fall back to 2x terminal probability. Dip touch probs use put-wing IV plus downside skew uplift (v3). CME sidecar uses CME_CL TradingView NYMEX CL1! options; IV expiry 2026-09-30, closest-strike IV sample."
2026-09-10T02,relative_value_heatmap_v3_one_touch,OIL,what-price-will-wti-hit-in-september-2026,3866518,Will WTI Crude Oil (WTI) hit (LOW) $50 in September?,September 2026,below,50.00000000,2026-10-01T03:59:59.999Z,21.08333332,94.76400000,CME_CL,96.41000000,TradingView NYMEX CL1! options,tv_chain,1.57515809,0.30500000,0.05474567,0.10200435,CME_CL,96.41000000,TradingView NYMEX CL1! options,tv_chain,1.57515809,0.05474567,0.10200435,-9.20043505,-9.20043505,-13.20043505,both_negative_or_fair,false,0.00000000,1.00000000,0.00000000,0.00000000,3.00000000,0.01000000,0.00800000,0.01200000,0.00400000,snapshot,28635.44232000,20335.54611700,,,,,,,,9.00043505,-9.40043505,buy_yes,9.00043505,0.42689811,,true,false,false,mild-long-tail,94.76400000,snapshot,-1.67986100,191395539.36000001,0.00000000,,,extreme_perp_funding;oil_snapshot_uses_brent;pm_quote_from_snapshot,"Options model uses CME_CL TradingView NYMEX CL1! options; target month-end expiry 2026-09-30, IV expiry 2026-09-30, closest-strike IV sample. Hit/reach market uses tested one-touch probability model; incomplete rows fall back to 2x terminal probability. Dip touch probs use put-wing IV plus downside skew uplift (v3). CME sidecar uses CME_CL TradingView NYMEX CL1! options; IV expiry 2026-09-30, closest-strike IV sample."
2026-09-10T02,relative_value_heatmap_v3_one_touch,GOLD,what-price-will-xauusd-hit-in-september-2026,4063374,"Will Gold (XAUUSD) hit (HIGH) $4,600 in September?",September 2026,above,4600.00000000,2026-10-01T03:59:59.999Z,21.08333332,4415.40000000,CME_GC,4452.00000000,TradingView COMEX GC1! options,tv_chain,0.25860796,0.13100000,0.28381020,0.57863220,CME_GC,4452.00000000,TradingView COMEX GC1! options,tv_chain,0.25860796,0.28381020,0.57863220,-10.36322025,-10.36322025,-11.86322025,both_negative_or_fair,false,0.00000000,1.50000000,0.00000000,0.00000000,0.00000000,0.47500000,0.46000000,0.49000000,0.03000000,snapshot,13208.66970000,3276.01553300,0.95986957,0.49485890,mid_underlying_cap_ratio,,,,,8.86322025,-11.86322025,buy_yes,8.86322025,0.42038989,,true,false,false,mild-long-tail,4415.40000000,snapshot,0.05475000,325311122.73000002,0.00000000,,,pm_quote_from_snapshot,"Options model uses CME_GC TradingView COMEX GC1! options; target month-end expiry 2026-09-30, IV expiry 2026-09-30, closest-strike IV sample. Hit/reach market uses tested one-touch probability model; incomplete rows fall back to 2x terminal probability. CME sidecar uses CME_GC TradingView COMEX GC1! options; IV expiry 2026-09-30, closest-strike IV sample. Underlying upside cap YES price is 96.0%; PM trades at 49% of cap."
2026-09-10T02,relative_value_heatmap_v3_one_touch,GOLD,what-price-will-xauusd-hit-in-september-2026,3866485,"Will Gold (XAUUSD) hit (HIGH) $4,800 in September?",September 2026,above,4800.00000000,2026-10-01T03:59:59.999Z,21.08333332,4415.40000000,CME_GC,4452.00000000,TradingView COMEX GC1! options,tv_chain,0.28330837,0.13100000,0.12093148,0.24592234,CME_GC,4452.00000000,TradingView COMEX GC1! options,tv_chain,0.28330837,0.12093148,0.24592234,-10.09223405,-10.09223405,-11.59223405,both_negative_or_fair,false,0.00000000,1.50000000,0.00000000,0.00000000,0.00000000,0.14500000,0.13000000,0.16000000,0.03000000,snapshot,14371.81440000,2447.26167700,0.91987500,0.15763011,cheap_vs_underlying_cap_bearish,,,,,8.59223405,-11.59223405,buy_yes,8.59223405,0.40753679,,true,false,false,mild-long-tail,4415.40000000,snapshot,0.05475000,325311122.73000002,0.00000000,,,cheap_vs_underlying_cap_bearish;pm_quote_from_snapshot,"Options model uses CME_GC TradingView COMEX GC1! options; target month-end expiry 2026-09-30, IV expiry 2026-09-30, closest-strike IV sample. Hit/reach market uses tested one-touch probability model; incomplete rows fall back to 2x terminal probability. CME sidecar uses CME_GC TradingView COMEX GC1! options; IV expiry 2026-09-30, closest-strike IV sample. Underlying upside cap YES price is 92.0%; PM trades at 16% of cap."
2026-09-10T02,relative_value_heatmap_v3_one_touch,OIL,what-price-will-wti-hit-in-september-2026,4218286,Will WTI Crude Oil (WTI) hit (LOW) $90 in September?,September 2026,below,90.00000000,2026-10-01T03:59:59.999Z,21.08333332,94.76400000,CME_CL,96.41000000,TradingView NYMEX CL1! options,tv_chain,0.53167438,0.30500000,0.31140663,0.59948658,CME_CL,96.41000000,TradingView NYMEX CL1! options,tv_chain,0.53167438,0.31140663,0.59948658,10.90134207,10.90134207,6.90134207,both_positive,false,0.00000000,1.00000000,0.00000000,0.00000000,3.00000000,0.70850000,0.68000000,0.69600000,0.01600000,snapshot,42044.12183000,46554.70475000,,,,,,,,-9.65134207,8.05134207,sell_yes_or_buy_no,-8.05134207,-0.38188184,,true,false,false,mild-short-rich-tail,94.76400000,snapshot,-1.67986100,191395539.36000001,0.00000000,,,extreme_perp_funding;oil_snapshot_uses_brent;pm_quote_from_snapshot,"Options model uses CME_CL TradingView NYMEX CL1! options; target month-end expiry 2026-09-30, IV expiry 2026-09-30, closest-strike IV sample. Hit/reach market uses tested one-touch probability model; incomplete rows fall back to 2x terminal probability. Dip touch probs use put-wing IV plus downside skew uplift (v3). CME sidecar uses CME_CL TradingView NYMEX CL1! options; IV expiry 2026-09-30, closest-strike IV sample."
2026-09-10T02,relative_value_heatmap_v3_one_touch,OIL,what-price-will-wti-hit-in-september-2026,3954346,Will WTI Crude Oil (WTI) hit (HIGH) $105 in September?,September 2026,above,105.00000000,2026-10-01T03:59:59.999Z,21.08333332,94.76400000,CME_CL,96.41000000,TradingView NYMEX CL1! options,tv_chain,0.45181905,0.30500000,0.19449352,0.40094912,CME_CL,96.41000000,TradingView NYMEX CL1! options,tv_chain,0.45181905,0.19449352,0.40094912,-8.39491196,-8.39491196,-12.39491196,both_negative_or_fair,false,0.00000000,1.00000000,0.00000000,0.00000000,3.00000000,0.31700000,0.31000000,0.32400000,0.01400000,snapshot,48683.31777000,165413.67335800,0.90251429,0.35124098,mid_underlying_cap_ratio,,,,,7.69491196,-9.09491196,buy_yes,7.69491196,0.36497606,,true,false,false,mild-long-tail,94.76400000,snapshot,-1.67986100,191395539.36000001,0.00000000,,,extreme_perp_funding;oil_snapshot_uses_brent;pm_quote_from_snapshot,"Options model uses CME_CL TradingView NYMEX CL1! options; target month-end expiry 2026-09-30, IV expiry 2026-09-30, closest-strike IV sample. Hit/reach market uses tested one-touch probability model; incomplete rows fall back to 2x terminal probability. CME sidecar uses CME_CL TradingView NYMEX CL1! options; IV expiry 2026-09-30, closest-strike IV sample. Underlying upside cap YES price is 90.3%; PM trades at 35% of cap."
2026-09-10T02,relative_value_heatmap_v3_one_touch,OIL,what-price-will-wti-hit-in-september-2026,3866510,Will WTI Crude Oil (WTI) hit (HIGH) $130 in September?,September 2026,above,130.00000000,2026-10-01T03:59:59.999Z,21.08333332,94.76400000,CME_CL,96.41000000,TradingView NYMEX CL1! options,tv_chain,0.81774996,0.30500000,0.04841863,0.10097489,CME_CL,96.41000000,TradingView NYMEX CL1! options,tv_chain,0.81774996,0.04841863,0.10097489,-7.09748923,-7.09748923,-11.09748923,both_negative_or_fair,false,0.00000000,1.00000000,0.00000000,0.00000000,3.00000000,0.03000000,0.02500000,0.03500000,0.01000000,snapshot,61757.82634000,120082.87807100,0.72895385,0.04115487,cheap_vs_underlying_cap_bearish,,,,,6.59748923,-7.59748923,buy_yes,6.59748923,0.31292439,,true,false,false,mild-long-tail,94.76400000,snapshot,-1.67986100,191395539.36000001,0.00000000,,,extreme_perp_funding;oil_snapshot_uses_brent;cheap_vs_underlying_cap_bearish;pm_quote_from_snapshot,"Options model uses CME_CL TradingView NYMEX CL1! options; target month-end expiry 2026-09-30, IV expiry 2026-09-30, closest-strike IV sample. Hit/reach market uses tested one-touch probability model; incomplete rows fall back to 2x terminal probability. CME sidecar uses CME_CL TradingView NYMEX CL1! options; IV expiry 2026-09-30, closest-strike IV sample. Underlying upside cap YES price is 72.9%; PM trades at 4% of cap."
2026-09-10T02,relative_value_heatmap_v3_one_touch,GOLD,what-price-will-xauusd-hit-in-september-2026,3866484,"Will Gold (XAUUSD) hit (HIGH) $4,900 in September?",September 2026,above,4900.00000000,2026-10-01T03:59:59.999Z,21.08333332,4415.40000000,CME_GC,4452.00000000,TradingView COMEX GC1! options,tv_chain,0.30141013,0.13100000,0.08120481,0.16508376,CME_GC,4452.00000000,TradingView COMEX GC1! options,tv_chain,0.30141013,0.08120481,0.16508376,-8.00837630,-8.00837630,-9.50837630,both_negative_or_fair,false,0.00000000,1.50000000,0.00000000,0.00000000,0.00000000,0.08500000,0.07000000,0.10000000,0.03000000,snapshot,15132.82740000,3781.71740400,0.90110204,0.09432894,cheap_vs_underlying_cap_bearish,,,,,6.50837630,-9.50837630,buy_yes,6.50837630,0.30869769,,true,false,false,mild-long-tail,4415.40000000,snapshot,0.05475000,325311122.73000002,0.00000000,,,cheap_vs_underlying_cap_bearish;pm_quote_from_snapshot,"Options model uses CME_GC TradingView COMEX GC1! options; target month-end expiry 2026-09-30, IV expiry 2026-09-30, closest-strike IV sample. Hit/reach market uses tested one-touch probability model; incomplete rows fall back to 2x terminal probability. CME sidecar uses CME_GC TradingView COMEX GC1! options; IV expiry 2026-09-30, closest-strike IV sample. Underlying upside cap YES price is 90.1%; PM trades at 9% of cap."
2026-09-10T02,relative_value_heatmap_v3_one_touch,GOLD,what-price-will-xauusd-hit-in-september-2026,3866483,"Will Gold (XAUUSD) hit (HIGH) $5,000 in September?",September 2026,above,5000.00000000,2026-10-01T03:59:59.999Z,21.08333332,4415.40000000,CME_GC,4452.00000000,TradingView COMEX GC1! options,tv_chain,0.30141013,0.13100000,0.04609544,0.09356544,CME_GC,4452.00000000,TradingView COMEX GC1! options,tv_chain,0.30141013,0.04609544,0.09356544,-5.80654369,-5.80654369,-6.80654369,both_negative_or_fair,false,0.00000000,1.00000000,0.00000000,0.00000000,0.00000000,0.03550000,0.03100000,0.04000000,0.00900000,snapshot,15174.60992000,3553.54526300,0.88308000,0.04020021,cheap_vs_underlying_cap_bearish,,,,,5.35654369,-6.25654369,buy_yes,5.35654369,0.25406531,,true,true,true,mild-long-tail,4415.40000000,snapshot,0.05475000,325311122.73000002,0.00000000,,,cheap_vs_underlying_cap_bearish;pm_quote_from_snapshot,"Options model uses CME_GC TradingView COMEX GC1! options; target month-end expiry 2026-09-30, IV expiry 2026-09-30, closest-strike IV sample. Hit/reach market uses tested one-touch probability model; incomplete rows fall back to 2x terminal probability. CME sidecar uses CME_GC TradingView COMEX GC1! options; IV expiry 2026-09-30, closest-strike IV sample. Underlying upside cap YES price is 88.3%; PM trades at 4% of cap."
2026-09-10T02,relative_value_heatmap_v3_one_touch,GOLD,what-price-will-xauusd-hit-in-september-2026,4063375,"Will Gold (XAUUSD) hit (LOW) $3,800 in September?",September 2026,below,3800.00000000,2026-10-01T03:59:59.999Z,21.08333332,4415.40000000,CME_GC,4452.00000000,TradingView COMEX GC1! options,tv_chain,0.38271802,0.13100000,0.04212286,0.08276233,CME_GC,4452.00000000,TradingView COMEX GC1! options,tv_chain,0.38271802,0.04212286,0.08276233,-5.12623344,-5.12623344,-6.17623344,both_negative_or_fair,false,0.00000000,1.05000000,0.00000000,0.00000000,0.00000000,0.03150000,0.02100000,0.04200000,0.02100000,snapshot,15787.50111000,3597.76295500,,,,,,,,4.07623344,-6.17623344,buy_yes,4.07623344,0.19333914,,true,false,false,near-fair,4415.40000000,snapshot,0.05475000,325311122.73000002,0.00000000,,,pm_quote_from_snapshot,"Options model uses CME_GC TradingView COMEX GC1! options; target month-end expiry 2026-09-30, IV expiry 2026-09-30, closest-strike IV sample. Hit/reach market uses tested one-touch probability model; incomplete rows fall back to 2x terminal probability. Dip touch probs use put-wing IV plus downside skew uplift (v3). CME sidecar uses CME_GC TradingView COMEX GC1! options; IV expiry 2026-09-30, closest-strike IV sample."
2026-09-10T02,relative_value_heatmap_v3_one_touch,GOLD,what-price-will-xauusd-hit-in-september-2026,3866493,"Will Gold (XAUUSD) hit (LOW) $4,000 in September?",September 2026,below,4000.00000000,2026-10-01T03:59:59.999Z,21.08333332,4415.40000000,CME_GC,4452.00000000,TradingView COMEX GC1! options,tv_chain,0.30748224,0.13100000,0.07288727,0.14350649,CME_GC,4452.00000000,TradingView COMEX GC1! options,tv_chain,0.30748224,0.07288727,0.14350649,-3.85064892,-3.85064892,-4.85064892,both_negative_or_fair,false,0.00000000,1.00000000,0.00000000,0.00000000,0.00000000,0.10500000,0.10000000,0.11000000,0.01000000,snapshot,16189.25250000,12455.13384000,,,,,,,,3.35064892,-4.35064892,buy_yes,3.35064892,0.15892406,,true,false,false,near-fair,4415.40000000,snapshot,0.05475000,325311122.73000002,0.00000000,,,pm_quote_from_snapshot,"Options model uses CME_GC TradingView COMEX GC1! options; target month-end expiry 2026-09-30, IV expiry 2026-09-30, closest-strike IV sample. Hit/reach market uses tested one-touch probability model; incomplete rows fall back to 2x terminal probability. Dip touch probs use put-wing IV plus downside skew uplift (v3). CME sidecar uses CME_GC TradingView COMEX GC1! options; IV expiry 2026-09-30, closest-strike IV sample."
2026-09-10T02,relative_value_heatmap_v3_one_touch,OIL,what-price-will-wti-hit-in-september-2026,3866519,Will WTI Crude Oil (WTI) hit (LOW) $40 in September?,September 2026,below,40.00000000,2026-10-01T03:59:59.999Z,21.08333332,94.76400000,CME_CL,96.41000000,TradingView NYMEX CL1! options,tv_chain,1.66982649,0.30500000,0.01968341,0.03688056,CME_CL,96.41000000,TradingView NYMEX CL1! options,tv_chain,1.66982649,0.01968341,0.03688056,-3.38805639,-3.38805639,-7.38805639,both_negative_or_fair,false,0.00000000,1.00000000,0.00000000,0.00000000,3.00000000,0.00300000,0.00200000,0.00400000,0.00200000,snapshot,13792.27958000,2930.72598100,,,,,,,,3.28805639,-3.48805639,buy_yes,3.28805639,0.15595524,,true,false,false,near-fair,94.76400000,snapshot,-1.67986100,191395539.36000001,0.00000000,,,extreme_perp_funding;oil_snapshot_uses_brent;pm_quote_from_snapshot,"Options model uses CME_CL TradingView NYMEX CL1! options; target month-end expiry 2026-09-30, IV expiry 2026-09-30, closest-strike IV sample. Hit/reach market uses tested one-touch probability model; incomplete rows fall back to 2x terminal probability. Dip touch probs use put-wing IV plus downside skew uplift (v3). CME sidecar uses CME_CL TradingView NYMEX CL1! options; IV expiry 2026-09-30, closest-strike IV sample."
2026-09-10T02,relative_value_heatmap_v3_one_touch,GOLD,what-price-will-xauusd-hit-in-september-2026,3866482,"Will Gold (XAUUSD) hit (HIGH) $5,100 in September?",September 2026,above,5100.00000000,2026-10-01T03:59:59.999Z,21.08333332,4415.40000000,CME_GC,4452.00000000,TradingView COMEX GC1! options,tv_chain,0.31284944,0.13100000,0.02898169,0.05880105,CME_GC,4452.00000000,TradingView COMEX GC1! options,tv_chain,0.31284944,0.02898169,0.05880105,-3.38010541,-3.38010541,-4.38010541,both_negative_or_fair,false,0.00000000,1.00000000,0.00000000,0.00000000,0.00000000,0.02500000,0.02200000,0.02800000,0.00600000,snapshot,17266.74971000,3697.37107300,0.86576471,0.02887621,cheap_vs_underlying_cap_bearish,,,,,3.08010541,-3.68010541,buy_yes,3.08010541,0.14609196,,true,false,false,near-fair,4415.40000000,snapshot,0.05475000,325311122.73000002,0.00000000,,,cheap_vs_underlying_cap_bearish;pm_quote_from_snapshot,"Options model uses CME_GC TradingView COMEX GC1! options; target month-end expiry 2026-09-30, IV expiry 2026-09-30, closest-strike IV sample. Hit/reach market uses tested one-touch probability model; incomplete rows fall back to 2x terminal probability. CME sidecar uses CME_GC TradingView COMEX GC1! options; IV expiry 2026-09-30, closest-strike IV sample. Underlying upside cap YES price is 86.6%; PM trades at 3% of cap."
2026-09-10T02,relative_value_heatmap_v3_one_touch,OIL,what-price-will-wti-hit-in-september-2026,3866512,Will WTI Crude Oil (WTI) hit (HIGH) $110 in September?,September 2026,above,110.00000000,2026-10-01T03:59:59.999Z,21.08333332,94.76400000,CME_CL,96.41000000,TradingView NYMEX CL1! options,tv_chain,0.47506361,0.30500000,0.10678529,0.21953397,CME_CL,96.41000000,TradingView NYMEX CL1! options,tv_chain,0.47506361,0.10678529,0.21953397,-3.95339676,-3.95339676,-7.95339676,both_negative_or_fair,false,0.00000000,1.00000000,0.00000000,0.00000000,3.00000000,0.18000000,0.17000000,0.19000000,0.02000000,snapshot,36161.29470000,170779.48283000,0.86149091,0.20894010,cheap_vs_underlying_cap_bearish,,,,,2.95339676,-4.95339676,buy_yes,2.95339676,0.14008206,,true,false,false,near-fair,94.76400000,snapshot,-1.67986100,191395539.36000001,0.00000000,,,extreme_perp_funding;oil_snapshot_uses_brent;cheap_vs_underlying_cap_bearish;pm_quote_from_snapshot,"Options model uses CME_CL TradingView NYMEX CL1! options; target month-end expiry 2026-09-30, IV expiry 2026-09-30, closest-strike IV sample. Hit/reach market uses tested one-touch probability model; incomplete rows fall back to 2x terminal probability. CME sidecar uses CME_CL TradingView NYMEX CL1! options; IV expiry 2026-09-30, closest-strike IV sample. Underlying upside cap YES price is 86.1%; PM trades at 21% of cap."
2026-09-10T02,relative_value_heatmap_v3_one_touch,OIL,what-price-will-wti-hit-in-september-2026,4063373,Will WTI Crude Oil (WTI) hit (LOW) $85 in September?,September 2026,below,85.00000000,2026-10-01T03:59:59.999Z,21.08333332,94.76400000,CME_CL,96.41000000,TradingView NYMEX CL1! options,tv_chain,0.61655268,0.30500000,0.21111416,0.40611791,CME_CL,96.41000000,TradingView NYMEX CL1! options,tv_chain,0.61655268,0.21111416,0.40611791,-3.61179052,-3.61179052,-7.61179052,both_negative_or_fair,false,0.00000000,1.00000000,0.00000000,0.00000000,3.00000000,0.37000000,0.36000000,0.38000000,0.02000000,snapshot,33152.43220000,58943.99626000,,,,,,,,2.61179052,-4.61179052,buy_yes,2.61179052,0.12387939,,true,false,false,near-fair,94.76400000,snapshot,-1.67986100,191395539.36000001,0.00000000,,,extreme_perp_funding;oil_snapshot_uses_brent;pm_quote_from_snapshot,"Options model uses CME_CL TradingView NYMEX CL1! options; target month-end expiry 2026-09-30, IV expiry 2026-09-30, closest-strike IV sample. Hit/reach market uses tested one-touch probability model; incomplete rows fall back to 2x terminal probability. Dip touch probs use put-wing IV plus downside skew uplift (v3). CME sidecar uses CME_CL TradingView NYMEX CL1! options; IV expiry 2026-09-30, closest-strike IV sample."
2026-09-10T02,relative_value_heatmap_v3_one_touch,GOLD,what-price-will-xauusd-hit-in-september-2026,3954334,"Will Gold (XAUUSD) hit (LOW) $3,900 in September?",September 2026,below,3900.00000000,2026-10-01T03:59:59.999Z,21.08333332,4415.40000000,CME_GC,4452.00000000,TradingView COMEX GC1! options,tv_chain,0.31261356,0.13100000,0.03784532,0.07461268,CME_GC,4452.00000000,TradingView COMEX GC1! options,tv_chain,0.31261356,0.03784532,0.07461268,-3.21126833,-3.21126833,-4.21126833,both_negative_or_fair,false,0.00000000,1.00000000,0.00000000,0.00000000,0.00000000,0.04250000,0.03600000,0.04900000,0.01300000,snapshot,19336.75749000,9535.06778400,,,,,,,,2.56126833,-3.86126833,buy_yes,2.56126833,0.12148308,,true,false,false,near-fair,4415.40000000,snapshot,0.05475000,325311122.73000002,0.00000000,,,pm_quote_from_snapshot,"Options model uses CME_GC TradingView COMEX GC1! options; target month-end expiry 2026-09-30, IV expiry 2026-09-30, closest-strike IV sample. Hit/reach market uses tested one-touch probability model; incomplete rows fall back to 2x terminal probability. Dip touch probs use put-wing IV plus downside skew uplift (v3). CME sidecar uses CME_GC TradingView COMEX GC1! options; IV expiry 2026-09-30, closest-strike IV sample."
2026-09-10T02,relative_value_heatmap_v3_one_touch,OIL,what-price-will-wti-hit-in-september-2026,3866509,Will WTI Crude Oil (WTI) hit (HIGH) $140 in September?,September 2026,above,140.00000000,2026-10-01T03:59:59.999Z,21.08333332,94.76400000,CME_CL,96.41000000,TradingView NYMEX CL1! options,tv_chain,0.81774996,0.30500000,0.02026335,0.04204715,CME_CL,96.41000000,TradingView NYMEX CL1! options,tv_chain,0.81774996,0.02026335,0.04204715,-2.75471535,-2.75471535,-6.75471535,both_negative_or_fair,false,0.00000000,1.00000000,0.00000000,0.00000000,3.00000000,0.01450000,0.01200000,0.01700000,0.00500000,snapshot,41433.74080000,61783.27884000,0.67688571,0.02142164,cheap_vs_underlying_cap_bearish,,,,,2.50471535,-3.00471535,buy_yes,2.50471535,0.11880073,,true,false,false,near-fair,94.76400000,snapshot,-1.67986100,191395539.36000001,0.00000000,,,extreme_perp_funding;oil_snapshot_uses_brent;cheap_vs_underlying_cap_bearish;pm_quote_from_snapshot,"Options model uses CME_CL TradingView NYMEX CL1! options; target month-end expiry 2026-09-30, IV expiry 2026-09-30, closest-strike IV sample. Hit/reach market uses tested one-touch probability model; incomplete rows fall back to 2x terminal probability. CME sidecar uses CME_CL TradingView NYMEX CL1! options; IV expiry 2026-09-30, closest-strike IV sample. Underlying upside cap YES price is 67.7%; PM trades at 2% of cap."
2026-09-10T02,relative_value_heatmap_v3_one_touch,GOLD,what-price-will-xauusd-hit-in-september-2026,3866481,"Will Gold (XAUUSD) hit (HIGH) $5,200 in September?",September 2026,above,5200.00000000,2026-10-01T03:59:59.999Z,21.08333332,4415.40000000,CME_GC,4452.00000000,TradingView COMEX GC1! options,tv_chain,0.32503869,0.13100000,0.01860674,0.03774084,CME_GC,4452.00000000,TradingView COMEX GC1! options,tv_chain,0.32503869,0.01860674,0.03774084,-2.47408439,-2.47408439,-3.47408439,both_negative_or_fair,false,0.00000000,1.00000000,0.00000000,0.00000000,0.00000000,0.01300000,0.00800000,0.01800000,0.01000000,snapshot,16634.88544000,3400.80740600,0.84911538,0.01531005,cheap_vs_underlying_cap_bearish,,,,,1.97408439,-2.97408439,buy_yes,1.97408439,0.09363246,,true,false,false,near-fair,4415.40000000,snapshot,0.05475000,325311122.73000002,0.00000000,,,cheap_vs_underlying_cap_bearish;pm_quote_from_snapshot,"Options model uses CME_GC TradingView COMEX GC1! options; target month-end expiry 2026-09-30, IV expiry 2026-09-30, closest-strike IV sample. Hit/reach market uses tested one-touch probability model; incomplete rows fall back to 2x terminal probability. CME sidecar uses CME_GC TradingView COMEX GC1! options; IV expiry 2026-09-30, closest-strike IV sample. Underlying upside cap YES price is 84.9%; PM trades at 2% of cap."
2026-09-10T02,relative_value_heatmap_v3_one_touch,OIL,what-price-will-wti-hit-in-september-2026,4413392,Will WTI Crude Oil (WTI) hit (LOW) $95 in September?,September 2026,below,95.00000000,2026-10-01T03:59:59.999Z,21.08333332,94.76400000,CME_CL,96.41000000,TradingView NYMEX CL1! options,tv_chain,0.48085571,0.30500000,0.47010665,0.90212716,CME_CL,96.41000000,TradingView NYMEX CL1! options,tv_chain,0.48085571,0.47010665,0.90212716,3.28728424,3.28728424,-1.21271576,both_positive,false,0.00000000,1.50000000,0.00000000,0.00000000,3.00000000,0.93500000,0.92000000,0.95000000,0.03000000,snapshot,62717.71350000,16737.75220900,,,,,,,,-4.78728424,1.78728424,sell_yes_or_buy_no,-1.78728424,-0.08477238,,true,false,false,near-fair,94.76400000,snapshot,-1.67986100,191395539.36000001,0.00000000,,,extreme_perp_funding;oil_snapshot_uses_brent;pm_quote_from_snapshot,"Options model uses CME_CL TradingView NYMEX CL1! options; target month-end expiry 2026-09-30, IV expiry 2026-09-30, closest-strike IV sample. Hit/reach market uses tested one-touch probability model; incomplete rows fall back to 2x terminal probability. Dip touch probs use put-wing IV plus downside skew uplift (v3). CME sidecar uses CME_CL TradingView NYMEX CL1! options; IV expiry 2026-09-30, closest-strike IV sample."
2026-09-10T02,relative_value_heatmap_v3_one_touch,GOLD,what-price-will-xauusd-hit-in-september-2026,3866480,"Will Gold (XAUUSD) hit (HIGH) $5,300 in September?",September 2026,above,5300.00000000,2026-10-01T03:59:59.999Z,21.08333332,4415.40000000,CME_GC,4452.00000000,TradingView COMEX GC1! options,tv_chain,0.32503869,0.13100000,0.00979030,0.01983800,CME_GC,4452.00000000,TradingView COMEX GC1! options,tv_chain,0.32503869,0.00979030,0.01983800,0.36619961,0.36619961,-0.93380039,both_positive,false,0.00000000,1.30000000,0.00000000,0.00000000,0.00000000,0.02350000,0.01000000,0.03600000,0.02600000,snapshot,14779.23103000,3289.19196100,0.83309434,0.02820809,cheap_vs_underlying_cap_bearish,,,,,-1.61619961,-0.98380039,avoid_buy_yes,-1.61619961,-0.07665769,,false,false,false,near-fair,4415.40000000,snapshot,0.05475000,325311122.73000002,0.00000000,,,cheap_vs_underlying_cap_bearish;pm_quote_from_snapshot,"Options model uses CME_GC TradingView COMEX GC1! options; target month-end expiry 2026-09-30, IV expiry 2026-09-30, closest-strike IV sample. Hit/reach market uses tested one-touch probability model; incomplete rows fall back to 2x terminal probability. CME sidecar uses CME_GC TradingView COMEX GC1! options; IV expiry 2026-09-30, closest-strike IV sample. Underlying upside cap YES price is 83.3%; PM trades at 3% of cap."
2026-09-10T02,relative_value_heatmap_v3_one_touch,OIL,what-price-will-wti-hit-in-september-2026,3866508,Will WTI Crude Oil (WTI) hit (HIGH) $150 in September?,September 2026,above,150.00000000,2026-10-01T03:59:59.999Z,21.08333332,94.76400000,CME_CL,96.41000000,TradingView NYMEX CL1! options,tv_chain,0.88235392,0.30500000,0.01229966,0.02553955,CME_CL,96.41000000,TradingView NYMEX CL1! options,tv_chain,0.88235392,0.01229966,0.02553955,-1.65395458,-1.65395458,-5.65395458,both_negative_or_fair,false,0.00000000,1.00000000,0.00000000,0.00000000,3.00000000,0.00900000,0.00800000,0.01000000,0.00200000,snapshot,42294.49250000,91789.59855400,0.63176000,0.01424592,cheap_vs_underlying_cap_bearish,,,,,1.55395458,-1.75395458,buy_yes,1.55395458,0.07370536,,true,false,false,near-fair,94.76400000,snapshot,-1.67986100,191395539.36000001,0.00000000,,,extreme_perp_funding;oil_snapshot_uses_brent;cheap_vs_underlying_cap_bearish;pm_quote_from_snapshot,"Options model uses CME_CL TradingView NYMEX CL1! options; target month-end expiry 2026-09-30, IV expiry 2026-09-30, closest-strike IV sample. Hit/reach market uses tested one-touch probability model; incomplete rows fall back to 2x terminal probability. CME sidecar uses CME_CL TradingView NYMEX CL1! options; IV expiry 2026-09-30, closest-strike IV sample. Underlying upside cap YES price is 63.2%; PM trades at 1% of cap."
2026-09-10T02,relative_value_heatmap_v3_one_touch,OIL,what-price-will-wti-hit-in-september-2026,3866511,Will WTI Crude Oil (WTI) hit (HIGH) $120 in September?,September 2026,above,120.00000000,2026-10-01T03:59:59.999Z,21.08333332,94.76400000,CME_CL,96.41000000,TradingView NYMEX CL1! options,tv_chain,0.54651184,0.30500000,0.03767128,0.07735908,CME_CL,96.41000000,TradingView NYMEX CL1! options,tv_chain,0.54651184,0.03767128,0.07735908,-2.13590767,-2.13590767,-6.13590767,both_negative_or_fair,false,0.00000000,1.00000000,0.00000000,0.00000000,3.00000000,0.05600000,0.04700000,0.06500000,0.01800000,snapshot,83019.87234000,186636.79039000,0.78970000,0.07091300,cheap_vs_underlying_cap_bearish,,,,,1.23590767,-3.03590767,buy_yes,1.23590767,0.05862013,,true,false,false,near-fair,94.76400000,snapshot,-1.67986100,191395539.36000001,0.00000000,,,extreme_perp_funding;oil_snapshot_uses_brent;cheap_vs_underlying_cap_bearish;pm_quote_from_snapshot,"Options model uses CME_CL TradingView NYMEX CL1! options; target month-end expiry 2026-09-30, IV expiry 2026-09-30, closest-strike IV sample. Hit/reach market uses tested one-touch probability model; incomplete rows fall back to 2x terminal probability. CME sidecar uses CME_CL TradingView NYMEX CL1! options; IV expiry 2026-09-30, closest-strike IV sample. Underlying upside cap YES price is 79.0%; PM trades at 7% of cap."
2026-09-10T02,relative_value_heatmap_v3_one_touch,GOLD,what-price-will-xauusd-hit-in-september-2026,3866491,"Will Gold (XAUUSD) hit (LOW) $4,200 in September?",September 2026,below,4200.00000000,2026-10-01T03:59:59.999Z,21.08333332,4415.40000000,CME_GC,4452.00000000,TradingView COMEX GC1! options,tv_chain,0.29785227,0.13100000,0.21107667,0.41409976,CME_GC,4452.00000000,TradingView COMEX GC1! options,tv_chain,0.29785227,0.21107667,0.41409976,1.09002402,1.09002402,0.09002402,both_positive,false,0.00000000,1.00000000,0.00000000,0.00000000,0.00000000,0.42500000,0.42000000,0.43000000,0.01000000,snapshot,16429.02310000,6745.77055200,,,,,,,,-1.59002402,0.59002402,sell_yes_or_buy_no,-0.59002402,-0.02798533,,true,false,false,near-fair,4415.40000000,snapshot,0.05475000,325311122.73000002,0.00000000,,,pm_quote_from_snapshot,"Options model uses CME_GC TradingView COMEX GC1! options; target month-end expiry 2026-09-30, IV expiry 2026-09-30, closest-strike IV sample. Hit/reach market uses tested one-touch probability model; incomplete rows fall back to 2x terminal probability. Dip touch probs use put-wing IV plus downside skew uplift (v3). CME sidecar uses CME_GC TradingView COMEX GC1! options; IV expiry 2026-09-30, closest-strike IV sample."
2026-09-10T02,relative_value_heatmap_v3_one_touch,GOLD,what-price-will-xauusd-hit-in-september-2026,3866492,"Will Gold (XAUUSD) hit (LOW) $4,100 in September?",September 2026,below,4100.00000000,2026-10-01T03:59:59.999Z,21.08333332,4415.40000000,CME_GC,4452.00000000,TradingView COMEX GC1! options,tv_chain,0.29672695,0.13100000,0.12432021,0.24449185,CME_GC,4452.00000000,TradingView COMEX GC1! options,tv_chain,0.29672695,0.12432021,0.24449185,-0.94918457,-0.94918457,-1.94918457,both_negative_or_fair,false,0.00000000,1.00000000,0.00000000,0.00000000,0.00000000,0.23500000,0.23000000,0.24000000,0.01000000,snapshot,15809.15760000,9096.14669600,,,,,,,,0.44918457,-1.44918457,buy_yes,0.44918457,0.02130520,,true,false,false,near-fair,4415.40000000,snapshot,0.05475000,325311122.73000002,0.00000000,,,pm_quote_from_snapshot,"Options model uses CME_GC TradingView COMEX GC1! options; target month-end expiry 2026-09-30, IV expiry 2026-09-30, closest-strike IV sample. Hit/reach market uses tested one-touch probability model; incomplete rows fall back to 2x terminal probability. Dip touch probs use put-wing IV plus downside skew uplift (v3). CME sidecar uses CME_GC TradingView COMEX GC1! options; IV expiry 2026-09-30, closest-strike IV sample."
2026-09-10T02,relative_value_heatmap_v3_one_touch,OIL,what-price-will-wti-hit-in-september-2026,3866520,Will WTI Crude Oil (WTI) hit (LOW) $30 in September?,September 2026,below,30.00000000,2026-10-01T03:59:59.999Z,21.08333332,94.76400000,CME_CL,96.41000000,TradingView NYMEX CL1! options,tv_chain,1.67327978,0.30500000,0.00262499,0.00497396,CME_CL,96.41000000,TradingView NYMEX CL1! options,tv_chain,1.67327978,0.00262499,0.00497396,-0.44739555,-0.44739555,-4.44739555,both_negative_or_fair,false,0.00000000,1.00000000,0.00000000,0.00000000,3.00000000,0.00050000,0.00000000,0.00100000,0.00000000,snapshot,8144.66264000,1877.77966600,,,,,,,,0.39739555,-0.44739555,buy_yes,0.39739555,0.01884880,,true,false,false,near-fair,94.76400000,snapshot,-1.67986100,191395539.36000001,0.00000000,,,extreme_perp_funding;oil_snapshot_uses_brent;pm_quote_from_snapshot,"Options model uses CME_CL TradingView NYMEX CL1! options; target month-end expiry 2026-09-30, IV expiry 2026-09-30, closest-strike IV sample. Hit/reach market uses tested one-touch probability model; incomplete rows fall back to 2x terminal probability. Dip touch probs use put-wing IV plus downside skew uplift (v3). CME sidecar uses CME_CL TradingView NYMEX CL1! options; IV expiry 2026-09-30, closest-strike IV sample."
2026-09-10T02,relative_value_heatmap_v3_one_touch,OIL,what-price-will-wti-hit-in-september-2026,4035901,Will WTI Crude Oil (WTI) hit (HIGH) $115 in September?,September 2026,above,115.00000000,2026-10-01T03:59:59.999Z,21.08333332,94.76400000,CME_CL,96.41000000,TradingView NYMEX CL1! options,tv_chain,0.47506361,0.30500000,0.05004947,0.10252032,CME_CL,96.41000000,TradingView NYMEX CL1! options,tv_chain,0.47506361,0.05004947,0.10252032,-0.10203196,-0.10203196,-4.10203196,both_negative_or_fair,false,0.00000000,1.00000000,0.00000000,0.00000000,3.00000000,0.10150000,0.09700000,0.10600000,0.00900000,snapshot,32129.61032000,148595.13793900,0.82403478,0.12317441,cheap_vs_underlying_cap_bearish,,,,,-0.34796804,-0.55203196,avoid_buy_yes,-0.34796804,-0.01650441,,false,false,false,near-fair,94.76400000,snapshot,-1.67986100,191395539.36000001,0.00000000,,,extreme_perp_funding;oil_snapshot_uses_brent;cheap_vs_underlying_cap_bearish;pm_quote_from_snapshot,"Options model uses CME_CL TradingView NYMEX CL1! options; target month-end expiry 2026-09-30, IV expiry 2026-09-30, closest-strike IV sample. Hit/reach market uses tested one-touch probability model; incomplete rows fall back to 2x terminal probability. CME sidecar uses CME_CL TradingView NYMEX CL1! options; IV expiry 2026-09-30, closest-strike IV sample. Underlying upside cap YES price is 82.4%; PM trades at 12% of cap."
2026-09-10T02,relative_value_heatmap_v3_one_touch,GOLD,what-price-will-xauusd-hit-in-september-2026,4149412,"Will Gold (XAUUSD) hit (LOW) $4,300 in September?",September 2026,below,4300.00000000,2026-10-01T03:59:59.999Z,21.08333332,4415.40000000,CME_GC,4452.00000000,TradingView COMEX GC1! options,tv_chain,0.28906581,0.13100000,0.31536571,0.61744928,CME_GC,4452.00000000,TradingView COMEX GC1! options,tv_chain,0.28906581,0.31536571,0.61744928,0.75507170,0.75507170,-0.24492830,both_positive,false,0.00000000,1.00000000,0.00000000,0.00000000,0.00000000,0.62500000,0.62000000,0.63000000,0.01000000,snapshot,12626.62560000,4460.10240100,,,,,,,,-1.25507170,0.25507170,sell_yes_or_buy_no,-0.25507170,-0.01209826,,true,false,false,near-fair,4415.40000000,snapshot,0.05475000,325311122.73000002,0.00000000,,,pm_quote_from_snapshot,"Options model uses CME_GC TradingView COMEX GC1! options; target month-end expiry 2026-09-30, IV expiry 2026-09-30, closest-strike IV sample. Hit/reach market uses tested one-touch probability model; incomplete rows fall back to 2x terminal probability. Dip touch probs use put-wing IV plus downside skew uplift (v3). CME sidecar uses CME_GC TradingView COMEX GC1! options; IV expiry 2026-09-30, closest-strike IV sample."
2026-09-10T02,relative_value_heatmap_v3_one_touch,OIL,what-price-will-wti-hit-in-september-2026,3866521,Will WTI Crude Oil (WTI) hit (LOW) $20 in September?,September 2026,below,20.00000000,2026-10-01T03:59:59.999Z,21.08333332,94.76400000,CME_CL,96.41000000,TradingView NYMEX CL1! options,tv_chain,1.67327978,0.30500000,0.00006443,0.00012345,CME_CL,96.41000000,TradingView NYMEX CL1! options,tv_chain,1.67327978,0.00006443,0.00012345,0.03765546,0.03765546,-3.96234454,both_positive,false,0.00000000,1.00000000,0.00000000,0.00000000,3.00000000,0.00050000,0.00000000,0.00100000,0.00000000,snapshot,15790.87214000,5782.04825000,,,,,,,,-0.08765546,0.03765546,sell_yes_or_buy_no,-0.03765546,-0.00178603,,true,false,false,near-fair,94.76400000,snapshot,-1.67986100,191395539.36000001,0.00000000,,,extreme_perp_funding;oil_snapshot_uses_brent;pm_quote_from_snapshot,"Options model uses CME_CL TradingView NYMEX CL1! options; target month-end expiry 2026-09-30, IV expiry 2026-09-30, closest-strike IV sample. Hit/reach market uses tested one-touch probability model; incomplete rows fall back to 2x terminal probability. Dip touch probs use put-wing IV plus downside skew uplift (v3). CME sidecar uses CME_CL TradingView NYMEX CL1! options; IV expiry 2026-09-30, closest-strike IV sample."
2026-09-10T02,relative_value_heatmap_v3_one_touch,ETH,what-price-will-ethereum-hit-in-september-2026,4052460,"Will Ethereum dip to $1,800 in September?",September 2026,below,1800.00000000,2026-10-01T04:00:00Z,21.08333333,2459.20000000,DERIBIT_ETH,2460.03000000,Deribit live,cme_snapshot,1.00143032,,0.11152990,0.21157210,CME_ETH,2464.50000000,TradingView CME ETH1! options,tv_chain,0.94619802,0.09492085,0.18083895,-12.83389453,-15.90720963,-19.90720963,both_negative_or_fair,false,0.00000000,1.00000000,0.00000000,0.00000000,3.00000000,0.05250000,0.05200000,0.05300000,0.00100000,snapshot,54760.80070000,48201.20827300,,,,,,,,15.85720963,-15.95720963,buy_yes,15.85720963,0.75212061,,true,true,true,long-tail,2459.20000000,snapshot,0.09626400,2379838756.92999983,0.00000000,,,pm_quote_from_snapshot,"Options model uses DERIBIT_ETH Deribit live; target month-end expiry 2026-09-30, IV expiry 2026-09-25T08:00:00+00:00, closest-strike IV sample. Hit/reach market uses tested one-touch probability model; incomplete rows fall back to 2x terminal probability. Dip touch probs use put-wing IV plus downside skew uplift (v3). CME sidecar uses CME_ETH TradingView CME ETH1! options; IV expiry 2026-10-02, closest-strike IV sample."
2026-09-10T02,relative_value_heatmap_v3_one_touch,BTC,what-price-will-bitcoin-hit-in-september-2026,4052429,"Will Bitcoin dip to $67,500 in September?",September 2026,below,67500.00000000,2026-10-01T04:00:00Z,21.08333333,77939.80000000,DERIBIT_BTC,77962.91000000,Deribit live,cme_snapshot,0.58968227,0.33500000,0.16421192,0.31715397,CME_BTC,78090.00000000,TradingView CME BTC1! options,tv_chain,0.56360869,0.14891266,0.28825444,-12.32544359,-15.21539747,-16.21539747,both_negative_or_fair,false,0.00000000,1.00000000,0.00000000,0.00000000,0.00000000,0.16500000,0.16000000,0.17000000,0.01000000,snapshot,36470.23520000,142367.65021200,,,,,,,,14.71539747,-15.71539747,buy_yes,14.71539747,0.69796352,,true,false,true,long-tail,77939.80000000,snapshot,-0.01243100,2784821363.15999985,0.00000000,,,pm_quote_from_snapshot,"Options model uses DERIBIT_BTC Deribit live; target month-end expiry 2026-09-30, IV expiry 2026-09-25T08:00:00+00:00, closest-strike IV sample. Hit/reach market uses tested one-touch probability model; incomplete rows fall back to 2x terminal probability. Dip touch probs use put-wing IV plus downside skew uplift (v3). CME sidecar uses CME_BTC TradingView CME BTC1! options; IV expiry 2026-10-02, closest-strike IV sample."
2026-09-10T02,relative_value_heatmap_v3_one_touch,ETH,what-price-will-ethereum-hit-in-september-2026,4052459,"Will Ethereum dip to $1,900 in September?",September 2026,below,1900.00000000,2026-10-01T04:00:00Z,21.08333333,2459.20000000,DERIBIT_ETH,2460.03000000,Deribit live,cme_snapshot,0.87853226,,0.12381291,0.23606890,CME_ETH,2464.50000000,TradingView CME ETH1! options,tv_chain,0.85936835,0.11594841,0.22143234,-13.64323399,-15.10689035,-19.10689035,both_negative_or_fair,false,0.00000000,1.00000000,0.00000000,0.00000000,3.00000000,0.08500000,0.08000000,0.09000000,0.01000000,snapshot,26742.20450000,30916.35284100,,,,,,,,14.60689035,-15.60689035,buy_yes,14.60689035,0.69281693,,true,true,true,long-tail,2459.20000000,snapshot,0.09626400,2379838756.92999983,0.00000000,,,pm_quote_from_snapshot,"Options model uses DERIBIT_ETH Deribit live; target month-end expiry 2026-09-30, IV expiry 2026-09-25T08:00:00+00:00, closest-strike IV sample. Hit/reach market uses tested one-touch probability model; incomplete rows fall back to 2x terminal probability. Dip touch probs use put-wing IV plus downside skew uplift (v3). CME sidecar uses CME_ETH TradingView CME ETH1! options; IV expiry 2026-10-02, closest-strike IV sample."
2026-09-10T02,relative_value_heatmap_v3_one_touch,ETH,what-price-will-ethereum-hit-in-september-2026,4052461,"Will Ethereum dip to $1,700 in September?",September 2026,below,1700.00000000,2026-10-01T04:00:00Z,21.08333333,2459.20000000,DERIBIT_ETH,2460.03000000,Deribit live,cme_snapshot,1.10009560,,0.09517125,0.17998561,CME_ETH,2464.50000000,TradingView CME ETH1! options,tv_chain,1.04809921,0.08159892,0.15492946,-12.14294562,-14.64856143,-18.64856143,both_negative_or_fair,false,0.00000000,1.00000000,0.00000000,0.00000000,3.00000000,0.03350000,0.03300000,0.03400000,0.00100000,snapshot,57314.03929000,33092.27339700,,,,,,,,14.59856143,-14.69856143,buy_yes,14.59856143,0.69242189,,true,true,true,long-tail,2459.20000000,snapshot,0.09626400,2379838756.92999983,0.00000000,,,pm_quote_from_snapshot,"Options model uses DERIBIT_ETH Deribit live; target month-end expiry 2026-09-30, IV expiry 2026-09-25T08:00:00+00:00, closest-strike IV sample. Hit/reach market uses tested one-touch probability model; incomplete rows fall back to 2x terminal probability. Dip touch probs use put-wing IV plus downside skew uplift (v3). CME sidecar uses CME_ETH TradingView CME ETH1! options; IV expiry 2026-10-02, closest-strike IV sample."
2026-09-10T02,relative_value_heatmap_v3_one_touch,BTC,what-price-will-bitcoin-hit-in-september-2026,4052432,"Will Bitcoin dip to $62,500 in September?",September 2026,below,62500.00000000,2026-10-01T04:00:00Z,21.08333333,77939.80000000,DERIBIT_BTC,77962.91000000,Deribit live,cme_snapshot,0.70190584,0.33500000,0.10270162,0.19790378,CME_BTC,78090.00000000,TradingView CME BTC1! options,tv_chain,0.69871813,0.09977936,0.19234403,-13.88440329,-14.44037792,-15.44037792,both_negative_or_fair,false,0.00000000,1.00000000,0.00000000,0.00000000,0.00000000,0.05350000,0.05300000,0.05400000,0.00100000,snapshot,64034.65414000,146693.47289500,,,,,,,,14.39037792,-14.49037792,buy_yes,14.39037792,0.68254757,,true,true,true,long-tail,77939.80000000,snapshot,-0.01243100,2784821363.15999985,0.00000000,,,pm_quote_from_snapshot,"Options model uses DERIBIT_BTC Deribit live; target month-end expiry 2026-09-30, IV expiry 2026-09-25T08:00:00+00:00, closest-strike IV sample. Hit/reach market uses tested one-touch probability model; incomplete rows fall back to 2x terminal probability. Dip touch probs use put-wing IV plus downside skew uplift (v3). CME sidecar uses CME_BTC TradingView CME BTC1! options; IV expiry 2026-10-02, closest-strike IV sample."
2026-09-10T02,relative_value_heatmap_v3_one_touch,ETH,what-price-will-ethereum-hit-in-september-2026,4052457,"Will Ethereum dip to $2,100 in September?",September 2026,below,2100.00000000,2026-10-01T04:00:00Z,21.08333333,2459.20000000,DERIBIT_ETH,2460.03000000,Deribit live,cme_snapshot,0.70412193,,0.18948189,0.36306227,CME_ETH,2464.50000000,TradingView CME ETH1! options,tv_chain,0.70926200,0.18856624,0.36122045,-14.62204489,-14.80622705,-18.80622705,both_negative_or_fair,false,0.00000000,1.00000000,0.00000000,0.00000000,3.00000000,0.21500000,0.21000000,0.22000000,0.01000000,snapshot,30967.40250000,23863.37833000,,,,,,,,14.30622705,-15.30622705,buy_yes,14.30622705,0.67855622,,true,false,true,long-tail,2459.20000000,snapshot,0.09626400,2379838756.92999983,0.00000000,,,pm_quote_from_snapshot,"Options model uses DERIBIT_ETH Deribit live; target month-end expiry 2026-09-30, IV expiry 2026-09-25T08:00:00+00:00, closest-strike IV sample. Hit/reach market uses tested one-touch probability model; incomplete rows fall back to 2x terminal probability. Dip touch probs use put-wing IV plus downside skew uplift (v3). CME sidecar uses CME_ETH TradingView CME ETH1! options; IV expiry 2026-10-02, closest-strike IV sample."
2026-09-10T02,relative_value_heatmap_v3_one_touch,BTC,what-price-will-bitcoin-hit-in-september-2026,4052431,"Will Bitcoin dip to $65,000 in September?",September 2026,below,65000.00000000,2026-10-01T04:00:00Z,21.08333333,77939.80000000,DERIBIT_BTC,77962.91000000,Deribit live,cme_snapshot,0.63075874,0.33500000,0.12292082,0.23742076,CME_BTC,78090.00000000,TradingView CME BTC1! options,tv_chain,0.62287325,0.11736764,0.22686559,-13.18655894,-14.24207578,-15.24207578,both_negative_or_fair,false,0.00000000,1.00000000,0.00000000,0.00000000,0.00000000,0.09500000,0.09000000,0.10000000,0.01000000,snapshot,30156.94640000,197346.96853700,,,,,,,,13.74207578,-14.74207578,buy_yes,13.74207578,0.65179806,,true,false,true,long-tail,77939.80000000,snapshot,-0.01243100,2784821363.15999985,0.00000000,,,pm_quote_from_snapshot,"Options model uses DERIBIT_BTC Deribit live; target month-end expiry 2026-09-30, IV expiry 2026-09-25T08:00:00+00:00, closest-strike IV sample. Hit/reach market uses tested one-touch probability model; incomplete rows fall back to 2x terminal probability. Dip touch probs use put-wing IV plus downside skew uplift (v3). CME sidecar uses CME_BTC TradingView CME BTC1! options; IV expiry 2026-10-02, closest-strike IV sample."
2026-09-10T02,relative_value_heatmap_v3_one_touch,ETH,what-price-will-ethereum-hit-in-september-2026,4052458,"Will Ethereum dip to $2,000 in September?",September 2026,below,2000.00000000,2026-10-01T04:00:00Z,21.08333333,2459.20000000,DERIBIT_ETH,2460.03000000,Deribit live,cme_snapshot,0.78232115,,0.14882327,0.28465506,CME_ETH,2464.50000000,TradingView CME ETH1! options,tv_chain,0.77695158,0.14458305,0.27670597,-13.67059749,-14.46550598,-18.46550598,both_negative_or_fair,false,0.00000000,1.00000000,0.00000000,0.00000000,3.00000000,0.14000000,0.13000000,0.15000000,0.02000000,snapshot,29138.13610000,32584.72263100,,,,,,,,13.46550598,-15.46550598,buy_yes,13.46550598,0.63868013,,true,false,true,long-tail,2459.20000000,snapshot,0.09626400,2379838756.92999983,0.00000000,,,pm_quote_from_snapshot,"Options model uses DERIBIT_ETH Deribit live; target month-end expiry 2026-09-30, IV expiry 2026-09-25T08:00:00+00:00, closest-strike IV sample. Hit/reach market uses tested one-touch probability model; incomplete rows fall back to 2x terminal probability. Dip touch probs use put-wing IV plus downside skew uplift (v3). CME sidecar uses CME_ETH TradingView CME ETH1! options; IV expiry 2026-10-02, closest-strike IV sample."
2026-09-10T02,relative_value_heatmap_v3_one_touch,BTC,what-price-will-bitcoin-hit-in-september-2026,4052427,"Will Bitcoin dip to $70,000 in September?",September 2026,below,70000.00000000,2026-10-01T04:00:00Z,21.08333333,77939.80000000,DERIBIT_BTC,77962.91000000,Deribit live,cme_snapshot,0.52373272,0.33500000,0.20626001,0.39910183,CME_BTC,78090.00000000,TradingView CME BTC1! options,tv_chain,0.51687723,0.19893314,0.38520865,-12.02086513,-13.41018326,-14.41018326,both_negative_or_fair,false,0.00000000,1.00000000,0.00000000,0.00000000,0.00000000,0.26500000,0.26000000,0.27000000,0.01000000,snapshot,37031.53170000,166577.32031700,,,,,,,,12.91018326,-13.91018326,buy_yes,12.91018326,0.61234071,,true,false,true,long-tail,77939.80000000,snapshot,-0.01243100,2784821363.15999985,0.00000000,,,pm_quote_from_snapshot,"Options model uses DERIBIT_BTC Deribit live; target month-end expiry 2026-09-30, IV expiry 2026-09-25T08:00:00+00:00, closest-strike IV sample. Hit/reach market uses tested one-touch probability model; incomplete rows fall back to 2x terminal probability. Dip touch probs use put-wing IV plus downside skew uplift (v3). CME sidecar uses CME_BTC TradingView CME BTC1! options; IV expiry 2026-10-02, closest-strike IV sample."
2026-09-10T02,relative_value_heatmap_v3_one_touch,ETH,what-price-will-ethereum-hit-in-september-2026,4052462,"Will Ethereum dip to $1,600 in September?",September 2026,below,1600.00000000,2026-10-01T04:00:00Z,21.08333333,2459.20000000,DERIBIT_ETH,2460.03000000,Deribit live,cme_snapshot,1.21395759,,0.08453859,0.15923625,CME_ETH,2464.50000000,TradingView CME ETH1! options,tv_chain,1.18073251,0.07659931,0.14464696,-11.51469592,-12.97362484,-16.97362484,both_negative_or_fair,false,0.00000000,1.00000000,0.00000000,0.00000000,3.00000000,0.02950000,0.02700000,0.03200000,0.00500000,snapshot,66109.26708000,39367.84561200,,,,,,,,12.72362484,-13.22362484,buy_yes,12.72362484,0.60349209,,true,true,true,long-tail,2459.20000000,snapshot,0.09626400,2379838756.92999983,0.00000000,,,pm_quote_from_snapshot,"Options model uses DERIBIT_ETH Deribit live; target month-end expiry 2026-09-30, IV expiry 2026-09-25T08:00:00+00:00, closest-strike IV sample. Hit/reach market uses tested one-touch probability model; incomplete rows fall back to 2x terminal probability. Dip touch probs use put-wing IV plus downside skew uplift (v3). CME sidecar uses CME_ETH TradingView CME ETH1! options; IV expiry 2026-10-02, closest-strike IV sample."
2026-09-10T02,relative_value_heatmap_v3_one_touch,BTC,what-price-will-bitcoin-hit-in-september-2026,4052436,"Will Bitcoin dip to $57,500 in September?",September 2026,below,57500.00000000,2026-10-01T04:00:00Z,21.08333333,77939.80000000,DERIBIT_BTC,77962.91000000,Deribit live,cme_snapshot,0.85825171,0.33500000,0.07804634,0.14955954,CME_BTC,78090.00000000,TradingView CME BTC1! options,tv_chain,0.82887450,0.06890426,0.13234117,-10.98411705,-12.70595428,-13.70595428,both_negative_or_fair,false,0.00000000,1.00000000,0.00000000,0.00000000,0.00000000,0.02250000,0.02200000,0.02300000,0.00100000,snapshot,67550.91637000,211240.06679000,,,,,,,,12.65595428,-12.75595428,buy_yes,12.65595428,0.60028242,,true,true,true,long-tail,77939.80000000,snapshot,-0.01243100,2784821363.15999985,0.00000000,,,pm_quote_from_snapshot,"Options model uses DERIBIT_BTC Deribit live; target month-end expiry 2026-09-30, IV expiry 2026-09-25T08:00:00+00:00, closest-strike IV sample. Hit/reach market uses tested one-touch probability model; incomplete rows fall back to 2x terminal probability. Dip touch probs use put-wing IV plus downside skew uplift (v3). CME sidecar uses CME_BTC TradingView CME BTC1! options; IV expiry 2026-10-02, closest-strike IV sample."
2026-09-10T02,relative_value_heatmap_v3_one_touch,ETH,what-price-will-ethereum-hit-in-september-2026,4052463,"Will Ethereum dip to $1,500 in September?",September 2026,below,1500.00000000,2026-10-01T04:00:00Z,21.08333333,2459.20000000,DERIBIT_ETH,2460.03000000,Deribit live,cme_snapshot,1.34319274,,0.07783018,0.14588482,CME_ETH,2464.50000000,TradingView CME ETH1! options,tv_chain,1.21076564,0.05324679,0.10075421,-8.12542080,-12.63848152,-16.63848152,both_negative_or_fair,false,0.00000000,1.00000000,0.00000000,0.00000000,3.00000000,0.01950000,0.01900000,0.02000000,0.00100000,snapshot,81559.96080000,73936.14955800,,,,,,,,12.58848152,-12.68848152,buy_yes,12.58848152,0.59708213,,true,true,true,long-tail,2459.20000000,snapshot,0.09626400,2379838756.92999983,0.00000000,,,pm_quote_from_snapshot,"Options model uses DERIBIT_ETH Deribit live; target month-end expiry 2026-09-30, IV expiry 2026-09-25T08:00:00+00:00, closest-strike IV sample. Hit/reach market uses tested one-touch probability model; incomplete rows fall back to 2x terminal probability. Dip touch probs use put-wing IV plus downside skew uplift (v3). CME sidecar uses CME_ETH TradingView CME ETH1! options; IV expiry 2026-10-02, closest-strike IV sample."
2026-09-10T02,relative_value_heatmap_v3_one_touch,BTC,what-price-will-bitcoin-hit-in-september-2026,4052434,"Will Bitcoin dip to $60,000 in September?",September 2026,below,60000.00000000,2026-10-01T04:00:00Z,21.08333333,77939.80000000,DERIBIT_BTC,77962.91000000,Deribit live,cme_snapshot,0.75573410,0.33500000,0.08147380,0.15684179,CME_BTC,78090.00000000,TradingView CME BTC1! options,tv_chain,0.76851468,0.08408068,0.16172475,-12.52247457,-12.03417853,-13.03417853,both_negative_or_fair,false,0.00000000,1.00000000,0.00000000,0.00000000,0.00000000,0.03650000,0.03600000,0.03700000,0.00100000,snapshot,49274.14698000,152207.25212000,,,,,,,,11.98417853,-12.08417853,buy_yes,11.98417853,0.56841954,,true,true,true,long-tail,77939.80000000,snapshot,-0.01243100,2784821363.15999985,0.00000000,,,pm_quote_from_snapshot,"Options model uses DERIBIT_BTC Deribit live; target month-end expiry 2026-09-30, IV expiry 2026-09-25T08:00:00+00:00, closest-strike IV sample. Hit/reach market uses tested one-touch probability model; incomplete rows fall back to 2x terminal probability. Dip touch probs use put-wing IV plus downside skew uplift (v3). CME sidecar uses CME_BTC TradingView CME BTC1! options; IV expiry 2026-10-02, closest-strike IV sample."
2026-09-10T02,relative_value_heatmap_v3_one_touch,ETH,what-price-will-ethereum-hit-in-september-2026,4412636,"Will Ethereum reach $2,500 in September?",September 2026,above,2500.00000000,2026-10-01T04:00:00Z,21.08333333,2459.20000000,DERIBIT_ETH,2460.03000000,Deribit live,cme_snapshot,0.50637500,,0.42254032,0.88430462,CME_ETH,2464.50000000,TradingView CME ETH1! options,tv_chain,0.51153791,0.42879843,0.89813877,-13.31387699,-11.93046212,-15.93046212,both_negative_or_fair,false,0.00000000,1.00000000,0.00000000,0.00000000,3.00000000,0.76500000,0.53000000,0.00000000,0.00000000,snapshot,518.13280000,62.00000000,0.98368000,0.77769193,mid_underlying_cap_ratio,,,,,11.93046212,-35.43046212,buy_yes,11.93046212,0.56587172,,false,false,false,long-tail,2459.20000000,snapshot,0.09626400,2379838756.92999983,0.00000000,,,low_pm_liquidity;pm_quote_from_snapshot,"Options model uses DERIBIT_ETH Deribit live; target month-end expiry 2026-09-30, IV expiry 2026-09-25T08:00:00+00:00, closest-strike IV sample. Hit/reach market uses tested one-touch probability model; incomplete rows fall back to 2x terminal probability. CME sidecar uses CME_ETH TradingView CME ETH1! options; IV expiry 2026-10-02, closest-strike IV sample. Underlying upside cap YES price is 98.4%; PM trades at 78% of cap."
2026-09-10T02,relative_value_heatmap_v3_one_touch,BTC,what-price-will-bitcoin-hit-in-september-2026,4052438,"Will Bitcoin dip to $55,000 in September?",September 2026,below,55000.00000000,2026-10-01T04:00:00Z,21.08333333,77939.80000000,DERIBIT_BTC,77962.91000000,Deribit live,cme_snapshot,0.91879461,0.33500000,0.06446769,0.12336979,CME_BTC,78090.00000000,TradingView CME BTC1! options,tv_chain,0.86952482,0.05216658,0.10019356,-8.41935606,-10.73697895,-11.73697895,both_negative_or_fair,false,0.00000000,1.00000000,0.00000000,0.00000000,0.00000000,0.01600000,0.01500000,0.01700000,0.00200000,snapshot,81016.82703000,438325.07730000,,,,,,,,10.63697895,-10.83697895,buy_yes,10.63697895,0.50452074,,true,true,true,long-tail,77939.80000000,snapshot,-0.01243100,2784821363.15999985,0.00000000,,,pm_quote_from_snapshot,"Options model uses DERIBIT_BTC Deribit live; target month-end expiry 2026-09-30, IV expiry 2026-09-25T08:00:00+00:00, closest-strike IV sample. Hit/reach market uses tested one-touch probability model; incomplete rows fall back to 2x terminal probability. Dip touch probs use put-wing IV plus downside skew uplift (v3). CME sidecar uses CME_BTC TradingView CME BTC1! options; IV expiry 2026-10-02, closest-strike IV sample."
2026-09-10T02,relative_value_heatmap_v3_one_touch,ETH,what-price-will-ethereum-hit-in-september-2026,4052456,"Will Ethereum dip to $2,200 in September?",September 2026,below,2200.00000000,2026-10-01T04:00:00Z,21.08333333,2459.20000000,DERIBIT_ETH,2460.03000000,Deribit live,cme_snapshot,0.64459702,,0.25249849,0.48385397,CME_ETH,2464.50000000,TradingView CME ETH1! options,tv_chain,0.65827014,0.25416309,0.48658207,-11.15820664,-10.88539702,-14.88539702,both_negative_or_fair,false,0.00000000,1.00000000,0.00000000,0.00000000,3.00000000,0.37500000,0.37000000,0.38000000,0.01000000,snapshot,33573.90430000,21374.79298600,,,,,,,,10.38539702,-11.38539702,buy_yes,10.38539702,0.49258800,,true,false,true,long-tail,2459.20000000,snapshot,0.09626400,2379838756.92999983,0.00000000,,,pm_quote_from_snapshot,"Options model uses DERIBIT_ETH Deribit live; target month-end expiry 2026-09-30, IV expiry 2026-09-25T08:00:00+00:00, closest-strike IV sample. Hit/reach market uses tested one-touch probability model; incomplete rows fall back to 2x terminal probability. Dip touch probs use put-wing IV plus downside skew uplift (v3). CME sidecar uses CME_ETH TradingView CME ETH1! options; IV expiry 2026-10-02, closest-strike IV sample."
2026-09-10T02,relative_value_heatmap_v3_one_touch,BTC,what-price-will-bitcoin-hit-in-september-2026,4052425,"Will Bitcoin dip to $72,500 in September?",September 2026,below,72500.00000000,2026-10-01T04:00:00Z,21.08333333,77939.80000000,DERIBIT_BTC,77962.91000000,Deribit live,cme_snapshot,0.48014635,0.33500000,0.27704938,0.53597460,CME_BTC,78090.00000000,TradingView CME BTC1! options,tv_chain,0.48353657,0.27388250,0.52979564,-9.47956352,-10.09745951,-11.09745951,both_negative_or_fair,false,0.00000000,1.00000000,0.00000000,0.00000000,0.00000000,0.43500000,0.43000000,0.44000000,0.01000000,snapshot,41368.11130000,151312.92833500,,,,,,,,9.59745951,-10.59745951,buy_yes,9.59745951,0.45521547,,true,false,true,mild-long-tail,77939.80000000,snapshot,-0.01243100,2784821363.15999985,0.00000000,,,pm_quote_from_snapshot,"Options model uses DERIBIT_BTC Deribit live; target month-end expiry 2026-09-30, IV expiry 2026-09-25T08:00:00+00:00, closest-strike IV sample. Hit/reach market uses tested one-touch probability model; incomplete rows fall back to 2x terminal probability. Dip touch probs use put-wing IV plus downside skew uplift (v3). CME sidecar uses CME_BTC TradingView CME BTC1! options; IV expiry 2026-10-02, closest-strike IV sample."
2026-09-10T02,relative_value_heatmap_v3_one_touch,ETH,what-price-will-ethereum-hit-in-september-2026,4052455,"Will Ethereum dip to $2,300 in September?",September 2026,below,2300.00000000,2026-10-01T04:00:00Z,21.08333333,2459.20000000,DERIBIT_ETH,2460.03000000,Deribit live,cme_snapshot,0.60388740,,0.34226032,0.65464502,CME_ETH,2464.50000000,TradingView CME ETH1! options,tv_chain,0.62398102,0.34418984,0.65734584,-7.73458396,-7.46450244,-11.46450244,both_negative_or_fair,false,0.00000000,1.00000000,0.00000000,0.00000000,3.00000000,0.58000000,0.57000000,0.59000000,0.02000000,snapshot,42048.26890000,28078.43226500,,,,,,,,6.46450244,-8.46450244,buy_yes,6.46450244,0.30661672,,true,false,false,mild-long-tail,2459.20000000,snapshot,0.09626400,2379838756.92999983,0.00000000,,,pm_quote_from_snapshot,"Options model uses DERIBIT_ETH Deribit live; target month-end expiry 2026-09-30, IV expiry 2026-09-25T08:00:00+00:00, closest-strike IV sample. Hit/reach market uses tested one-touch probability model; incomplete rows fall back to 2x terminal probability. Dip touch probs use put-wing IV plus downside skew uplift (v3). CME sidecar uses CME_ETH TradingView CME ETH1! options; IV expiry 2026-10-02, closest-strike IV sample."
2026-09-10T02,relative_value_heatmap_v3_one_touch,BTC,what-price-will-bitcoin-hit-in-september-2026,4052423,"Will Bitcoin dip to $75,000 in September?",September 2026,below,75000.00000000,2026-10-01T04:00:00Z,21.08333333,77939.80000000,DERIBIT_BTC,77962.91000000,Deribit live,cme_snapshot,0.45593931,0.33500000,0.37807704,0.72976736,CME_BTC,78090.00000000,TradingView CME BTC1! options,tv_chain,0.46182006,0.37436502,0.72239173,-6.23917268,-6.97673598,-7.97673598,both_negative_or_fair,false,0.00000000,1.00000000,0.00000000,0.00000000,0.00000000,0.66000000,0.66000000,0.67000000,0.01000000,snapshot,48470.11210000,269461.55340400,,,,,,,,5.97673598,-6.97673598,buy_yes,5.97673598,0.28348155,,true,false,true,mild-long-tail,77939.80000000,snapshot,-0.01243100,2784821363.15999985,0.00000000,,,pm_quote_from_snapshot,"Options model uses DERIBIT_BTC Deribit live; target month-end expiry 2026-09-30, IV expiry 2026-09-25T08:00:00+00:00, closest-strike IV sample. Hit/reach market uses tested one-touch probability model; incomplete rows fall back to 2x terminal probability. Dip touch probs use put-wing IV plus downside skew uplift (v3). CME sidecar uses CME_BTC TradingView CME BTC1! options; IV expiry 2026-10-02, closest-strike IV sample."
2026-09-10T02,relative_value_heatmap_v3_one_touch,ETH,what-price-will-ethereum-hit-in-september-2026,4052451,"Will Ethereum reach $2,700 in September?",September 2026,above,2700.00000000,2026-10-01T04:00:00Z,21.08333333,2459.20000000,DERIBIT_ETH,2460.03000000,Deribit live,cme_snapshot,0.53985000,,0.21152260,0.43914285,CME_ETH,2464.50000000,TradingView CME ETH1! options,tv_chain,0.53747174,0.21485792,0.44606843,-5.10684347,-4.41428472,-8.41428472,both_negative_or_fair,false,0.00000000,1.00000000,0.00000000,0.00000000,3.00000000,0.39500000,0.39000000,0.40000000,0.01000000,snapshot,31962.93390000,45384.38155900,0.91081481,0.43367762,mid_underlying_cap_ratio,,,,,3.91428472,-4.91428472,buy_yes,3.91428472,0.18565777,,true,false,false,near-fair,2459.20000000,snapshot,0.09626400,2379838756.92999983,0.00000000,,,pm_quote_from_snapshot,"Options model uses DERIBIT_ETH Deribit live; target month-end expiry 2026-09-30, IV expiry 2026-09-25T08:00:00+00:00, closest-strike IV sample. Hit/reach market uses tested one-touch probability model; incomplete rows fall back to 2x terminal probability. CME sidecar uses CME_ETH TradingView CME ETH1! options; IV expiry 2026-10-02, closest-strike IV sample. Underlying upside cap YES price is 91.1%; PM trades at 43% of cap."
2026-09-10T02,relative_value_heatmap_v3_one_touch,BTC,what-price-will-bitcoin-hit-in-september-2026,4190831,"Will Bitcoin dip to $77,500 in September?",September 2026,below,77500.00000000,2026-10-01T04:00:00Z,21.08333333,77939.80000000,DERIBIT_BTC,77962.91000000,Deribit live,cme_snapshot,0.43882782,0.33500000,0.49727044,0.95645950,CME_BTC,78090.00000000,TradingView CME BTC1! options,tv_chain,0.44847289,0.49201611,0.94579559,-1.87955869,-2.94594993,-3.94594993,both_negative_or_fair,false,0.00000000,1.00000000,0.00000000,0.00000000,0.00000000,0.92700000,0.91900000,0.92000000,0.00100000,snapshot,43225.83372000,195600.18890200,,,,,,,,3.64594993,-3.74594993,buy_yes,3.64594993,0.17293043,,true,false,false,near-fair,77939.80000000,snapshot,-0.01243100,2784821363.15999985,0.00000000,,,pm_quote_from_snapshot,"Options model uses DERIBIT_BTC Deribit live; target month-end expiry 2026-09-30, IV expiry 2026-09-25T08:00:00+00:00, closest-strike IV sample. Hit/reach market uses tested one-touch probability model; incomplete rows fall back to 2x terminal probability. Dip touch probs use put-wing IV plus downside skew uplift (v3). CME sidecar uses CME_BTC TradingView CME BTC1! options; IV expiry 2026-10-02, closest-strike IV sample."
2026-09-10T02,relative_value_heatmap_v3_one_touch,BTC,what-price-will-bitcoin-hit-in-september-2026,4052416,"Will Bitcoin reach $92,500 in September?",September 2026,above,92500.00000000,2026-10-01T04:00:00Z,21.08333333,77939.80000000,DERIBIT_BTC,77962.91000000,Deribit live,cme_snapshot,0.47840000,0.33500000,0.05638805,0.11558016,CME_BTC,78090.00000000,TradingView CME BTC1! options,tv_chain,0.47591386,0.05718082,0.11719654,-3.71965367,-3.55801625,-4.55801625,both_negative_or_fair,false,0.00000000,1.00000000,0.00000000,0.00000000,0.00000000,0.08000000,0.07000000,0.09000000,0.02000000,snapshot,63253.28470000,101152.04050600,0.84259243,0.09494507,cheap_vs_underlying_cap_bearish,,,,,2.55801625,-4.55801625,buy_yes,2.55801625,0.12132883,,true,false,false,near-fair,77939.80000000,snapshot,-0.01243100,2784821363.15999985,0.00000000,,,cheap_vs_underlying_cap_bearish;pm_quote_from_snapshot,"Options model uses DERIBIT_BTC Deribit live; target month-end expiry 2026-09-30, IV expiry 2026-09-25T08:00:00+00:00, closest-strike IV sample. Hit/reach market uses tested one-touch probability model; incomplete rows fall back to 2x terminal probability. CME sidecar uses CME_BTC TradingView CME BTC1! options; IV expiry 2026-10-02, closest-strike IV sample. Underlying upside cap YES price is 84.3%; PM trades at 9% of cap."
2026-09-10T02,relative_value_heatmap_v3_one_touch,ETH,what-price-will-ethereum-hit-in-september-2026,4190833,"Will Ethereum dip to $2,400 in September?",September 2026,below,2400.00000000,2026-10-01T04:00:00Z,21.08333333,2459.20000000,DERIBIT_ETH,2460.03000000,Deribit live,cme_snapshot,0.57637673,,0.45375843,0.86476869,CME_ETH,2464.50000000,TradingView CME ETH1! options,tv_chain,0.60078131,0.45271570,0.86116842,-3.61684181,-3.97686884,-8.47686884,both_negative_or_fair,false,0.00000000,1.50000000,0.00000000,0.00000000,3.00000000,0.82500000,0.81000000,0.84000000,0.03000000,snapshot,37730.04070000,21381.56167100,,,,,,,,2.47686884,-5.47686884,buy_yes,2.47686884,0.11747995,,true,false,false,near-fair,2459.20000000,snapshot,0.09626400,2379838756.92999983,0.00000000,,,pm_quote_from_snapshot,"Options model uses DERIBIT_ETH Deribit live; target month-end expiry 2026-09-30, IV expiry 2026-09-25T08:00:00+00:00, closest-strike IV sample. Hit/reach market uses tested one-touch probability model; incomplete rows fall back to 2x terminal probability. Dip touch probs use put-wing IV plus downside skew uplift (v3). CME sidecar uses CME_ETH TradingView CME ETH1! options; IV expiry 2026-10-02, closest-strike IV sample."
2026-09-10T02,relative_value_heatmap_v3_one_touch,BTC,what-price-will-bitcoin-hit-in-september-2026,4052415,"Will Bitcoin reach $95,000 in September?",September 2026,above,95000.00000000,2026-10-01T04:00:00Z,21.08333333,77939.80000000,DERIBIT_BTC,77962.91000000,Deribit live,cme_snapshot,0.50917500,0.33500000,0.04260950,0.08737812,CME_BTC,78090.00000000,TradingView CME BTC1! options,tv_chain,0.54308408,0.05385815,0.11075082,-5.22508157,-2.88781164,-3.88781164,both_negative_or_fair,false,0.00000000,1.00000000,0.00000000,0.00000000,0.00000000,0.05850000,0.06000000,0.06400000,0.00400000,snapshot,82925.82670000,196014.08506300,0.82041895,0.07130503,cheap_vs_underlying_cap_bearish,,,,,2.33781164,-2.73781164,buy_yes,2.33781164,0.11088435,,true,false,false,near-fair,77939.80000000,snapshot,-0.01243100,2784821363.15999985,0.00000000,,,cheap_vs_underlying_cap_bearish;pm_quote_from_snapshot,"Options model uses DERIBIT_BTC Deribit live; target month-end expiry 2026-09-30, IV expiry 2026-09-25T08:00:00+00:00, closest-strike IV sample. Hit/reach market uses tested one-touch probability model; incomplete rows fall back to 2x terminal probability. CME sidecar uses CME_BTC TradingView CME BTC1! options; IV expiry 2026-10-02, closest-strike IV sample. Underlying upside cap YES price is 82.0%; PM trades at 7% of cap."
2026-09-10T02,relative_value_heatmap_v3_one_touch,BTC,what-price-will-bitcoin-hit-in-september-2026,4052418,"Will Bitcoin reach $87,500 in September?",September 2026,above,87500.00000000,2026-10-01T04:00:00Z,21.08333333,77939.80000000,DERIBIT_BTC,77962.91000000,Deribit live,cme_snapshot,0.43317500,0.33500000,0.11680519,0.23965116,CME_BTC,78090.00000000,TradingView CME BTC1! options,tv_chain,0.42013545,0.11344899,0.23254409,-1.75440882,-2.46511619,-3.46511619,both_negative_or_fair,false,0.00000000,1.00000000,0.00000000,0.00000000,0.00000000,0.21500000,0.21000000,0.22000000,0.01000000,snapshot,43039.04180000,137878.45885800,0.89074057,0.24137219,cheap_vs_underlying_cap_bearish,,,,,1.96511619,-2.96511619,buy_yes,1.96511619,0.09320709,,true,false,false,near-fair,77939.80000000,snapshot,-0.01243100,2784821363.15999985,0.00000000,,,cheap_vs_underlying_cap_bearish;pm_quote_from_snapshot,"Options model uses DERIBIT_BTC Deribit live; target month-end expiry 2026-09-30, IV expiry 2026-09-25T08:00:00+00:00, closest-strike IV sample. Hit/reach market uses tested one-touch probability model; incomplete rows fall back to 2x terminal probability. CME sidecar uses CME_BTC TradingView CME BTC1! options; IV expiry 2026-10-02, closest-strike IV sample. Underlying upside cap YES price is 89.1%; PM trades at 24% of cap."
2026-09-10T02,relative_value_heatmap_v3_one_touch,ETH,what-price-will-ethereum-hit-in-september-2026,4052452,"Will Ethereum reach $2,600 in September?",September 2026,above,2600.00000000,2026-10-01T04:00:00Z,21.08333333,2459.20000000,DERIBIT_ETH,2460.03000000,Deribit live,cme_snapshot,0.52167500,,0.30326261,0.63167040,CME_ETH,2464.50000000,TradingView CME ETH1! options,tv_chain,0.52233612,0.30865596,0.64311294,1.18870614,2.33296009,-1.66703991,both_positive,false,0.00000000,1.00000000,0.00000000,0.00000000,3.00000000,0.65500000,0.65000000,0.66000000,0.01000000,snapshot,43531.68870000,133526.49946300,0.94584615,0.69250163,mid_underlying_cap_ratio,,,,,-2.83296009,1.83296009,sell_yes_or_buy_no,-1.83296009,-0.08693882,,true,false,false,near-fair,2459.20000000,snapshot,0.09626400,2379838756.92999983,0.00000000,,,pm_quote_from_snapshot,"Options model uses DERIBIT_ETH Deribit live; target month-end expiry 2026-09-30, IV expiry 2026-09-25T08:00:00+00:00, closest-strike IV sample. Hit/reach market uses tested one-touch probability model; incomplete rows fall back to 2x terminal probability. CME sidecar uses CME_ETH TradingView CME ETH1! options; IV expiry 2026-10-02, closest-strike IV sample. Underlying upside cap YES price is 94.6%; PM trades at 69% of cap."
2026-09-10T02,relative_value_heatmap_v3_one_touch,BTC,what-price-will-bitcoin-hit-in-september-2026,4052417,"Will Bitcoin reach $90,000 in September?",September 2026,above,90000.00000000,2026-10-01T04:00:00Z,21.08333333,77939.80000000,DERIBIT_BTC,77962.91000000,Deribit live,cme_snapshot,0.44555000,0.33500000,0.07613644,0.15598468,CME_BTC,78090.00000000,TradingView CME BTC1! options,tv_chain,0.44270682,0.07717602,0.15809918,-2.30991805,-2.09846812,-3.09846812,both_negative_or_fair,false,0.00000000,1.00000000,0.00000000,0.00000000,0.00000000,0.13500000,0.13000000,0.14000000,0.01000000,snapshot,51711.10440000,159669.91091300,0.86599778,0.15588955,cheap_vs_underlying_cap_bearish,,,,,1.59846812,-2.59846812,buy_yes,1.59846812,0.07581667,,true,false,false,near-fair,77939.80000000,snapshot,-0.01243100,2784821363.15999985,0.00000000,,,cheap_vs_underlying_cap_bearish;pm_quote_from_snapshot,"Options model uses DERIBIT_BTC Deribit live; target month-end expiry 2026-09-30, IV expiry 2026-09-25T08:00:00+00:00, closest-strike IV sample. Hit/reach market uses tested one-touch probability model; incomplete rows fall back to 2x terminal probability. CME sidecar uses CME_BTC TradingView CME BTC1! options; IV expiry 2026-10-02, closest-strike IV sample. Underlying upside cap YES price is 86.6%; PM trades at 16% of cap."
2026-09-10T02,relative_value_heatmap_v3_one_touch,ETH,what-price-will-ethereum-hit-in-september-2026,4052450,"Will Ethereum reach $2,800 in September?",September 2026,above,2800.00000000,2026-10-01T04:00:00Z,21.08333333,2459.20000000,DERIBIT_ETH,2460.03000000,Deribit live,cme_snapshot,0.56405000,,0.14724435,0.30511228,CME_ETH,2464.50000000,TradingView CME ETH1! options,tv_chain,0.55667373,0.14766025,0.30583378,-2.08337750,-2.01122776,-6.01122776,both_negative_or_fair,false,0.00000000,1.00000000,0.00000000,0.00000000,3.00000000,0.28500000,0.28000000,0.29000000,0.01000000,snapshot,31375.77740000,63205.12321700,0.87828571,0.32449577,cheap_vs_underlying_cap_bearish,,,,,1.51122776,-2.51122776,buy_yes,1.51122776,0.07167879,,true,false,false,near-fair,2459.20000000,snapshot,0.09626400,2379838756.92999983,0.00000000,,,cheap_vs_underlying_cap_bearish;pm_quote_from_snapshot,"Options model uses DERIBIT_ETH Deribit live; target month-end expiry 2026-09-30, IV expiry 2026-09-25T08:00:00+00:00, closest-strike IV sample. Hit/reach market uses tested one-touch probability model; incomplete rows fall back to 2x terminal probability. CME sidecar uses CME_ETH TradingView CME ETH1! options; IV expiry 2026-10-02, closest-strike IV sample. Underlying upside cap YES price is 87.8%; PM trades at 32% of cap."
2026-09-10T02,relative_value_heatmap_v3_one_touch,ETH,what-price-will-ethereum-hit-in-september-2026,4052446,"Will Ethereum reach $3,200 in September?",September 2026,above,3200.00000000,2026-10-01T04:00:00Z,21.08333333,2459.20000000,DERIBIT_ETH,2460.03000000,Deribit live,cme_snapshot,0.67375000,,0.04009202,0.08288573,CME_ETH,2464.50000000,TradingView CME ETH1! options,tv_chain,0.66559081,0.03941860,0.08145245,-1.44524520,-1.58857291,-5.58857291,both_negative_or_fair,false,0.00000000,1.00000000,0.00000000,0.00000000,3.00000000,0.06700000,0.06600000,0.06800000,0.00200000,snapshot,57756.00988000,94725.39294600,0.76850000,0.08718282,cheap_vs_underlying_cap_bearish,,,,,1.48857291,-1.68857291,buy_yes,1.48857291,0.07060425,,true,false,false,near-fair,2459.20000000,snapshot,0.09626400,2379838756.92999983,0.00000000,,,cheap_vs_underlying_cap_bearish;pm_quote_from_snapshot,"Options model uses DERIBIT_ETH Deribit live; target month-end expiry 2026-09-30, IV expiry 2026-09-25T08:00:00+00:00, closest-strike IV sample. Hit/reach market uses tested one-touch probability model; incomplete rows fall back to 2x terminal probability. CME sidecar uses CME_ETH TradingView CME ETH1! options; IV expiry 2026-10-02, closest-strike IV sample. Underlying upside cap YES price is 76.8%; PM trades at 9% of cap."
2026-09-10T02,relative_value_heatmap_v3_one_touch,ETH,what-price-will-ethereum-hit-in-september-2026,4052447,"Will Ethereum reach $3,100 in September?",September 2026,above,3100.00000000,2026-10-01T04:00:00Z,21.08333333,2459.20000000,DERIBIT_ETH,2460.03000000,Deribit live,cme_snapshot,0.64827500,,0.05450589,0.11272102,CME_ETH,2464.50000000,TradingView CME ETH1! options,tv_chain,0.63579825,0.05273069,0.10895676,-1.44567609,-1.82210224,-5.82210224,both_negative_or_fair,false,0.00000000,1.00000000,0.00000000,0.00000000,3.00000000,0.09450000,0.08900000,0.10000000,0.01100000,snapshot,48743.27330000,29804.77978800,0.79329032,0.11912411,cheap_vs_underlying_cap_bearish,,,,,1.27210224,-2.37210224,buy_yes,1.27210224,0.06033687,,true,false,false,near-fair,2459.20000000,snapshot,0.09626400,2379838756.92999983,0.00000000,,,cheap_vs_underlying_cap_bearish;pm_quote_from_snapshot,"Options model uses DERIBIT_ETH Deribit live; target month-end expiry 2026-09-30, IV expiry 2026-09-25T08:00:00+00:00, closest-strike IV sample. Hit/reach market uses tested one-touch probability model; incomplete rows fall back to 2x terminal probability. CME sidecar uses CME_ETH TradingView CME ETH1! options; IV expiry 2026-10-02, closest-strike IV sample. Underlying upside cap YES price is 79.3%; PM trades at 12% of cap."
2026-09-10T02,relative_value_heatmap_v3_one_touch,BTC,what-price-will-bitcoin-hit-in-september-2026,4052414,"Will Bitcoin reach $97,500 in September?",September 2026,above,97500.00000000,2026-10-01T04:00:00Z,21.08333333,77939.80000000,DERIBIT_BTC,77962.91000000,Deribit live,cme_snapshot,0.52445000,0.33500000,0.02960766,0.06068010,CME_BTC,78090.00000000,TradingView CME BTC1! options,tv_chain,0.56744246,0.04083940,0.08398151,-3.54815109,-1.21800975,-2.21800975,both_negative_or_fair,false,0.00000000,1.00000000,0.00000000,0.00000000,0.00000000,0.04850000,0.04600000,0.04800000,0.00200000,snapshot,52164.91311000,101821.17900200,0.79938256,0.06067183,cheap_vs_underlying_cap_bearish,,,,,1.26800975,-1.46800975,buy_yes,1.26800975,0.06014275,,true,false,false,near-fair,77939.80000000,snapshot,-0.01243100,2784821363.15999985,0.00000000,,,cheap_vs_underlying_cap_bearish;pm_quote_from_snapshot,"Options model uses DERIBIT_BTC Deribit live; target month-end expiry 2026-09-30, IV expiry 2026-09-25T08:00:00+00:00, closest-strike IV sample. Hit/reach market uses tested one-touch probability model; incomplete rows fall back to 2x terminal probability. CME sidecar uses CME_BTC TradingView CME BTC1! options; IV expiry 2026-10-02, closest-strike IV sample. Underlying upside cap YES price is 79.9%; PM trades at 6% of cap."
2026-09-10T02,relative_value_heatmap_v3_one_touch,ETH,what-price-will-ethereum-hit-in-september-2026,4052445,"Will Ethereum reach $3,300 in September?",September 2026,above,3300.00000000,2026-10-01T04:00:00Z,21.08333333,2459.20000000,DERIBIT_ETH,2460.03000000,Deribit live,cme_snapshot,0.69857500,,0.02993763,0.06188087,CME_ETH,2464.50000000,TradingView CME ETH1! options,tv_chain,0.69365581,0.02987062,0.06172678,-1.32267780,-1.33808735,-5.33808735,both_negative_or_fair,false,0.00000000,1.00000000,0.00000000,0.00000000,3.00000000,0.04850000,0.04700000,0.05000000,0.00300000,snapshot,65808.41916000,139465.00549700,0.74521212,0.06508214,cheap_vs_underlying_cap_bearish,,,,,1.18808735,-1.48808735,buy_yes,1.18808735,0.05635197,,true,false,false,near-fair,2459.20000000,snapshot,0.09626400,2379838756.92999983,0.00000000,,,cheap_vs_underlying_cap_bearish;pm_quote_from_snapshot,"Options model uses DERIBIT_ETH Deribit live; target month-end expiry 2026-09-30, IV expiry 2026-09-25T08:00:00+00:00, closest-strike IV sample. Hit/reach market uses tested one-touch probability model; incomplete rows fall back to 2x terminal probability. CME sidecar uses CME_ETH TradingView CME ETH1! options; IV expiry 2026-10-02, closest-strike IV sample. Underlying upside cap YES price is 74.5%; PM trades at 7% of cap."
2026-09-10T02,relative_value_heatmap_v3_one_touch,BTC,what-price-will-bitcoin-hit-in-september-2026,4052420,"Will Bitcoin reach $82,500 in September?",September 2026,above,82500.00000000,2026-10-01T04:00:00Z,21.08333333,77939.80000000,DERIBIT_BTC,77962.91000000,Deribit live,cme_snapshot,0.40047500,0.33500000,0.25738311,0.52998041,CME_BTC,78090.00000000,TradingView CME BTC1! options,tv_chain,0.39497871,0.26058181,0.53640884,-0.64088383,0.00195889,-6.99804111,cboe_only,false,0.00000000,1.00000000,0.00000000,6.00000000,0.00000000,0.53000000,0.52000000,0.54000000,0.02000000,snapshot,54175.29810000,387648.76380200,0.94472485,0.56100991,mid_underlying_cap_ratio,,,,,-1.00195889,-0.99804111,avoid_buy_yes,-1.00195889,-0.04752374,,false,false,false,near-fair,77939.80000000,snapshot,-0.01243100,2784821363.15999985,0.00000000,,,pm_quote_from_snapshot,"Options model uses DERIBIT_BTC Deribit live; target month-end expiry 2026-09-30, IV expiry 2026-09-25T08:00:00+00:00, closest-strike IV sample. Hit/reach market uses tested one-touch probability model; incomplete rows fall back to 2x terminal probability. CME sidecar uses CME_BTC TradingView CME BTC1! options; IV expiry 2026-10-02, closest-strike IV sample. Underlying upside cap YES price is 94.5%; PM trades at 56% of cap."
2026-09-10T02,relative_value_heatmap_v3_one_touch,BTC,what-price-will-bitcoin-hit-in-september-2026,4052413,"Will Bitcoin reach $100,000 in September?",September 2026,above,100000.00000000,2026-10-01T04:00:00Z,21.08333333,77939.80000000,DERIBIT_BTC,77962.91000000,Deribit live,cme_snapshot,0.54152500,0.33500000,0.02111859,0.04326858,CME_BTC,78090.00000000,TradingView CME BTC1! options,tv_chain,0.58860255,0.03092083,0.06357879,-2.80787941,-0.77685751,-1.77685751,both_negative_or_fair,false,0.00000000,1.00000000,0.00000000,0.00000000,0.00000000,0.03550000,0.03400000,0.03500000,0.00100000,snapshot,115901.20519000,329345.02905400,0.77939800,0.04554797,cheap_vs_underlying_cap_bearish,,,,,0.82685751,-0.92685751,buy_yes,0.82685751,0.03921854,,true,false,false,near-fair,77939.80000000,snapshot,-0.01243100,2784821363.15999985,0.00000000,,,cheap_vs_underlying_cap_bearish;pm_quote_from_snapshot,"Options model uses DERIBIT_BTC Deribit live; target month-end expiry 2026-09-30, IV expiry 2026-09-25T08:00:00+00:00, closest-strike IV sample. Hit/reach market uses tested one-touch probability model; incomplete rows fall back to 2x terminal probability. CME sidecar uses CME_BTC TradingView CME BTC1! options; IV expiry 2026-10-02, closest-strike IV sample. Underlying upside cap YES price is 77.9%; PM trades at 5% of cap."
2026-09-10T02,relative_value_heatmap_v3_one_touch,ETH,what-price-will-ethereum-hit-in-september-2026,4052448,"Will Ethereum reach $3,000 in September?",September 2026,above,3000.00000000,2026-10-01T04:00:00Z,21.08333333,2459.20000000,DERIBIT_ETH,2460.03000000,Deribit live,cme_snapshot,0.60022500,,0.06871749,0.14192800,CME_ETH,2464.50000000,TradingView CME ETH1! options,tv_chain,0.60669957,0.07238531,0.14960445,-1.46044502,-0.69279957,-4.69279957,both_negative_or_fair,false,0.00000000,1.00000000,0.00000000,0.00000000,3.00000000,0.13500000,0.13000000,0.15000000,0.02000000,snapshot,32547.17000000,36571.06668300,0.81973333,0.16468770,cheap_vs_underlying_cap_bearish,,,,,-0.80720043,-1.19279957,avoid_buy_yes,-0.80720043,-0.03828619,,false,false,false,near-fair,2459.20000000,snapshot,0.09626400,2379838756.92999983,0.00000000,,,cheap_vs_underlying_cap_bearish;pm_quote_from_snapshot,"Options model uses DERIBIT_ETH Deribit live; target month-end expiry 2026-09-30, IV expiry 2026-09-25T08:00:00+00:00, closest-strike IV sample. Hit/reach market uses tested one-touch probability model; incomplete rows fall back to 2x terminal probability. CME sidecar uses CME_ETH TradingView CME ETH1! options; IV expiry 2026-10-02, closest-strike IV sample. Underlying upside cap YES price is 82.0%; PM trades at 16% of cap."
2026-09-10T02,relative_value_heatmap_v3_one_touch,ETH,what-price-will-ethereum-hit-in-september-2026,4052449,"Will Ethereum reach $2,900 in September?",September 2026,above,2900.00000000,2026-10-01T04:00:00Z,21.08333333,2459.20000000,DERIBIT_ETH,2460.03000000,Deribit live,cme_snapshot,0.58032500,,0.10000292,0.20680460,CME_ETH,2464.50000000,TradingView CME ETH1! options,tv_chain,0.58003274,0.10227158,0.21152594,-2.15259420,-1.68045955,-5.68045955,both_negative_or_fair,false,0.00000000,1.00000000,0.00000000,0.00000000,3.00000000,0.19000000,0.19000000,0.20000000,0.01000000,snapshot,33464.69810000,66697.07793900,0.84800000,0.22405660,cheap_vs_underlying_cap_bearish,,,,,0.68045955,-1.68045955,buy_yes,0.68045955,0.03227476,,true,false,false,near-fair,2459.20000000,snapshot,0.09626400,2379838756.92999983,0.00000000,,,cheap_vs_underlying_cap_bearish;pm_quote_from_snapshot,"Options model uses DERIBIT_ETH Deribit live; target month-end expiry 2026-09-30, IV expiry 2026-09-25T08:00:00+00:00, closest-strike IV sample. Hit/reach market uses tested one-touch probability model; incomplete rows fall back to 2x terminal probability. CME sidecar uses CME_ETH TradingView CME ETH1! options; IV expiry 2026-10-02, closest-strike IV sample. Underlying upside cap YES price is 84.8%; PM trades at 22% of cap."
2026-09-10T02,relative_value_heatmap_v3_one_touch,ETH,what-price-will-ethereum-hit-in-september-2026,4052444,"Will Ethereum reach $4,000 in September?",September 2026,above,4000.00000000,2026-10-01T04:00:00Z,21.08333333,2459.20000000,DERIBIT_ETH,2460.03000000,Deribit live,cme_snapshot,0.82807500,,0.00452932,0.00934939,CME_ETH,2464.50000000,TradingView CME ETH1! options,tv_chain,0.86707766,0.00634448,0.01313133,-0.31313341,0.06506133,-9.93493867,cboe_only,false,0.00000000,1.00000000,0.00000000,6.00000000,3.00000000,0.01000000,0.00900000,0.01100000,0.00200000,snapshot,86694.70144000,232764.60750500,0.61480000,0.01626545,cheap_vs_underlying_cap_bearish,,,,,-0.16506133,-0.03493867,avoid_buy_yes,-0.16506133,-0.00782900,,false,false,false,near-fair,2459.20000000,snapshot,0.09626400,2379838756.92999983,0.00000000,,,cheap_vs_underlying_cap_bearish;pm_quote_from_snapshot,"Options model uses DERIBIT_ETH Deribit live; target month-end expiry 2026-09-30, IV expiry 2026-09-25T08:00:00+00:00, closest-strike IV sample. Hit/reach market uses tested one-touch probability model; incomplete rows fall back to 2x terminal probability. CME sidecar uses CME_ETH TradingView CME ETH1! options; IV expiry 2026-10-02, closest-strike IV sample. Underlying upside cap YES price is 61.5%; PM trades at 2% of cap."
2026-09-10T02,relative_value_heatmap_v3_one_touch,BTC,what-price-will-bitcoin-hit-in-september-2026,4052419,"Will Bitcoin reach $85,000 in September?",September 2026,above,85000.00000000,2026-10-01T04:00:00Z,21.08333333,77939.80000000,DERIBIT_BTC,77962.91000000,Deribit live,cme_snapshot,0.41717500,0.33500000,0.17475967,0.35911445,CME_BTC,78090.00000000,TradingView CME BTC1! options,tv_chain,0.40629357,0.17339356,0.35602809,-0.10280877,-0.41144525,-1.41144525,both_negative_or_fair,false,0.00000000,1.00000000,0.00000000,0.00000000,0.00000000,0.35500000,0.35000000,0.36000000,0.01000000,snapshot,36554.33900000,307582.31155100,0.91693882,0.38715778,mid_underlying_cap_ratio,,,,,-0.08855475,-0.91144525,avoid_buy_yes,-0.08855475,-0.00420023,,false,false,false,near-fair,77939.80000000,snapshot,-0.01243100,2784821363.15999985,0.00000000,,,pm_quote_from_snapshot,"Options model uses DERIBIT_BTC Deribit live; target month-end expiry 2026-09-30, IV expiry 2026-09-25T08:00:00+00:00, closest-strike IV sample. Hit/reach market uses tested one-touch probability model; incomplete rows fall back to 2x terminal probability. CME sidecar uses CME_BTC TradingView CME BTC1! options; IV expiry 2026-10-02, closest-strike IV sample. Underlying upside cap YES price is 91.7%; PM trades at 39% of cap."
2026-09-10T02,relative_value_heatmap_v3_one_touch,SOL,what-price-will-solana-hit-in-september-2026,4052483,Will Solana dip to $10 in September?,September 2026,below,10.00000000,2026-10-01T04:00:00Z,21.08333333,101.00000000,,101.00000000,,,,,,,,,,,,,,,,,missing_cboe,false,,,,,,0.00150000,0.00100000,0.00200000,0.00100000,snapshot,48443.84977000,19041.62483200,,,,,,,,,,no-options-model,,,,false,false,false,no-options,101.00000000,snapshot,-0.01720500,557259769.46000004,0.00000000,,,no_listed_options_mapping;pm_quote_from_snapshot,No listed options model is used for this asset. Dip touch probs use put-wing IV plus downside skew uplift (v3).
2026-09-10T02,relative_value_heatmap_v3_one_touch,SOL,what-price-will-solana-hit-in-september-2026,4052482,Will Solana dip to $20 in September?,September 2026,below,20.00000000,2026-10-01T04:00:00Z,21.08333333,101.00000000,,101.00000000,,,,,,,,,,,,,,,,,missing_cboe,false,,,,,,0.00350000,0.00300000,0.00400000,0.00100000,snapshot,45876.67276000,18224.51207800,,,,,,,,,,no-options-model,,,,false,false,false,no-options,101.00000000,snapshot,-0.01720500,557259769.46000004,0.00000000,,,no_listed_options_mapping;pm_quote_from_snapshot,No listed options model is used for this asset. Dip touch probs use put-wing IV plus downside skew uplift (v3).
2026-09-10T02,relative_value_heatmap_v3_one_touch,SOL,what-price-will-solana-hit-in-september-2026,4052481,Will Solana dip to $30 in September?,September 2026,below,30.00000000,2026-10-01T04:00:00Z,21.08333333,101.00000000,,101.00000000,,,,,,,,,,,,,,,,,missing_cboe,false,,,,,,0.00500000,0.00200000,0.00800000,0.00600000,snapshot,41902.87974000,1019.81917100,,,,,,,,,,no-options-model,,,,false,false,false,no-options,101.00000000,snapshot,-0.01720500,557259769.46000004,0.00000000,,,no_listed_options_mapping;pm_quote_from_snapshot,No listed options model is used for this asset. Dip touch probs use put-wing IV plus downside skew uplift (v3).
2026-09-10T02,relative_value_heatmap_v3_one_touch,SOL,what-price-will-solana-hit-in-september-2026,4052480,Will Solana dip to $40 in September?,September 2026,below,40.00000000,2026-10-01T04:00:00Z,21.08333333,101.00000000,,101.00000000,,,,,,,,,,,,,,,,,missing_cboe,false,,,,,,0.00650000,0.00500000,0.00800000,0.00300000,snapshot,19571.27117000,15089.76546600,,,,,,,,,,no-options-model,,,,false,false,false,no-options,101.00000000,snapshot,-0.01720500,557259769.46000004,0.00000000,,,no_listed_options_mapping;pm_quote_from_snapshot,No listed options model is used for this asset. Dip touch probs use put-wing IV plus downside skew uplift (v3).
2026-09-10T02,relative_value_heatmap_v3_one_touch,SOL,what-price-will-solana-hit-in-september-2026,4052479,Will Solana dip to $50 in September?,September 2026,below,50.00000000,2026-10-01T04:00:00Z,21.08333333,101.00000000,,101.00000000,,,,,,,,,,,,,,,,,missing_cboe,false,,,,,,0.01450000,0.00800000,0.03400000,0.02600000,snapshot,14485.65001000,15103.06357400,,,,,,,,,,no-options-model,,,,false,false,false,no-options,101.00000000,snapshot,-0.01720500,557259769.46000004,0.00000000,,,no_listed_options_mapping;pm_quote_from_snapshot,No listed options model is used for this asset. Dip touch probs use put-wing IV plus downside skew uplift (v3).
2026-09-10T02,relative_value_heatmap_v3_one_touch,SOL,what-price-will-solana-hit-in-september-2026,4052478,Will Solana dip to $60 in September?,September 2026,below,60.00000000,2026-10-01T04:00:00Z,21.08333333,101.00000000,,101.00000000,,,,,,,,,,,,,,,,,missing_cboe,false,,,,,,0.02100000,0.01500000,0.02900000,0.01400000,snapshot,20847.88223000,12221.65751100,,,,,,,,,,no-options-model,,,,false,false,false,no-options,101.00000000,snapshot,-0.01720500,557259769.46000004,0.00000000,,,no_listed_options_mapping;pm_quote_from_snapshot,No listed options model is used for this asset. Dip touch probs use put-wing IV plus downside skew uplift (v3).
2026-09-10T02,relative_value_heatmap_v3_one_touch,SOL,what-price-will-solana-hit-in-september-2026,4052477,Will Solana dip to $70 in September?,September 2026,below,70.00000000,2026-10-01T04:00:00Z,21.08333333,101.00000000,,101.00000000,,,,,,,,,,,,,,,,,missing_cboe,false,,,,,,0.05400000,0.04200000,0.06700000,0.02500000,snapshot,12799.07195000,11177.45460100,,,,,,,,,,no-options-model,,,,false,false,false,no-options,101.00000000,snapshot,-0.01720500,557259769.46000004,0.00000000,,,no_listed_options_mapping;pm_quote_from_snapshot,No listed options model is used for this asset. Dip touch probs use put-wing IV plus downside skew uplift (v3).
2026-09-10T02,relative_value_heatmap_v3_one_touch,SOL,what-price-will-solana-hit-in-september-2026,4052476,Will Solana dip to $80 in September?,September 2026,below,80.00000000,2026-10-01T04:00:00Z,21.08333333,101.00000000,,101.00000000,,,,,,,,,,,,,,,,,missing_cboe,false,,,,,,0.09000000,0.08000000,0.10000000,0.02000000,snapshot,12261.34290000,8803.61029300,,,,,,,,,,no-options-model,,,,false,false,false,no-options,101.00000000,snapshot,-0.01720500,557259769.46000004,0.00000000,,,no_listed_options_mapping;pm_quote_from_snapshot,No listed options model is used for this asset. Dip touch probs use put-wing IV plus downside skew uplift (v3).
2026-09-10T02,relative_value_heatmap_v3_one_touch,SOL,what-price-will-solana-hit-in-september-2026,4052470,Will Solana reach $140 in September?,September 2026,above,140.00000000,2026-10-01T04:00:00Z,21.08333333,101.00000000,,101.00000000,,,,,,,,,,,,,,,,,missing_cboe,false,,,,,,0.05150000,0.04200000,0.06100000,0.01900000,snapshot,19609.16696000,12327.23858400,0.72142857,0.07138614,cheap_vs_underlying_cap_bearish,,,,,,,no-options-model,,,,false,false,false,no-options,101.00000000,snapshot,-0.01720500,557259769.46000004,0.00000000,,,no_listed_options_mapping;cheap_vs_underlying_cap_bearish;pm_quote_from_snapshot,No listed options model is used for this asset. Underlying upside cap YES price is 72.1%; PM trades at 7% of cap.
2026-09-10T02,relative_value_heatmap_v3_one_touch,SOL,what-price-will-solana-hit-in-september-2026,4052469,Will Solana reach $150 in September?,September 2026,above,150.00000000,2026-10-01T04:00:00Z,21.08333333,101.00000000,,101.00000000,,,,,,,,,,,,,,,,,missing_cboe,false,,,,,,0.04150000,0.03500000,0.04800000,0.01300000,snapshot,20389.79268000,14012.75126900,0.67333333,0.06163366,cheap_vs_underlying_cap_bearish,,,,,,,no-options-model,,,,false,false,false,no-options,101.00000000,snapshot,-0.01720500,557259769.46000004,0.00000000,,,no_listed_options_mapping;cheap_vs_underlying_cap_bearish;pm_quote_from_snapshot,No listed options model is used for this asset. Underlying upside cap YES price is 67.3%; PM trades at 6% of cap.
2026-09-10T02,relative_value_heatmap_v3_one_touch,SOL,what-price-will-solana-hit-in-september-2026,4052468,Will Solana reach $160 in September?,September 2026,above,160.00000000,2026-10-01T04:00:00Z,21.08333333,101.00000000,,101.00000000,,,,,,,,,,,,,,,,,missing_cboe,false,,,,,,0.03000000,0.02600000,0.03400000,0.00800000,snapshot,18439.56299000,16710.85134500,0.63125000,0.04752475,cheap_vs_underlying_cap_bearish,,,,,,,no-options-model,,,,false,false,false,no-options,101.00000000,snapshot,-0.01720500,557259769.46000004,0.00000000,,,no_listed_options_mapping;cheap_vs_underlying_cap_bearish;pm_quote_from_snapshot,No listed options model is used for this asset. Underlying upside cap YES price is 63.1%; PM trades at 5% of cap.
2026-09-10T02,relative_value_heatmap_v3_one_touch,SOL,what-price-will-solana-hit-in-september-2026,4052467,Will Solana reach $170 in September?,September 2026,above,170.00000000,2026-10-01T04:00:00Z,21.08333333,101.00000000,,101.00000000,,,,,,,,,,,,,,,,,missing_cboe,false,,,,,,0.02350000,0.01800000,0.02900000,0.01100000,snapshot,33342.23018000,20264.41226700,0.59411765,0.03955446,cheap_vs_underlying_cap_bearish,,,,,,,no-options-model,,,,false,false,false,no-options,101.00000000,snapshot,-0.01720500,557259769.46000004,0.00000000,,,no_listed_options_mapping;cheap_vs_underlying_cap_bearish;pm_quote_from_snapshot,No listed options model is used for this asset. Underlying upside cap YES price is 59.4%; PM trades at 4% of cap.
2026-09-10T02,relative_value_heatmap_v3_one_touch,SOL,what-price-will-solana-hit-in-september-2026,4052466,Will Solana reach $180 in September?,September 2026,above,180.00000000,2026-10-01T04:00:00Z,21.08333333,101.00000000,,101.00000000,,,,,,,,,,,,,,,,,missing_cboe,false,,,,,,0.01650000,0.00900000,0.02200000,0.01300000,snapshot,35816.36697000,3356.45970000,0.56111111,0.02940594,cheap_vs_underlying_cap_bearish,,,,,,,no-options-model,,,,false,false,false,no-options,101.00000000,snapshot,-0.01720500,557259769.46000004,0.00000000,,,no_listed_options_mapping;cheap_vs_underlying_cap_bearish;pm_quote_from_snapshot,No listed options model is used for this asset. Underlying upside cap YES price is 56.1%; PM trades at 3% of cap.
2026-09-10T02,relative_value_heatmap_v3_one_touch,SOL,what-price-will-solana-hit-in-september-2026,4052465,Will Solana reach $190 in September?,September 2026,above,190.00000000,2026-10-01T04:00:00Z,21.08333333,101.00000000,,101.00000000,,,,,,,,,,,,,,,,,missing_cboe,false,,,,,,0.00750000,0.00700000,0.00800000,0.00100000,snapshot,51793.08331000,11599.78504000,0.53157895,0.01410891,cheap_vs_underlying_cap_bearish,,,,,,,no-options-model,,,,false,false,false,no-options,101.00000000,snapshot,-0.01720500,557259769.46000004,0.00000000,,,no_listed_options_mapping;cheap_vs_underlying_cap_bearish;pm_quote_from_snapshot,No listed options model is used for this asset. Underlying upside cap YES price is 53.2%; PM trades at 1% of cap.
2026-09-10T02,relative_value_heatmap_v3_one_touch,SOL,what-price-will-solana-hit-in-september-2026,4052464,Will Solana reach $200 in September?,September 2026,above,200.00000000,2026-10-01T04:00:00Z,21.08333333,101.00000000,,101.00000000,,,,,,,,,,,,,,,,,missing_cboe,false,,,,,,0.00750000,0.00600000,0.00900000,0.00300000,snapshot,55774.83714000,22963.67877100,0.50500000,0.01485149,cheap_vs_underlying_cap_bearish,,,,,,,no-options-model,,,,false,false,false,no-options,101.00000000,snapshot,-0.01720500,557259769.46000004,0.00000000,,,no_listed_options_mapping;cheap_vs_underlying_cap_bearish;pm_quote_from_snapshot,No listed options model is used for this asset. Underlying upside cap YES price is 50.5%; PM trades at 1% of cap.
2026-09-10T02,relative_value_heatmap_v3_one_touch,GOLD,what-will-gold-gc-hit-by-end-of-december,3224927,"Will Gold (GC) hit (HIGH) $5,000 by end of December?",December 2026,above,5000.00000000,2026-12-31T00:00:00Z,111.91666667,4415.40000000,CME_GC,4452.00000000,TradingView COMEX GC1! options,tv_chain,0.25210608,0.13100000,0.18370041,0.38235194,CME_GC,4452.00000000,TradingView COMEX GC1! options,tv_chain,0.25210608,0.18370041,0.38235194,7.26480597,7.26480597,5.76480597,both_positive,false,0.00000000,1.50000000,0.00000000,0.00000000,0.00000000,0.45500000,0.44000000,0.47000000,0.03000000,snapshot,5801.64890000,52955.60201000,0.88308000,0.51524211,mid_underlying_cap_ratio,,,,,-8.76480597,5.76480597,sell_yes_or_buy_no,-5.76480597,-0.05150981,,true,false,false,mild-short-rich-tail,4415.40000000,snapshot,0.05475000,325311122.73000002,0.00000000,,,pm_quote_from_snapshot,"Options model uses CME_GC TradingView COMEX GC1! options; target month-end expiry 2026-12-31, IV expiry 2026-12-28, closest-strike IV sample. Hit/reach market uses tested one-touch probability model; incomplete rows fall back to 2x terminal probability. CME sidecar uses CME_GC TradingView COMEX GC1! options; IV expiry 2026-12-28, closest-strike IV sample. Underlying upside cap YES price is 88.3%; PM trades at 52% of cap."
2026-09-10T02,relative_value_heatmap_v3_one_touch,GOLD,what-will-gold-gc-hit-by-end-of-december,1294367,"Will Gold (GC) hit (HIGH) $7,000 by end of December?",December 2026,above,7000.00000000,2026-12-31T00:00:00Z,111.91666667,4415.40000000,CME_GC,4452.00000000,TradingView COMEX GC1! options,tv_chain,0.29842072,0.13100000,0.00239137,0.00490540,CME_GC,4452.00000000,TradingView COMEX GC1! options,tv_chain,0.29842072,0.00239137,0.00490540,5.00946037,5.00946037,4.00946037,both_positive,false,0.00000000,1.00000000,0.00000000,0.00000000,0.00000000,0.05500000,0.05000000,0.06000000,0.01000000,snapshot,18756.84740000,162315.55443000,0.63077143,0.08719482,cheap_vs_underlying_cap_bearish,,,,,-5.50946037,4.50946037,sell_yes_or_buy_no,-4.50946037,-0.04029302,,true,false,false,near-fair,4415.40000000,snapshot,0.05475000,325311122.73000002,0.00000000,-5210.59000000,-1.00000000,cheap_vs_underlying_cap_bearish;pm_quote_from_snapshot,"Options model uses CME_GC TradingView COMEX GC1! options; target month-end expiry 2026-12-31, IV expiry 2026-12-28, closest-strike IV sample. Hit/reach market uses tested one-touch probability model; incomplete rows fall back to 2x terminal probability. Smart-flow stance: smart wallets net short YES / selling YES. CME sidecar uses CME_GC TradingView COMEX GC1! options; IV expiry 2026-12-28, closest-strike IV sample. Underlying upside cap YES price is 63.1%; PM trades at 9% of cap."
2026-09-10T02,relative_value_heatmap_v3_one_touch,GOLD,what-will-gold-gc-hit-by-end-of-december,1294366,"Will Gold (GC) hit (HIGH) $8,000 by end of December?",December 2026,above,8000.00000000,2026-12-31T00:00:00Z,111.91666667,4415.40000000,CME_GC,4452.00000000,TradingView COMEX GC1! options,tv_chain,0.29842072,0.13100000,0.00014204,0.00029005,CME_GC,4452.00000000,TradingView COMEX GC1! options,tv_chain,0.29842072,0.00014204,0.00029005,3.52099499,3.52099499,2.52099499,both_positive,false,0.00000000,1.00000000,0.00000000,0.00000000,0.00000000,0.03550000,0.03400000,0.03700000,0.00300000,snapshot,40805.80058000,61433.95642000,0.55192500,0.06432033,cheap_vs_underlying_cap_bearish,,,,,-3.67099499,3.37099499,sell_yes_or_buy_no,-3.37099499,-0.03012058,,true,false,false,near-fair,4415.40000000,snapshot,0.05475000,325311122.73000002,0.00000000,-2858.99000000,-1.00000000,cheap_vs_underlying_cap_bearish;pm_quote_from_snapshot,"Options model uses CME_GC TradingView COMEX GC1! options; target month-end expiry 2026-12-31, IV expiry 2026-12-28, closest-strike IV sample. Hit/reach market uses tested one-touch probability model; incomplete rows fall back to 2x terminal probability. Smart-flow stance: smart wallets net short YES / selling YES. CME sidecar uses CME_GC TradingView COMEX GC1! options; IV expiry 2026-12-28, closest-strike IV sample. Underlying upside cap YES price is 55.2%; PM trades at 6% of cap."
2026-09-10T02,relative_value_heatmap_v3_one_touch,GOLD,what-will-gold-gc-hit-by-end-of-december,1294368,"Will Gold (GC) hit (HIGH) $6,000 by end of December?",December 2026,above,6000.00000000,2026-12-31T00:00:00Z,111.91666667,4415.40000000,CME_GC,4452.00000000,TradingView COMEX GC1! options,tv_chain,0.29842072,0.13100000,0.02948236,0.06096188,CME_GC,4452.00000000,TradingView COMEX GC1! options,tv_chain,0.29842072,0.02948236,0.06096188,3.40381200,3.40381200,2.40381200,both_positive,false,0.00000000,1.00000000,0.00000000,0.00000000,0.00000000,0.09500000,0.09000000,0.10000000,0.01000000,snapshot,24772.90990000,1082198.75125300,0.73590000,0.12909363,cheap_vs_underlying_cap_bearish,,,,,-3.90381200,2.90381200,sell_yes_or_buy_no,-2.90381200,-0.02594620,,true,false,false,near-fair,4415.40000000,snapshot,0.05475000,325311122.73000002,0.00000000,-24957.78000000,-1.00000000,cheap_vs_underlying_cap_bearish;pm_quote_from_snapshot,"Options model uses CME_GC TradingView COMEX GC1! options; target month-end expiry 2026-12-31, IV expiry 2026-12-28, closest-strike IV sample. Hit/reach market uses tested one-touch probability model; incomplete rows fall back to 2x terminal probability. Smart-flow stance: smart wallets net short YES / selling YES. CME sidecar uses CME_GC TradingView COMEX GC1! options; IV expiry 2026-12-28, closest-strike IV sample. Underlying upside cap YES price is 73.6%; PM trades at 13% of cap."
2026-09-10T02,relative_value_heatmap_v3_one_touch,GOLD,what-will-gold-gc-hit-by-end-of-december,1294365,"Will Gold (GC) hit (HIGH) $10,000 by end of December?",December 2026,above,10000.00000000,2026-12-31T00:00:00Z,111.91666667,4415.40000000,CME_GC,4452.00000000,TradingView COMEX GC1! options,tv_chain,0.29842072,0.13100000,0.00000032,0.00000065,CME_GC,4452.00000000,TradingView COMEX GC1! options,tv_chain,0.29842072,0.00000032,0.00000065,2.74993532,2.74993532,1.74993532,both_positive,false,0.00000000,1.00000000,0.00000000,0.00000000,0.00000000,0.02750000,0.02600000,0.02900000,0.00300000,snapshot,52814.21222000,88983.83267600,0.44154000,0.06228201,cheap_vs_underlying_cap_bearish,,,,,-2.89993532,2.59993532,sell_yes_or_buy_no,-2.59993532,-0.02323099,,true,false,false,near-fair,4415.40000000,snapshot,0.05475000,325311122.73000002,0.00000000,-648.36000000,-1.00000000,cheap_vs_underlying_cap_bearish;pm_quote_from_snapshot,"Options model uses CME_GC TradingView COMEX GC1! options; target month-end expiry 2026-12-31, IV expiry 2026-12-28, closest-strike IV sample. Hit/reach market uses tested one-touch probability model; incomplete rows fall back to 2x terminal probability. Smart-flow stance: smart wallets net short YES / selling YES. CME sidecar uses CME_GC TradingView COMEX GC1! options; IV expiry 2026-12-28, closest-strike IV sample. Underlying upside cap YES price is 44.2%; PM trades at 6% of cap."
2026-09-10T02,relative_value_heatmap_v3_one_touch,GOLD,what-will-gold-gc-hit-by-end-of-december,1294364,"Will Gold (GC) hit (HIGH) $12,000 by end of December?",December 2026,above,12000.00000000,2026-12-31T00:00:00Z,111.91666667,4415.40000000,CME_GC,4452.00000000,TradingView COMEX GC1! options,tv_chain,0.29842072,0.13100000,0.00000000,0.00000000,CME_GC,4452.00000000,TradingView COMEX GC1! options,tv_chain,0.29842072,0.00000000,0.00000000,1.49999988,1.49999988,0.49999988,both_positive,false,0.00000000,1.00000000,0.00000000,0.00000000,0.00000000,0.01500000,0.01100000,0.01900000,0.00800000,snapshot,37537.54430000,69783.70492700,0.36795000,0.04076641,cheap_vs_underlying_cap_bearish,,,,,-1.89999988,1.09999988,sell_yes_or_buy_no,-1.09999988,-0.00982874,,true,false,false,near-fair,4415.40000000,snapshot,0.05475000,325311122.73000002,0.00000000,1375.90000000,1.00000000,cheap_vs_underlying_cap_bearish;pm_quote_from_snapshot,"Options model uses CME_GC TradingView COMEX GC1! options; target month-end expiry 2026-12-31, IV expiry 2026-12-28, closest-strike IV sample. Hit/reach market uses tested one-touch probability model; incomplete rows fall back to 2x terminal probability. Smart-flow stance: smart wallets net long YES. CME sidecar uses CME_GC TradingView COMEX GC1! options; IV expiry 2026-12-28, closest-strike IV sample. Underlying upside cap YES price is 36.8%; PM trades at 4% of cap."
2026-09-10T02,relative_value_heatmap_v3_one_touch,GOLD,what-will-gold-gc-hit-by-end-of-december,1294363,"Will Gold (GC) hit (HIGH) $15,000 by end of December?",December 2026,above,15000.00000000,2026-12-31T00:00:00Z,111.91666667,4415.40000000,CME_GC,4452.00000000,TradingView COMEX GC1! options,tv_chain,0.29842072,0.13100000,0.00000000,0.00000000,CME_GC,4452.00000000,TradingView COMEX GC1! options,tv_chain,0.29842072,0.00000000,0.00000000,0.75000000,0.75000000,-0.25000000,both_positive,false,0.00000000,1.00000000,0.00000000,0.00000000,0.00000000,0.00750000,0.00500000,0.01000000,0.00500000,snapshot,35594.74214000,107108.60183400,0.29436000,0.02547901,cheap_vs_underlying_cap_bearish,,,,,-1.00000000,0.50000000,sell_yes_or_buy_no,-0.50000000,-0.00446761,,true,false,false,near-fair,4415.40000000,snapshot,0.05475000,325311122.73000002,0.00000000,-1633.92000000,-1.00000000,cheap_vs_underlying_cap_bearish;pm_quote_from_snapshot,"Options model uses CME_GC TradingView COMEX GC1! options; target month-end expiry 2026-12-31, IV expiry 2026-12-28, closest-strike IV sample. Hit/reach market uses tested one-touch probability model; incomplete rows fall back to 2x terminal probability. Smart-flow stance: smart wallets net short YES / selling YES. CME sidecar uses CME_GC TradingView COMEX GC1! options; IV expiry 2026-12-28, closest-strike IV sample. Underlying upside cap YES price is 29.4%; PM trades at 3% of cap."
2026-09-10T02,relative_value_heatmap_v3_one_touch,SPY,spx-hit-dec-2026,3565800,"Will S&P 500 (SPX) hit $7,000 (LOW) in December?",December 2026,below,7000.00000000,2026-12-31T21:00:00Z,112.79166667,7624.00000000,CME_ES,7648.75000000,TradingView CME E-mini S&P 500 options,tv_chain,0.23569630,,0.27792537,0.53486246,CME_ES,7648.75000000,TradingView CME E-mini S&P 500 options,tv_chain,0.23569630,0.27792537,0.53486246,-26.98624629,-26.98624629,-30.98624629,both_negative_or_fair,false,0.00000000,1.00000000,0.00000000,0.00000000,3.00000000,0.26500000,0.26000000,0.27000000,0.01000000,snapshot,687.95960000,342.71861900,,,,,,,,26.48624629,-27.48624629,buy_yes,26.48624629,0.23482450,,false,false,false,strong-long-tail,,snapshot,,,,,,low_pm_liquidity;pm_quote_from_snapshot,"Options model uses CME_ES TradingView CME E-mini S&P 500 options; target month-end expiry 2026-12-31, IV expiry 2026-12-31, closest-strike IV sample. Hit/reach market uses tested one-touch probability model; incomplete rows fall back to 2x terminal probability. Dip touch probs use put-wing IV plus downside skew uplift (v3). CME sidecar uses CME_ES TradingView CME E-mini S&P 500 options; IV expiry 2026-12-31, closest-strike IV sample."
2026-09-10T02,relative_value_heatmap_v3_one_touch,SPY,spx-hit-dec-2026,1125393,"Will S&P 500 (SPX) hit $6,200 (LOW) in December?",December 2026,below,6200.00000000,2026-12-31T21:00:00Z,112.79166667,7624.00000000,CME_ES,7648.75000000,TradingView CME E-mini S&P 500 options,tv_chain,0.35957117,,0.17390538,0.33077595,CME_ES,7648.75000000,TradingView CME E-mini S&P 500 options,tv_chain,0.35957117,0.17390538,0.33077595,-22.97759452,-22.97759452,-26.97759452,both_negative_or_fair,false,0.00000000,1.00000000,0.00000000,0.00000000,3.00000000,0.10100000,0.09300000,0.10900000,0.01600000,snapshot,2381.41624000,53694.10245600,,,,,,,,22.17759452,-23.77759452,buy_yes,22.17759452,0.19662441,,true,false,true,strong-long-tail,,snapshot,,,,-4341.56000000,-1.00000000,pm_quote_from_snapshot,"Options model uses CME_ES TradingView CME E-mini S&P 500 options; target month-end expiry 2026-12-31, IV expiry 2026-12-31, closest-strike IV sample. Hit/reach market uses tested one-touch probability model; incomplete rows fall back to 2x terminal probability. Dip touch probs use put-wing IV plus downside skew uplift (v3). Smart-flow stance: smart wallets net short YES / selling YES. CME sidecar uses CME_ES TradingView CME E-mini S&P 500 options; IV expiry 2026-12-31, closest-strike IV sample."
2026-09-10T02,relative_value_heatmap_v3_one_touch,SPY,spx-hit-dec-2026,3565799,"Will S&P 500 (SPX) hit $6,000 (LOW) in December?",December 2026,below,6000.00000000,2026-12-31T21:00:00Z,112.79166667,7624.00000000,CME_ES,7648.75000000,TradingView CME E-mini S&P 500 options,tv_chain,0.38573121,,0.15512591,0.29447965,CME_ES,7648.75000000,TradingView CME E-mini S&P 500 options,tv_chain,0.38573121,0.15512591,0.29447965,-18.94796509,-18.94796509,-22.94796509,both_negative_or_fair,false,0.00000000,1.00000000,0.00000000,0.00000000,3.00000000,0.10500000,0.10000000,0.11000000,0.01000000,snapshot,927.56640000,2969.81177300,,,,,,,,18.44796509,-19.44796509,buy_yes,18.44796509,0.16355787,,false,false,false,long-tail,,snapshot,,,,,,low_pm_liquidity;pm_quote_from_snapshot,"Options model uses CME_ES TradingView CME E-mini S&P 500 options; target month-end expiry 2026-12-31, IV expiry 2026-12-31, closest-strike IV sample. Hit/reach market uses tested one-touch probability model; incomplete rows fall back to 2x terminal probability. Dip touch probs use put-wing IV plus downside skew uplift (v3). CME sidecar uses CME_ES TradingView CME E-mini S&P 500 options; IV expiry 2026-12-31, closest-strike IV sample."
2026-09-10T02,relative_value_heatmap_v3_one_touch,SPY,spx-hit-dec-2026,1125395,"Will S&P 500 (SPX) hit $5,200 (LOW) in December?",December 2026,below,5200.00000000,2026-12-31T21:00:00Z,112.79166667,7624.00000000,CME_ES,7648.75000000,TradingView CME E-mini S&P 500 options,tv_chain,0.53282524,,0.12519937,0.23414893,CME_ES,7648.75000000,TradingView CME E-mini S&P 500 options,tv_chain,0.53282524,0.12519937,0.23414893,-17.91489297,-17.91489297,-21.91489297,both_negative_or_fair,false,0.00000000,1.00000000,0.00000000,0.00000000,3.00000000,0.05500000,0.05000000,0.06000000,0.01000000,snapshot,20628.63360000,57241.46442400,,,,,,,,17.41489297,-18.41489297,buy_yes,17.41489297,0.15439876,,true,true,true,long-tail,,snapshot,,,,-2763.70000000,-1.00000000,pm_quote_from_snapshot,"Options model uses CME_ES TradingView CME E-mini S&P 500 options; target month-end expiry 2026-12-31, IV expiry 2026-12-31, closest-strike IV sample. Hit/reach market uses tested one-touch probability model; incomplete rows fall back to 2x terminal probability. Dip touch probs use put-wing IV plus downside skew uplift (v3). Smart-flow stance: smart wallets net short YES / selling YES. CME sidecar uses CME_ES TradingView CME E-mini S&P 500 options; IV expiry 2026-12-31, closest-strike IV sample."
2026-09-10T02,relative_value_heatmap_v3_one_touch,SPY,spx-hit-dec-2026,1125394,"Will S&P 500 (SPX) hit $5,800 (LOW) in December?",December 2026,below,5800.00000000,2026-12-31T21:00:00Z,112.79166667,7624.00000000,CME_ES,7648.75000000,TradingView CME E-mini S&P 500 options,tv_chain,0.40990432,,0.13758705,0.26077769,CME_ES,7648.75000000,TradingView CME E-mini S&P 500 options,tv_chain,0.40990432,0.13758705,0.26077769,-17.57776883,-17.57776883,-21.57776883,both_negative_or_fair,false,0.00000000,1.00000000,0.00000000,0.00000000,3.00000000,0.08500000,0.08000000,0.09000000,0.01000000,snapshot,8706.77420000,41870.04864900,,,,,,,,17.07776883,-18.07776883,buy_yes,17.07776883,0.15140985,,true,true,true,long-tail,,snapshot,,,,,,pm_quote_from_snapshot,"Options model uses CME_ES TradingView CME E-mini S&P 500 options; target month-end expiry 2026-12-31, IV expiry 2026-12-31, closest-strike IV sample. Hit/reach market uses tested one-touch probability model; incomplete rows fall back to 2x terminal probability. Dip touch probs use put-wing IV plus downside skew uplift (v3). CME sidecar uses CME_ES TradingView CME E-mini S&P 500 options; IV expiry 2026-12-31, closest-strike IV sample."
2026-09-10T02,relative_value_heatmap_v3_one_touch,SPY,spx-hit-dec-2026,1125396,"Will S&P 500 (SPX) hit $4,500 (LOW) in December?",December 2026,below,4500.00000000,2026-12-31T21:00:00Z,112.79166667,7624.00000000,CME_ES,7648.75000000,TradingView CME E-mini S&P 500 options,tv_chain,0.63807721,,0.09416825,0.17476993,CME_ES,7648.75000000,TradingView CME E-mini S&P 500 options,tv_chain,0.63807721,0.09416825,0.17476993,-14.02699340,-14.02699340,-18.02699340,both_negative_or_fair,false,0.00000000,1.00000000,0.00000000,0.00000000,3.00000000,0.03450000,0.03200000,0.03700000,0.00500000,snapshot,12699.84504000,60371.19549700,,,,,,,,13.77699340,-14.27699340,buy_yes,13.77699340,0.12214549,,true,true,true,long-tail,,snapshot,,,,-790.14000000,-1.00000000,pm_quote_from_snapshot,"Options model uses CME_ES TradingView CME E-mini S&P 500 options; target month-end expiry 2026-12-31, IV expiry 2026-12-31, closest-strike IV sample. Hit/reach market uses tested one-touch probability model; incomplete rows fall back to 2x terminal probability. Dip touch probs use put-wing IV plus downside skew uplift (v3). Smart-flow stance: smart wallets net short YES / selling YES. CME sidecar uses CME_ES TradingView CME E-mini S&P 500 options; IV expiry 2026-12-31, closest-strike IV sample."
2026-09-10T02,relative_value_heatmap_v3_one_touch,SPY,spx-hit-dec-2026,1125385,"Will S&P 500 (SPX) hit $9,300 (HIGH) in December?",December 2026,above,9300.00000000,2026-12-31T21:00:00Z,112.79166667,7624.00000000,CME_ES,7648.75000000,TradingView CME E-mini S&P 500 options,tv_chain,0.12876804,,0.00238233,0.00481598,CME_ES,7648.75000000,TradingView CME E-mini S&P 500 options,tv_chain,0.12876804,0.00238233,0.00481598,3.06840232,3.06840232,-0.93159768,both_positive,false,0.00000000,1.00000000,0.00000000,0.00000000,3.00000000,0.03550000,0.03500000,0.03600000,0.00100000,snapshot,719.65208000,9564.45126000,0.81978495,0.04330404,cheap_vs_underlying_cap_bearish,,,,,-3.11840232,3.01840232,sell_yes_or_buy_no,-3.01840232,-0.02676086,,false,false,false,near-fair,,snapshot,,,,-116.68000000,-1.00000000,low_pm_liquidity;cheap_vs_underlying_cap_bearish;pm_quote_from_snapshot,"Options model uses CME_ES TradingView CME E-mini S&P 500 options; target month-end expiry 2026-12-31, IV expiry 2026-12-31, closest-strike IV sample. Hit/reach market uses tested one-touch probability model; incomplete rows fall back to 2x terminal probability. Smart-flow stance: smart wallets net short YES / selling YES. CME sidecar uses CME_ES TradingView CME E-mini S&P 500 options; IV expiry 2026-12-31, closest-strike IV sample. Underlying upside cap YES price is 82.0%; PM trades at 4% of cap."
2026-09-10T02,relative_value_heatmap_v3_one_touch,SPY,spx-hit-dec-2026,3565798,"Will S&P 500 (SPX) hit $10,000 (HIGH) in December?",December 2026,above,10000.00000000,2026-12-31T21:00:00Z,112.79166667,7624.00000000,CME_ES,7648.75000000,TradingView CME E-mini S&P 500 options,tv_chain,0.15990009,,0.00094125,0.00190601,CME_ES,7648.75000000,TradingView CME E-mini S&P 500 options,tv_chain,0.15990009,0.00094125,0.00190601,3.20939878,3.20939878,-0.89060122,both_positive,false,0.00000000,1.10000000,0.00000000,0.00000000,3.00000000,0.03400000,0.02300000,0.04500000,0.02200000,snapshot,138.14636000,203.05000000,0.76240000,0.04459601,cheap_vs_underlying_cap_bearish,,,,,-4.30939878,2.10939878,sell_yes_or_buy_no,-2.10939878,-0.01870173,,false,false,false,near-fair,,snapshot,,,,,,low_pm_liquidity;cheap_vs_underlying_cap_bearish;pm_quote_from_snapshot,"Options model uses CME_ES TradingView CME E-mini S&P 500 options; target month-end expiry 2026-12-31, IV expiry 2026-12-31, closest-strike IV sample. Hit/reach market uses tested one-touch probability model; incomplete rows fall back to 2x terminal probability. CME sidecar uses CME_ES TradingView CME E-mini S&P 500 options; IV expiry 2026-12-31, closest-strike IV sample. Underlying upside cap YES price is 76.2%; PM trades at 4% of cap."
2026-09-10T02,relative_value_heatmap_v3_one_touch,SPY,spx-hit-dec-2026,1125386,"Will S&P 500 (SPX) hit $8,600 (HIGH) in December?",December 2026,above,8600.00000000,2026-12-31T21:00:00Z,112.79166667,7624.00000000,CME_ES,7648.75000000,TradingView CME E-mini S&P 500 options,tv_chain,0.12132090,,0.03387150,0.06866133,CME_ES,7648.75000000,TradingView CME E-mini S&P 500 options,tv_chain,0.12132090,0.03387150,0.06866133,2.63386693,2.63386693,-1.86613307,both_positive,false,0.00000000,1.50000000,0.00000000,0.00000000,3.00000000,0.09500000,0.08000000,0.11000000,0.03000000,snapshot,11065.14600000,30614.30364500,0.88651163,0.10716159,cheap_vs_underlying_cap_bearish,,,,,-4.13386693,1.13386693,sell_yes_or_buy_no,-1.13386693,-0.01005275,,true,false,false,near-fair,,snapshot,,,,379.61000000,1.00000000,cheap_vs_underlying_cap_bearish;pm_quote_from_snapshot,"Options model uses CME_ES TradingView CME E-mini S&P 500 options; target month-end expiry 2026-12-31, IV expiry 2026-12-31, closest-strike IV sample. Hit/reach market uses tested one-touch probability model; incomplete rows fall back to 2x terminal probability. Smart-flow stance: smart wallets net long YES. CME sidecar uses CME_ES TradingView CME E-mini S&P 500 options; IV expiry 2026-12-31, closest-strike IV sample. Underlying upside cap YES price is 88.7%; PM trades at 11% of cap."
2026-09-10T02,relative_value_heatmap_v3_one_touch,HYPE,what-price-will-hyperliquid-hit-before-2027,2468323,"Will Hyperliquid dip to $50 by December 31, 2026?",December 2026,below,50.00000000,2027-01-01T05:00:00Z,113.12500000,83.32100000,PURR,11.74000000,CBOE delayed,cboe_snapshot,1.47888412,0.78700000,0.41521345,0.66648864,,,,,,,,,-47.64886442,-62.64886442,no_cme_mapping,false,8.00000000,1.00000000,0.00000000,0.00000000,6.00000000,0.19000000,0.18000000,0.20000000,0.02000000,snapshot,6682.04260000,8922.62349700,,,,,,,,46.64886442,-48.64886442,buy_yes,46.64886442,0.41236565,,true,false,false,strong-long-tail,83.32100000,snapshot,-0.01183700,1870421518.30999994,0.00000000,,,pm_quote_from_snapshot,"Options model uses PURR CBOE delayed; target month-end expiry 2026-12-31, IV expiry 2026-12-18, closest-strike IV sample. Hit/reach market uses tested one-touch probability model; incomplete rows fall back to 2x terminal probability. Dip touch probs use put-wing IV plus downside skew uplift (v3). Strike scaled from underlying options proxy."
2026-09-10T02,relative_value_heatmap_v3_one_touch,HYPE,what-price-will-hyperliquid-hit-before-2027,2468324,"Will Hyperliquid dip to $40 by December 31, 2026?",December 2026,below,40.00000000,2027-01-01T05:00:00Z,113.12500000,83.32100000,PURR,11.74000000,CBOE delayed,cboe_snapshot,1.58682450,0.78700000,0.34612517,0.55702409,,,,,,,,,-45.20240898,-60.20240898,no_cme_mapping,false,8.00000000,1.00000000,0.00000000,0.00000000,6.00000000,0.10500000,0.10000000,0.11000000,0.01000000,snapshot,10504.67470000,13774.20830100,,,,,,,,44.70240898,-45.70240898,buy_yes,44.70240898,0.39515942,,true,true,true,strong-long-tail,83.32100000,snapshot,-0.01183700,1870421518.30999994,0.00000000,,,pm_quote_from_snapshot,"Options model uses PURR CBOE delayed; target month-end expiry 2026-12-31, IV expiry 2026-12-18, closest-strike IV sample. Hit/reach market uses tested one-touch probability model; incomplete rows fall back to 2x terminal probability. Dip touch probs use put-wing IV plus downside skew uplift (v3). Strike scaled from underlying options proxy."
2026-09-10T02,relative_value_heatmap_v3_one_touch,HYPE,what-price-will-hyperliquid-hit-before-2027,2468325,"Will Hyperliquid dip to $30 by December 31, 2026?",December 2026,below,30.00000000,2027-01-01T05:00:00Z,113.12500000,83.32100000,PURR,11.74000000,CBOE delayed,cboe_snapshot,1.64884500,0.78700000,0.25388749,0.41383731,,,,,,,,,-35.88373123,-50.88373123,no_cme_mapping,false,8.00000000,1.00000000,0.00000000,0.00000000,6.00000000,0.05500000,0.05000000,0.06000000,0.01000000,snapshot,28701.26970000,32311.95136600,,,,,,,,35.38373123,-36.38373123,buy_yes,35.38373123,0.31278436,,true,true,true,strong-long-tail,83.32100000,snapshot,-0.01183700,1870421518.30999994,0.00000000,45.02000000,0.00000000,pm_quote_from_snapshot,"Options model uses PURR CBOE delayed; target month-end expiry 2026-12-31, IV expiry 2026-12-18, closest-strike IV sample. Hit/reach market uses tested one-touch probability model; incomplete rows fall back to 2x terminal probability. Dip touch probs use put-wing IV plus downside skew uplift (v3). Smart-flow stance: flat / unclassified. Strike scaled from underlying options proxy."
2026-09-10T02,relative_value_heatmap_v3_one_touch,ETH,what-price-will-ethereum-hit-before-2027,3387867,"Will Ethereum dip to $1,750 by December 31, 2026?",December 2026,below,1750.00000000,2027-01-01T05:00:00Z,113.12500000,2459.20000000,DERIBIT_ETH,2460.03000000,Deribit live,cme_snapshot,0.81378475,,0.29790218,0.52743093,CME_ETH,2464.50000000,TradingView CME ETH1! options,tv_chain,0.80522170,0.29290323,0.51948413,-33.44841315,-34.24309343,-38.74309343,both_negative_or_fair,false,0.00000000,1.50000000,0.00000000,0.00000000,3.00000000,0.18500000,0.17000000,0.20000000,0.03000000,snapshot,25092.40440000,491739.73041600,,,,,,,,32.74309343,-35.74309343,buy_yes,32.74309343,0.28944171,,true,false,false,strong-long-tail,2459.20000000,snapshot,0.09626400,2379838756.92999983,0.00000000,,,pm_quote_from_snapshot,"Options model uses DERIBIT_ETH Deribit live; target month-end expiry 2026-12-31, IV expiry 2026-12-25T08:00:00+00:00, closest-strike IV sample. Hit/reach market uses tested one-touch probability model; incomplete rows fall back to 2x terminal probability. Dip touch probs use put-wing IV plus downside skew uplift (v3). CME sidecar uses CME_ETH TradingView CME ETH1! options; IV expiry 2026-12-24, closest-strike IV sample."
2026-09-10T02,relative_value_heatmap_v3_one_touch,ETH,what-price-will-ethereum-hit-before-2027,3865999,"Will Ethereum dip to $2,000 by December 31, 2026?",December 2026,below,2000.00000000,2027-01-01T05:00:00Z,113.12500000,2459.20000000,DERIBIT_ETH,2460.03000000,Deribit live,cme_snapshot,0.70969315,,0.37057924,0.65932233,CME_ETH,2464.50000000,TradingView CME ETH1! options,tv_chain,0.68403711,0.35868547,0.64139171,-31.13917108,-32.93223264,-36.93223264,both_negative_or_fair,false,0.00000000,1.00000000,0.00000000,0.00000000,3.00000000,0.33000000,0.32000000,0.34000000,0.02000000,snapshot,39538.43400000,257260.20062400,,,,,,,,31.93223264,-33.93223264,buy_yes,31.93223264,0.28227388,,true,false,false,strong-long-tail,2459.20000000,snapshot,0.09626400,2379838756.92999983,0.00000000,,,pm_quote_from_snapshot,"Options model uses DERIBIT_ETH Deribit live; target month-end expiry 2026-12-31, IV expiry 2026-12-25T08:00:00+00:00, closest-strike IV sample. Hit/reach market uses tested one-touch probability model; incomplete rows fall back to 2x terminal probability. Dip touch probs use put-wing IV plus downside skew uplift (v3). CME sidecar uses CME_ETH TradingView CME ETH1! options; IV expiry 2026-12-24, closest-strike IV sample."
2026-09-10T02,relative_value_heatmap_v3_one_touch,ETH,what-price-will-ethereum-hit-before-2027,701552,"Will Ethereum dip to $1,500 by December 31, 2026?",December 2026,below,1500.00000000,2027-01-01T05:00:00Z,113.12500000,2459.20000000,DERIBIT_ETH,2460.03000000,Deribit live,cme_snapshot,0.92985174,,0.24091616,0.42388454,CME_ETH,2464.50000000,TradingView CME ETH1! options,tv_chain,0.94015726,0.24401027,0.42862252,-30.26225231,-29.78845359,-33.78845359,both_negative_or_fair,false,0.00000000,1.00000000,0.00000000,0.00000000,3.00000000,0.12600000,0.12300000,0.12900000,0.00600000,snapshot,109980.60438000,2577279.17336800,,,,,,,,29.48845359,-30.08845359,buy_yes,29.48845359,0.26067141,,true,true,true,strong-long-tail,2459.20000000,snapshot,0.09626400,2379838756.92999983,0.00000000,-3802.50000000,-1.00000000,pm_quote_from_snapshot,"Options model uses DERIBIT_ETH Deribit live; target month-end expiry 2026-12-31, IV expiry 2026-12-25T08:00:00+00:00, closest-strike IV sample. Hit/reach market uses tested one-touch probability model; incomplete rows fall back to 2x terminal probability. Dip touch probs use put-wing IV plus downside skew uplift (v3). Smart-flow stance: smart wallets net short YES / selling YES. CME sidecar uses CME_ETH TradingView CME ETH1! options; IV expiry 2026-12-24, closest-strike IV sample."
2026-09-10T02,relative_value_heatmap_v3_one_touch,ETH,what-price-will-ethereum-hit-before-2027,2467362,"Will Ethereum dip to $1,250 by December 31, 2026?",December 2026,below,1250.00000000,2027-01-01T05:00:00Z,113.12500000,2459.20000000,DERIBIT_ETH,2460.03000000,Deribit live,cme_snapshot,1.07598917,,0.20090021,0.34998693,CME_ETH,2464.50000000,TradingView CME ETH1! options,tv_chain,1.10218743,0.20979818,0.36393226,-28.39322637,-26.99869272,-30.99869272,both_negative_or_fair,false,0.00000000,1.00000000,0.00000000,0.00000000,3.00000000,0.08000000,0.07000000,0.09000000,0.02000000,snapshot,56408.13300000,552879.16905300,,,,,,,,25.99869272,-27.99869272,buy_yes,25.99869272,0.22982270,,true,false,true,strong-long-tail,2459.20000000,snapshot,0.09626400,2379838756.92999983,0.00000000,-46.95000000,0.00000000,pm_quote_from_snapshot,"Options model uses DERIBIT_ETH Deribit live; target month-end expiry 2026-12-31, IV expiry 2026-12-25T08:00:00+00:00, closest-strike IV sample. Hit/reach market uses tested one-touch probability model; incomplete rows fall back to 2x terminal probability. Dip touch probs use put-wing IV plus downside skew uplift (v3). Smart-flow stance: flat / unclassified. CME sidecar uses CME_ETH TradingView CME ETH1! options; IV expiry 2026-12-24, closest-strike IV sample."
2026-09-10T02,relative_value_heatmap_v3_one_touch,ETH,what-price-will-ethereum-hit-before-2027,701553,"Will Ethereum dip to $1,000 by December 31, 2026?",December 2026,below,1000.00000000,2027-01-01T05:00:00Z,113.12500000,2459.20000000,DERIBIT_ETH,2460.03000000,Deribit live,cme_snapshot,1.29525000,,0.18500115,0.31611352,CME_ETH,2464.50000000,TradingView CME ETH1! options,tv_chain,1.23468070,0.16416973,0.28330817,-22.83081673,-26.11135197,-30.11135197,both_negative_or_fair,false,0.00000000,1.00000000,0.00000000,0.00000000,3.00000000,0.05500000,0.05000000,0.06000000,0.01000000,snapshot,112041.88930000,2019129.73385700,,,,,,,,25.61135197,-26.61135197,buy_yes,25.61135197,0.22639869,,true,true,true,strong-long-tail,2459.20000000,snapshot,0.09626400,2379838756.92999983,0.00000000,312.40000000,1.00000000,pm_quote_from_snapshot,"Options model uses DERIBIT_ETH Deribit live; target month-end expiry 2026-12-31, IV expiry 2026-12-25T08:00:00+00:00, closest-strike IV sample. Hit/reach market uses tested one-touch probability model; incomplete rows fall back to 2x terminal probability. Dip touch probs use put-wing IV plus downside skew uplift (v3). Smart-flow stance: smart wallets net long YES. CME sidecar uses CME_ETH TradingView CME ETH1! options; IV expiry 2026-12-24, closest-strike IV sample."
2026-09-10T02,relative_value_heatmap_v3_one_touch,ETH,what-price-will-ethereum-hit-before-2027,3866000,"Will Ethereum dip to $2,250 by December 31, 2026?",December 2026,below,2250.00000000,2027-01-01T05:00:00Z,113.12500000,2459.20000000,DERIBIT_ETH,2460.03000000,Deribit live,cme_snapshot,0.64324129,,0.47111730,0.83639399,CME_ETH,2464.50000000,TradingView CME ETH1! options,tv_chain,0.61153303,0.46033376,0.82246589,-23.24658921,-24.63939858,-28.63939858,both_negative_or_fair,false,0.00000000,1.00000000,0.00000000,0.00000000,3.00000000,0.59000000,0.58000000,0.60000000,0.02000000,snapshot,36147.82740000,458480.63216500,,,,,,,,23.63939858,-25.63939858,buy_yes,23.63939858,0.20896706,,true,false,false,strong-long-tail,2459.20000000,snapshot,0.09626400,2379838756.92999983,0.00000000,,,pm_quote_from_snapshot,"Options model uses DERIBIT_ETH Deribit live; target month-end expiry 2026-12-31, IV expiry 2026-12-25T08:00:00+00:00, closest-strike IV sample. Hit/reach market uses tested one-touch probability model; incomplete rows fall back to 2x terminal probability. Dip touch probs use put-wing IV plus downside skew uplift (v3). CME sidecar uses CME_ETH TradingView CME ETH1! options; IV expiry 2026-12-24, closest-strike IV sample."
2026-09-10T02,relative_value_heatmap_v3_one_touch,BTC,what-price-will-bitcoin-hit-before-2027,701502,"Will Bitcoin dip to $45,000 by December 31, 2026?",December 2026,below,45000.00000000,2027-01-01T05:00:00Z,113.12500000,77939.80000000,DERIBIT_BTC,77962.91000000,Deribit live,cme_snapshot,0.86531365,0.33500000,0.18210150,0.32553805,CME_BTC,78090.00000000,TradingView CME BTC1! options,tv_chain,1.16586495,0.29770333,0.50538518,-42.03851755,-24.05380468,-25.05380468,both_negative_or_fair,false,0.00000000,1.00000000,0.00000000,0.00000000,0.00000000,0.08500000,0.08000000,0.09000000,0.01000000,snapshot,359607.49870000,6553844.23150000,,,,,,,,23.55380468,-24.55380468,buy_yes,23.55380468,0.20821043,,true,true,true,strong-long-tail,77939.80000000,snapshot,-0.01243100,2784821363.15999985,0.00000000,907.23000000,1.00000000,pm_quote_from_snapshot,"Options model uses DERIBIT_BTC Deribit live; target month-end expiry 2026-12-31, IV expiry 2026-12-25T08:00:00+00:00, closest-strike IV sample. Hit/reach market uses tested one-touch probability model; incomplete rows fall back to 2x terminal probability. Dip touch probs use put-wing IV plus downside skew uplift (v3). Smart-flow stance: smart wallets net long YES. CME sidecar uses CME_BTC TradingView CME BTC1! options; IV expiry 2026-12-24, closest-strike IV sample."
2026-09-10T02,relative_value_heatmap_v3_one_touch,BTC,what-price-will-bitcoin-hit-before-2027,701501,"Will Bitcoin dip to $55,000 by December 31, 2026?",December 2026,below,55000.00000000,2027-01-01T05:00:00Z,113.12500000,77939.80000000,DERIBIT_BTC,77962.91000000,Deribit live,cme_snapshot,0.67429289,0.33500000,0.22730526,0.41316372,CME_BTC,78090.00000000,TradingView CME BTC1! options,tv_chain,0.86087956,0.30960236,0.54402679,-36.90267928,-23.81637167,-24.81637167,both_negative_or_fair,false,0.00000000,1.00000000,0.00000000,0.00000000,0.00000000,0.17500000,0.17000000,0.18000000,0.01000000,snapshot,175200.22010000,5940416.16664600,,,,,,,,23.31637167,-24.31637167,buy_yes,23.31637167,0.20611157,,true,true,true,strong-long-tail,77939.80000000,snapshot,-0.01243100,2784821363.15999985,0.00000000,1627.79000000,1.00000000,pm_quote_from_snapshot,"Options model uses DERIBIT_BTC Deribit live; target month-end expiry 2026-12-31, IV expiry 2026-12-25T08:00:00+00:00, closest-strike IV sample. Hit/reach market uses tested one-touch probability model; incomplete rows fall back to 2x terminal probability. Dip touch probs use put-wing IV plus downside skew uplift (v3). Smart-flow stance: smart wallets net long YES. CME sidecar uses CME_BTC TradingView CME BTC1! options; IV expiry 2026-12-24, closest-strike IV sample."
2026-09-10T02,relative_value_heatmap_v3_one_touch,BTC,what-price-will-bitcoin-hit-before-2027,701503,"Will Bitcoin dip to $35,000 by December 31, 2026?",December 2026,below,35000.00000000,2027-01-01T05:00:00Z,113.12500000,77939.80000000,DERIBIT_BTC,77962.91000000,Deribit live,cme_snapshot,1.10927692,0.33500000,0.15944706,0.27882468,CME_BTC,78090.00000000,TradingView CME BTC1! options,tv_chain,1.41664180,0.26408028,0.43921680,-39.42167996,-23.38246773,-24.38246773,both_negative_or_fair,false,0.00000000,1.00000000,0.00000000,0.00000000,0.00000000,0.04500000,0.04000000,0.05000000,0.01000000,snapshot,184600.14830000,3219867.92753100,,,,,,,,22.88246773,-23.88246773,buy_yes,22.88246773,0.20227596,,true,false,true,strong-long-tail,77939.80000000,snapshot,-0.01243100,2784821363.15999985,0.00000000,-10416.42000000,-1.00000000,pm_quote_from_snapshot,"Options model uses DERIBIT_BTC Deribit live; target month-end expiry 2026-12-31, IV expiry 2026-12-25T08:00:00+00:00, closest-strike IV sample. Hit/reach market uses tested one-touch probability model; incomplete rows fall back to 2x terminal probability. Dip touch probs use put-wing IV plus downside skew uplift (v3). Smart-flow stance: smart wallets net short YES / selling YES. CME sidecar uses CME_BTC TradingView CME BTC1! options; IV expiry 2026-12-24, closest-strike IV sample."
2026-09-10T02,relative_value_heatmap_v3_one_touch,BTC,what-price-will-bitcoin-hit-before-2027,3013350,"Will Bitcoin dip to $60,000 by December 31, 2026?",December 2026,below,60000.00000000,2027-01-01T05:00:00Z,113.12500000,77939.80000000,DERIBIT_BTC,77962.91000000,Deribit live,cme_snapshot,0.59794382,0.33500000,0.26585079,0.48597483,CME_BTC,78090.00000000,TradingView CME BTC1! options,tv_chain,0.62224746,0.27675264,0.50368212,-24.86821224,-23.09748341,-24.09748341,both_negative_or_fair,false,0.00000000,1.00000000,0.00000000,0.00000000,0.00000000,0.25500000,0.25000000,0.26000000,0.01000000,snapshot,92549.63300000,667325.48719800,,,,,,,,22.59748341,-23.59748341,buy_yes,22.59748341,0.19975676,,true,false,true,strong-long-tail,77939.80000000,snapshot,-0.01243100,2784821363.15999985,0.00000000,0.00000000,0.00000000,pm_quote_from_snapshot,"Options model uses DERIBIT_BTC Deribit live; target month-end expiry 2026-12-31, IV expiry 2026-12-25T08:00:00+00:00, closest-strike IV sample. Hit/reach market uses tested one-touch probability model; incomplete rows fall back to 2x terminal probability. Dip touch probs use put-wing IV plus downside skew uplift (v3). Smart-flow stance: flat / unclassified. CME sidecar uses CME_BTC TradingView CME BTC1! options; IV expiry 2026-12-24, closest-strike IV sample."
2026-09-10T02,relative_value_heatmap_v3_one_touch,BTC,what-price-will-bitcoin-hit-before-2027,1339768,"Will Bitcoin dip to $40,000 by December 31, 2026?",December 2026,below,40000.00000000,2027-01-01T05:00:00Z,113.12500000,77939.80000000,DERIBIT_BTC,77962.91000000,Deribit live,cme_snapshot,0.97510887,0.33500000,0.16702761,0.29574974,CME_BTC,78090.00000000,TradingView CME BTC1! options,tv_chain,1.27453904,0.27591558,0.46463564,-39.96356386,-23.07497442,-24.07497442,both_negative_or_fair,false,0.00000000,1.00000000,0.00000000,0.00000000,0.00000000,0.06500000,0.06000000,0.07000000,0.01000000,snapshot,172133.52520000,2080170.55448200,,,,,,,,22.57497442,-23.57497442,buy_yes,22.57497442,0.19955778,,true,false,true,strong-long-tail,77939.80000000,snapshot,-0.01243100,2784821363.15999985,0.00000000,751.22000000,1.00000000,pm_quote_from_snapshot,"Options model uses DERIBIT_BTC Deribit live; target month-end expiry 2026-12-31, IV expiry 2026-12-25T08:00:00+00:00, closest-strike IV sample. Hit/reach market uses tested one-touch probability model; incomplete rows fall back to 2x terminal probability. Dip touch probs use put-wing IV plus downside skew uplift (v3). Smart-flow stance: smart wallets net long YES. CME sidecar uses CME_BTC TradingView CME BTC1! options; IV expiry 2026-12-24, closest-strike IV sample."
2026-09-10T02,relative_value_heatmap_v3_one_touch,BTC,what-price-will-bitcoin-hit-before-2027,3865962,"Will Bitcoin dip to $65,000 by December 31, 2026?",December 2026,below,65000.00000000,2027-01-01T05:00:00Z,113.12500000,77939.80000000,DERIBIT_BTC,77962.91000000,Deribit live,cme_snapshot,0.54067755,0.33500000,0.32358772,0.59286041,CME_BTC,78090.00000000,TradingView CME BTC1! options,tv_chain,0.55326761,0.32790737,0.59942863,-21.44286306,-20.78604102,-21.78604102,both_negative_or_fair,false,0.00000000,1.00000000,0.00000000,0.00000000,0.00000000,0.38500000,0.38000000,0.39000000,0.01000000,snapshot,30011.87000000,159971.78767300,,,,,,,,20.28604102,-21.28604102,buy_yes,20.28604102,0.17932412,,true,false,true,strong-long-tail,77939.80000000,snapshot,-0.01243100,2784821363.15999985,0.00000000,,,pm_quote_from_snapshot,"Options model uses DERIBIT_BTC Deribit live; target month-end expiry 2026-12-31, IV expiry 2026-12-25T08:00:00+00:00, closest-strike IV sample. Hit/reach market uses tested one-touch probability model; incomplete rows fall back to 2x terminal probability. Dip touch probs use put-wing IV plus downside skew uplift (v3). CME sidecar uses CME_BTC TradingView CME BTC1! options; IV expiry 2026-12-24, closest-strike IV sample."
2026-09-10T02,relative_value_heatmap_v3_one_touch,BTC,what-price-will-bitcoin-hit-before-2027,1339767,"Will Bitcoin dip to $50,000 by December 31, 2026?",December 2026,below,50000.00000000,2027-01-01T05:00:00Z,113.12500000,77939.80000000,DERIBIT_BTC,77962.91000000,Deribit live,cme_snapshot,0.74145618,0.33500000,0.19033767,0.34471745,CME_BTC,78090.00000000,TradingView CME BTC1! options,tv_chain,1.04118032,0.31382495,0.53905928,-39.40592802,-19.97174525,-20.97174525,both_negative_or_fair,false,0.00000000,1.00000000,0.00000000,0.00000000,0.00000000,0.14500000,0.14000000,0.15000000,0.01000000,snapshot,138911.05560000,3577365.18569800,,,,,,,,19.47174525,-20.47174525,buy_yes,19.47174525,0.17212592,,true,true,true,long-tail,77939.80000000,snapshot,-0.01243100,2784821363.15999985,0.00000000,573.37000000,1.00000000,pm_quote_from_snapshot,"Options model uses DERIBIT_BTC Deribit live; target month-end expiry 2026-12-31, IV expiry 2026-12-25T08:00:00+00:00, closest-strike IV sample. Hit/reach market uses tested one-touch probability model; incomplete rows fall back to 2x terminal probability. Dip touch probs use put-wing IV plus downside skew uplift (v3). Smart-flow stance: smart wallets net long YES. CME sidecar uses CME_BTC TradingView CME BTC1! options; IV expiry 2026-12-24, closest-strike IV sample."
2026-09-10T02,relative_value_heatmap_v3_one_touch,HYPE,what-price-will-hyperliquid-hit-before-2027,701741,"Will Hyperliquid dip to $20 by December 31, 2026?",December 2026,below,20.00000000,2027-01-01T05:00:00Z,113.12500000,83.32100000,PURR,11.74000000,CBOE delayed,cboe_snapshot,1.64884500,0.78700000,0.13427715,0.22477143,,,,,,,,,-17.92714295,-32.92714295,no_cme_mapping,false,8.00000000,1.00000000,0.00000000,0.00000000,6.00000000,0.04550000,0.04400000,0.04700000,0.00300000,snapshot,12079.68111000,264310.35704900,,,,,,,,17.77714295,-18.07714295,buy_yes,17.77714295,0.15714601,,true,true,true,long-tail,83.32100000,snapshot,-0.01183700,1870421518.30999994,0.00000000,366.44000000,1.00000000,pm_quote_from_snapshot,"Options model uses PURR CBOE delayed; target month-end expiry 2026-12-31, IV expiry 2026-12-18, closest-strike IV sample. Hit/reach market uses tested one-touch probability model; incomplete rows fall back to 2x terminal probability. Dip touch probs use put-wing IV plus downside skew uplift (v3). Smart-flow stance: smart wallets net long YES. Strike scaled from underlying options proxy."
2026-09-10T02,relative_value_heatmap_v3_one_touch,ETH,what-price-will-ethereum-hit-before-2027,701554,"Will Ethereum dip to $800 by December 31, 2026?",December 2026,below,800.00000000,2027-01-01T05:00:00Z,113.12500000,2459.20000000,DERIBIT_ETH,2460.03000000,Deribit live,cme_snapshot,1.29525000,,0.11360243,0.19701688,CME_ETH,2464.50000000,TradingView CME ETH1! options,tv_chain,1.53132747,0.18328541,0.30646346,-27.99634585,-17.05168837,-21.05168837,both_negative_or_fair,false,0.00000000,1.00000000,0.00000000,0.00000000,3.00000000,0.02650000,0.02600000,0.02700000,0.00100000,snapshot,144116.67952000,1636875.51291900,,,,,,,,17.00168837,-17.10168837,buy_yes,17.00168837,0.15029117,,true,true,true,long-tail,2459.20000000,snapshot,0.09626400,2379838756.92999983,0.00000000,-231.72000000,-1.00000000,pm_quote_from_snapshot,"Options model uses DERIBIT_ETH Deribit live; target month-end expiry 2026-12-31, IV expiry 2026-12-25T08:00:00+00:00, closest-strike IV sample. Hit/reach market uses tested one-touch probability model; incomplete rows fall back to 2x terminal probability. Dip touch probs use put-wing IV plus downside skew uplift (v3). Smart-flow stance: smart wallets net short YES / selling YES. CME sidecar uses CME_ETH TradingView CME ETH1! options; IV expiry 2026-12-24, closest-strike IV sample."
2026-09-10T02,relative_value_heatmap_v3_one_touch,BTC,what-price-will-bitcoin-hit-before-2027,701504,"Will Bitcoin dip to $25,000 by December 31, 2026?",December 2026,below,25000.00000000,2027-01-01T05:00:00Z,113.12500000,77939.80000000,DERIBIT_BTC,77962.91000000,Deribit live,cme_snapshot,1.29397125,0.33500000,0.10951952,0.19013700,CME_BTC,78090.00000000,TradingView CME BTC1! options,tv_chain,1.67875591,0.22348597,0.36563651,-34.41365106,-16.86370004,-17.86370004,both_negative_or_fair,false,0.00000000,1.00000000,0.00000000,0.00000000,0.00000000,0.02150000,0.02100000,0.02200000,0.00100000,snapshot,137577.36833000,1274044.01223000,,,,,,,,16.81370004,-16.91370004,buy_yes,16.81370004,0.14862939,,true,true,true,long-tail,77939.80000000,snapshot,-0.01243100,2784821363.15999985,0.00000000,-3519.53000000,-1.00000000,pm_quote_from_snapshot,"Options model uses DERIBIT_BTC Deribit live; target month-end expiry 2026-12-31, IV expiry 2026-12-25T08:00:00+00:00, closest-strike IV sample. Hit/reach market uses tested one-touch probability model; incomplete rows fall back to 2x terminal probability. Dip touch probs use put-wing IV plus downside skew uplift (v3). Smart-flow stance: smart wallets net short YES / selling YES. CME sidecar uses CME_BTC TradingView CME BTC1! options; IV expiry 2026-12-24, closest-strike IV sample."
2026-09-10T02,relative_value_heatmap_v3_one_touch,BTC,what-price-will-bitcoin-hit-before-2027,3865960,"Will Bitcoin dip to $70,000 by December 31, 2026?",December 2026,below,70000.00000000,2027-01-01T05:00:00Z,113.12500000,77939.80000000,DERIBIT_BTC,77962.91000000,Deribit live,cme_snapshot,0.49607056,0.33500000,0.39941190,0.73154314,CME_BTC,78090.00000000,TradingView CME BTC1! options,tv_chain,0.50738519,0.40176239,0.73436401,-17.43640085,-17.15431411,-18.15431411,both_negative_or_fair,false,0.00000000,1.00000000,0.00000000,0.00000000,0.00000000,0.56000000,0.55000000,0.57000000,0.02000000,snapshot,43041.38900000,226261.98154300,,,,,,,,16.15431411,-18.15431411,buy_yes,16.15431411,0.14280057,,true,false,true,long-tail,77939.80000000,snapshot,-0.01243100,2784821363.15999985,0.00000000,,,pm_quote_from_snapshot,"Options model uses DERIBIT_BTC Deribit live; target month-end expiry 2026-12-31, IV expiry 2026-12-25T08:00:00+00:00, closest-strike IV sample. Hit/reach market uses tested one-touch probability model; incomplete rows fall back to 2x terminal probability. Dip touch probs use put-wing IV plus downside skew uplift (v3). CME sidecar uses CME_BTC TradingView CME BTC1! options; IV expiry 2026-12-24, closest-strike IV sample."
2026-09-10T02,relative_value_heatmap_v3_one_touch,BTC,what-price-will-bitcoin-hit-before-2027,1339769,"Will Bitcoin dip to $30,000 by December 31, 2026?",December 2026,below,30000.00000000,2027-01-01T05:00:00Z,113.12500000,77939.80000000,DERIBIT_BTC,77962.91000000,Deribit live,cme_snapshot,1.13264250,0.33500000,0.11330277,0.19946301,CME_BTC,78090.00000000,TradingView CME BTC1! options,tv_chain,1.56106706,0.24999329,0.41114800,-37.06479971,-15.89630125,-16.89630125,both_negative_or_fair,false,0.00000000,1.00000000,0.00000000,0.00000000,0.00000000,0.04050000,0.04000000,0.04100000,0.00100000,snapshot,99687.92910000,851140.90273000,,,,,,,,15.84630125,-15.94630125,buy_yes,15.84630125,0.14007780,,true,true,true,long-tail,77939.80000000,snapshot,-0.01243100,2784821363.15999985,0.00000000,-11701.74000000,-1.00000000,pm_quote_from_snapshot,"Options model uses DERIBIT_BTC Deribit live; target month-end expiry 2026-12-31, IV expiry 2026-12-25T08:00:00+00:00, closest-strike IV sample. Hit/reach market uses tested one-touch probability model; incomplete rows fall back to 2x terminal probability. Dip touch probs use put-wing IV plus downside skew uplift (v3). Smart-flow stance: smart wallets net short YES / selling YES. CME sidecar uses CME_BTC TradingView CME BTC1! options; IV expiry 2026-12-24, closest-strike IV sample."
2026-09-10T02,relative_value_heatmap_v3_one_touch,ETH,what-price-will-ethereum-hit-before-2027,2468459,"Will Ethereum dip to $700 by December 31, 2026?",December 2026,below,700.00000000,2027-01-01T05:00:00Z,113.12500000,2459.20000000,DERIBIT_ETH,2460.03000000,Deribit live,cme_snapshot,1.29525000,,0.08169375,0.14279560,CME_ETH,2464.50000000,TradingView CME ETH1! options,tv_chain,1.53132747,0.14448330,0.24367488,-22.11748838,-12.02956035,-16.02956035,both_negative_or_fair,false,0.00000000,1.00000000,0.00000000,0.00000000,3.00000000,0.02250000,0.02100000,0.02400000,0.00300000,snapshot,62330.14923000,10194.88244600,,,,,,,,11.87956035,-12.17956035,buy_yes,11.87956035,0.10501269,,true,true,true,long-tail,2459.20000000,snapshot,0.09626400,2379838756.92999983,0.00000000,-1.05000000,0.00000000,pm_quote_from_snapshot,"Options model uses DERIBIT_ETH Deribit live; target month-end expiry 2026-12-31, IV expiry 2026-12-25T08:00:00+00:00, closest-strike IV sample. Hit/reach market uses tested one-touch probability model; incomplete rows fall back to 2x terminal probability. Dip touch probs use put-wing IV plus downside skew uplift (v3). Smart-flow stance: flat / unclassified. CME sidecar uses CME_ETH TradingView CME ETH1! options; IV expiry 2026-12-24, closest-strike IV sample."
2026-09-10T02,relative_value_heatmap_v3_one_touch,HYPE,what-price-will-hyperliquid-hit-before-2027,701742,"Will Hyperliquid dip to $16 by December 31, 2026?",December 2026,below,16.00000000,2027-01-01T05:00:00Z,113.12500000,83.32100000,PURR,11.74000000,CBOE delayed,cboe_snapshot,1.64884500,0.78700000,0.08837986,0.14979048,,,,,,,,,-11.22904762,-26.22904762,no_cme_mapping,false,8.00000000,1.00000000,0.00000000,0.00000000,6.00000000,0.03750000,0.03500000,0.04000000,0.00500000,snapshot,10257.36551000,200602.35616900,,,,,,,,10.97904762,-11.47904762,buy_yes,10.97904762,0.09705235,,true,true,true,long-tail,83.32100000,snapshot,-0.01183700,1870421518.30999994,0.00000000,283.18000000,1.00000000,pm_quote_from_snapshot,"Options model uses PURR CBOE delayed; target month-end expiry 2026-12-31, IV expiry 2026-12-18, closest-strike IV sample. Hit/reach market uses tested one-touch probability model; incomplete rows fall back to 2x terminal probability. Dip touch probs use put-wing IV plus downside skew uplift (v3). Smart-flow stance: smart wallets net long YES. Strike scaled from underlying options proxy."
2026-09-10T02,relative_value_heatmap_v3_one_touch,BTC,what-price-will-bitcoin-hit-before-2027,1343219,"Will Bitcoin dip to $20,000 by December 31, 2026?",December 2026,below,20000.00000000,2027-01-01T05:00:00Z,113.12500000,77939.80000000,DERIBIT_BTC,77962.91000000,Deribit live,cme_snapshot,1.29397125,0.33500000,0.06171729,0.10850691,CME_BTC,78090.00000000,TradingView CME BTC1! options,tv_chain,1.81685453,0.19741056,0.32102076,-30.45207650,-9.20069132,-10.20069132,both_negative_or_fair,false,0.00000000,1.00000000,0.00000000,0.00000000,0.00000000,0.01650000,0.01500000,0.01800000,0.00300000,snapshot,82758.08866000,608663.25435500,,,,,,,,9.05069132,-9.35069132,buy_yes,9.05069132,0.08000611,,true,true,true,mild-long-tail,77939.80000000,snapshot,-0.01243100,2784821363.15999985,0.00000000,368.22000000,1.00000000,pm_quote_from_snapshot,"Options model uses DERIBIT_BTC Deribit live; target month-end expiry 2026-12-31, IV expiry 2026-12-25T08:00:00+00:00, closest-strike IV sample. Hit/reach market uses tested one-touch probability model; incomplete rows fall back to 2x terminal probability. Dip touch probs use put-wing IV plus downside skew uplift (v3). Smart-flow stance: smart wallets net long YES. CME sidecar uses CME_BTC TradingView CME BTC1! options; IV expiry 2026-12-24, closest-strike IV sample."
2026-09-10T02,relative_value_heatmap_v3_one_touch,ETH,what-price-will-ethereum-hit-before-2027,2468460,"Will Ethereum dip to $600 by December 31, 2026?",December 2026,below,600.00000000,2027-01-01T05:00:00Z,113.12500000,2459.20000000,DERIBIT_ETH,2460.03000000,Deribit live,cme_snapshot,1.29525000,,0.05384147,0.09488885,CME_ETH,2464.50000000,TradingView CME ETH1! options,tv_chain,1.53132747,0.10708433,0.18226386,-16.17638557,-7.43888455,-11.43888455,both_negative_or_fair,false,0.00000000,1.00000000,0.00000000,0.00000000,3.00000000,0.02050000,0.01700000,0.02400000,0.00700000,snapshot,34602.26855000,399.58234200,,,,,,,,7.08888455,-7.78888455,buy_yes,7.08888455,0.06266417,,true,true,true,mild-long-tail,2459.20000000,snapshot,0.09626400,2379838756.92999983,0.00000000,,,pm_quote_from_snapshot,"Options model uses DERIBIT_ETH Deribit live; target month-end expiry 2026-12-31, IV expiry 2026-12-25T08:00:00+00:00, closest-strike IV sample. Hit/reach market uses tested one-touch probability model; incomplete rows fall back to 2x terminal probability. Dip touch probs use put-wing IV plus downside skew uplift (v3). CME sidecar uses CME_ETH TradingView CME ETH1! options; IV expiry 2026-12-24, closest-strike IV sample."
2026-09-10T02,relative_value_heatmap_v3_one_touch,HYPE,what-price-will-hyperliquid-hit-before-2027,701743,"Will Hyperliquid dip to $12 by December 31, 2026?",December 2026,below,12.00000000,2027-01-01T05:00:00Z,113.12500000,83.32100000,PURR,11.74000000,CBOE delayed,cboe_snapshot,1.64884500,0.78700000,0.04786792,0.08227708,,,,,,,,,-6.87770775,-21.87770775,no_cme_mapping,false,8.00000000,1.00000000,0.00000000,0.00000000,6.00000000,0.01350000,0.00700000,0.02000000,0.01300000,snapshot,12891.32369000,245297.16769400,,,,,,,,6.22770775,-7.52770775,buy_yes,6.22770775,0.05505156,,true,false,true,mild-long-tail,83.32100000,snapshot,-0.01183700,1870421518.30999994,0.00000000,-98.49000000,-1.00000000,pm_quote_from_snapshot,"Options model uses PURR CBOE delayed; target month-end expiry 2026-12-31, IV expiry 2026-12-18, closest-strike IV sample. Hit/reach market uses tested one-touch probability model; incomplete rows fall back to 2x terminal probability. Dip touch probs use put-wing IV plus downside skew uplift (v3). Smart-flow stance: smart wallets net short YES / selling YES. Strike scaled from underlying options proxy."
2026-09-10T02,relative_value_heatmap_v3_one_touch,BTC,what-price-will-bitcoin-hit-before-2027,2467206,"Will Bitcoin reach $95,000 by December 31, 2026?",December 2026,above,95000.00000000,2027-01-01T05:00:00Z,113.12500000,77939.80000000,DERIBIT_BTC,77962.91000000,Deribit live,cme_snapshot,0.40772500,0.33500000,0.16150241,0.34440473,CME_BTC,78090.00000000,TradingView CME BTC1! options,tv_chain,0.40467366,0.16187301,0.34503013,-6.00301253,-5.94047262,-6.94047262,both_negative_or_fair,false,0.00000000,1.00000000,0.00000000,0.00000000,0.00000000,0.28500000,0.28000000,0.29000000,0.01000000,snapshot,48165.49790000,526001.04059700,0.82041895,0.34738349,cheap_vs_underlying_cap_bearish,,,,,5.44047262,-6.44047262,buy_yes,5.44047262,0.04809258,,true,true,true,mild-long-tail,77939.80000000,snapshot,-0.01243100,2784821363.15999985,0.00000000,-4529.15000000,-1.00000000,cheap_vs_underlying_cap_bearish;pm_quote_from_snapshot,"Options model uses DERIBIT_BTC Deribit live; target month-end expiry 2026-12-31, IV expiry 2026-12-25T08:00:00+00:00, closest-strike IV sample. Hit/reach market uses tested one-touch probability model; incomplete rows fall back to 2x terminal probability. Smart-flow stance: smart wallets net short YES / selling YES. CME sidecar uses CME_BTC TradingView CME BTC1! options; IV expiry 2026-12-24, closest-strike IV sample. Underlying upside cap YES price is 82.0%; PM trades at 35% of cap."
2026-09-10T02,relative_value_heatmap_v3_one_touch,ETH,what-price-will-ethereum-hit-before-2027,701549,"Will Ethereum reach $3,500 by December 31, 2026?",December 2026,above,3500.00000000,2027-01-01T05:00:00Z,113.12500000,2459.20000000,DERIBIT_ETH,2460.03000000,Deribit live,cme_snapshot,0.56020000,,0.09822242,0.21290338,CME_ETH,2464.50000000,TradingView CME ETH1! options,tv_chain,0.59490887,0.10943656,0.23902075,2.59792468,5.20966151,-1.79033849,both_positive_cme_weaker,false,0.00000000,1.00000000,0.00000000,3.00000000,3.00000000,0.26500000,0.26000000,0.27000000,0.01000000,snapshot,67304.61300000,625355.89615800,0.70262857,0.37715517,mid_underlying_cap_ratio,,,,,-5.70966151,4.70966151,sell_yes_or_buy_no,-4.70966151,-0.04163237,,true,false,false,near-fair,2459.20000000,snapshot,0.09626400,2379838756.92999983,0.00000000,-2743.39000000,-1.00000000,pm_quote_from_snapshot,"Options model uses DERIBIT_ETH Deribit live; target month-end expiry 2026-12-31, IV expiry 2026-12-25T08:00:00+00:00, closest-strike IV sample. Hit/reach market uses tested one-touch probability model; incomplete rows fall back to 2x terminal probability. Smart-flow stance: smart wallets net short YES / selling YES. CME sidecar uses CME_ETH TradingView CME ETH1! options; IV expiry 2026-12-24, closest-strike IV sample. Underlying upside cap YES price is 70.3%; PM trades at 38% of cap."
2026-09-10T02,relative_value_heatmap_v3_one_touch,HYPE,what-price-will-hyperliquid-hit-before-2027,3866005,"Will Hyperliquid reach $200 by December 31, 2026?",December 2026,above,200.00000000,2027-01-01T05:00:00Z,113.12500000,83.32100000,PURR,11.74000000,CBOE delayed,cboe_snapshot,1.19117500,0.78700000,0.04872881,0.11505625,,,,,,,,,-5.50562530,-20.50562530,no_cme_mapping,false,8.00000000,1.00000000,0.00000000,0.00000000,6.00000000,0.06000000,0.05000000,0.07000000,0.02000000,snapshot,12331.69200000,20457.50995900,0.41660500,0.14402132,cheap_vs_underlying_cap_bearish,,,,,4.50562530,-6.50562530,buy_yes,4.50562530,0.03982873,,true,false,false,near-fair,83.32100000,snapshot,-0.01183700,1870421518.30999994,0.00000000,,,cheap_vs_underlying_cap_bearish;pm_quote_from_snapshot,"Options model uses PURR CBOE delayed; target month-end expiry 2026-12-31, IV expiry 2026-12-18, closest-strike IV sample. Hit/reach market uses tested one-touch probability model; incomplete rows fall back to 2x terminal probability. Strike scaled from underlying options proxy. Underlying upside cap YES price is 41.7%; PM trades at 14% of cap."
2026-09-10T02,relative_value_heatmap_v3_one_touch,ETH,what-price-will-ethereum-hit-before-2027,2468461,"Will Ethereum dip to $500 by December 31, 2026?",December 2026,below,500.00000000,2027-01-01T05:00:00Z,113.12500000,2459.20000000,DERIBIT_ETH,2460.03000000,Deribit live,cme_snapshot,1.29525000,,0.03123816,0.05553462,CME_ETH,2464.50000000,TradingView CME ETH1! options,tv_chain,1.53132747,0.07253071,0.12467547,-10.51754727,-3.60346237,-7.60346237,both_negative_or_fair,false,0.00000000,1.00000000,0.00000000,0.00000000,3.00000000,0.01950000,0.01900000,0.02000000,0.00100000,snapshot,39682.09651000,103086.18518000,,,,,,,,3.55346237,-3.65346237,buy_yes,3.55346237,0.03141182,,true,false,false,near-fair,2459.20000000,snapshot,0.09626400,2379838756.92999983,0.00000000,-501.03000000,-1.00000000,pm_quote_from_snapshot,"Options model uses DERIBIT_ETH Deribit live; target month-end expiry 2026-12-31, IV expiry 2026-12-25T08:00:00+00:00, closest-strike IV sample. Hit/reach market uses tested one-touch probability model; incomplete rows fall back to 2x terminal probability. Dip touch probs use put-wing IV plus downside skew uplift (v3). Smart-flow stance: smart wallets net short YES / selling YES. CME sidecar uses CME_ETH TradingView CME ETH1! options; IV expiry 2026-12-24, closest-strike IV sample."
2026-09-10T02,relative_value_heatmap_v3_one_touch,ETH,what-price-will-ethereum-hit-before-2027,701547,"Will Ethereum reach $4,500 by December 31, 2026?",December 2026,above,4500.00000000,2027-01-01T05:00:00Z,113.12500000,2459.20000000,DERIBIT_ETH,2460.03000000,Deribit live,cme_snapshot,0.62552500,,0.02763879,0.05943936,CME_ETH,2464.50000000,TradingView CME ETH1! options,tv_chain,0.66043280,0.03368226,0.07292868,2.20713235,3.55606415,-0.44393585,both_positive,false,0.00000000,1.00000000,0.00000000,0.00000000,3.00000000,0.09500000,0.09000000,0.10000000,0.01000000,snapshot,64954.88550000,345457.61249100,0.54648889,0.17383702,cheap_vs_underlying_cap_bearish,,,,,-4.05606415,3.05606415,sell_yes_or_buy_no,-3.05606415,-0.02701493,,true,false,false,near-fair,2459.20000000,snapshot,0.09626400,2379838756.92999983,0.00000000,-4393.60000000,-1.00000000,cheap_vs_underlying_cap_bearish;pm_quote_from_snapshot,"Options model uses DERIBIT_ETH Deribit live; target month-end expiry 2026-12-31, IV expiry 2026-12-25T08:00:00+00:00, closest-strike IV sample. Hit/reach market uses tested one-touch probability model; incomplete rows fall back to 2x terminal probability. Smart-flow stance: smart wallets net short YES / selling YES. CME sidecar uses CME_ETH TradingView CME ETH1! options; IV expiry 2026-12-24, closest-strike IV sample. Underlying upside cap YES price is 54.6%; PM trades at 17% of cap."
2026-09-10T02,relative_value_heatmap_v3_one_touch,BTC,what-price-will-bitcoin-hit-before-2027,1057916,"Will Bitcoin dip to $15,000 by December 31, 2026?",December 2026,below,15000.00000000,2027-01-01T05:00:00Z,113.12500000,77939.80000000,DERIBIT_BTC,77962.91000000,Deribit live,cme_snapshot,1.29397125,0.33500000,0.02606748,0.04646299,CME_BTC,78090.00000000,TradingView CME BTC1! options,tv_chain,1.81685453,0.12779886,0.21140777,-19.59077651,-3.09629915,-4.09629915,both_negative_or_fair,false,0.00000000,1.00000000,0.00000000,0.00000000,0.00000000,0.01550000,0.01500000,0.01600000,0.00100000,snapshot,68909.62597000,4974364.46189301,,,,,,,,3.04629915,-3.14629915,buy_yes,3.04629915,0.02692861,,true,false,false,near-fair,77939.80000000,snapshot,-0.01243100,2784821363.15999985,0.00000000,15.58000000,0.00000000,pm_quote_from_snapshot,"Options model uses DERIBIT_BTC Deribit live; target month-end expiry 2026-12-31, IV expiry 2026-12-25T08:00:00+00:00, closest-strike IV sample. Hit/reach market uses tested one-touch probability model; incomplete rows fall back to 2x terminal probability. Dip touch probs use put-wing IV plus downside skew uplift (v3). Smart-flow stance: flat / unclassified. CME sidecar uses CME_BTC TradingView CME BTC1! options; IV expiry 2026-12-24, closest-strike IV sample."
2026-09-10T02,relative_value_heatmap_v3_one_touch,ETH,what-price-will-ethereum-hit-before-2027,701548,"Will Ethereum reach $4,000 by December 31, 2026?",December 2026,above,4000.00000000,2027-01-01T05:00:00Z,113.12500000,2459.20000000,DERIBIT_ETH,2460.03000000,Deribit live,cme_snapshot,0.59702500,,0.05094616,0.10993768,CME_ETH,2464.50000000,TradingView CME ETH1! options,tv_chain,0.63329346,0.05980643,0.13002117,1.49788315,3.50623205,-3.49376795,both_positive_cme_weaker,false,0.00000000,1.00000000,0.00000000,3.00000000,3.00000000,0.14500000,0.14000000,0.15000000,0.01000000,snapshot,40425.76240000,403487.97261700,0.61480000,0.23584906,cheap_vs_underlying_cap_bearish,,,,,-4.00623205,3.00623205,sell_yes_or_buy_no,-3.00623205,-0.02657443,,true,false,false,near-fair,2459.20000000,snapshot,0.09626400,2379838756.92999983,0.00000000,-2964.71000000,-1.00000000,cheap_vs_underlying_cap_bearish;pm_quote_from_snapshot,"Options model uses DERIBIT_ETH Deribit live; target month-end expiry 2026-12-31, IV expiry 2026-12-25T08:00:00+00:00, closest-strike IV sample. Hit/reach market uses tested one-touch probability model; incomplete rows fall back to 2x terminal probability. Smart-flow stance: smart wallets net short YES / selling YES. CME sidecar uses CME_ETH TradingView CME ETH1! options; IV expiry 2026-12-24, closest-strike IV sample. Underlying upside cap YES price is 61.5%; PM trades at 24% of cap."
2026-09-10T02,relative_value_heatmap_v3_one_touch,ETH,what-price-will-ethereum-hit-before-2027,701544,"Will Ethereum reach $6,000 by December 31, 2026?",December 2026,above,6000.00000000,2027-01-01T05:00:00Z,113.12500000,2459.20000000,DERIBIT_ETH,2460.03000000,Deribit live,cme_snapshot,0.69052500,,0.00581894,0.01244230,CME_ETH,2464.50000000,TradingView CME ETH1! options,tv_chain,0.76166354,0.01015567,0.02198371,2.20162858,3.15577042,-0.84422958,both_positive,false,0.00000000,1.00000000,0.00000000,0.00000000,3.00000000,0.04400000,0.04100000,0.04700000,0.00600000,snapshot,72880.04595000,328881.55837900,0.40986667,0.10735198,cheap_vs_underlying_cap_bearish,,,,,-3.45577042,2.85577042,sell_yes_or_buy_no,-2.85577042,-0.02524438,,true,false,false,near-fair,2459.20000000,snapshot,0.09626400,2379838756.92999983,0.00000000,-2680.56000000,-1.00000000,cheap_vs_underlying_cap_bearish;pm_quote_from_snapshot,"Options model uses DERIBIT_ETH Deribit live; target month-end expiry 2026-12-31, IV expiry 2026-12-25T08:00:00+00:00, closest-strike IV sample. Hit/reach market uses tested one-touch probability model; incomplete rows fall back to 2x terminal probability. Smart-flow stance: smart wallets net short YES / selling YES. CME sidecar uses CME_ETH TradingView CME ETH1! options; IV expiry 2026-12-24, closest-strike IV sample. Underlying upside cap YES price is 41.0%; PM trades at 11% of cap."
2026-09-10T02,relative_value_heatmap_v3_one_touch,ETH,what-price-will-ethereum-hit-before-2027,701543,"Will Ethereum reach $6,500 by December 31, 2026?",December 2026,above,6500.00000000,2027-01-01T05:00:00Z,113.12500000,2459.20000000,DERIBIT_ETH,2460.03000000,Deribit live,cme_snapshot,0.71037500,,0.00382928,0.00818199,CME_ETH,2464.50000000,TradingView CME ETH1! options,tv_chain,0.82916403,0.00959486,0.02092067,1.65793257,2.93180135,-1.06819865,both_positive,false,0.00000000,1.00000000,0.00000000,0.00000000,3.00000000,0.03750000,0.03600000,0.03900000,0.00300000,snapshot,62436.10981000,226321.32103700,0.37833846,0.09911760,cheap_vs_underlying_cap_bearish,,,,,-3.08180135,2.78180135,sell_yes_or_buy_no,-2.78180135,-0.02459051,,true,false,false,near-fair,2459.20000000,snapshot,0.09626400,2379838756.92999983,0.00000000,-377.78000000,-1.00000000,cheap_vs_underlying_cap_bearish;pm_quote_from_snapshot,"Options model uses DERIBIT_ETH Deribit live; target month-end expiry 2026-12-31, IV expiry 2026-12-25T08:00:00+00:00, closest-strike IV sample. Hit/reach market uses tested one-touch probability model; incomplete rows fall back to 2x terminal probability. Smart-flow stance: smart wallets net short YES / selling YES. CME sidecar uses CME_ETH TradingView CME ETH1! options; IV expiry 2026-12-24, closest-strike IV sample. Underlying upside cap YES price is 37.8%; PM trades at 10% of cap."
2026-09-10T02,relative_value_heatmap_v3_one_touch,ETH,what-price-will-ethereum-hit-before-2027,701546,"Will Ethereum reach $5,000 by December 31, 2026?",December 2026,above,5000.00000000,2027-01-01T05:00:00Z,113.12500000,2459.20000000,DERIBIT_ETH,2460.03000000,Deribit live,cme_snapshot,0.64470000,,0.01518332,0.03254191,CME_ETH,2464.50000000,TradingView CME ETH1! options,tv_chain,0.69632510,0.02130252,0.04609381,2.04061941,3.39580917,-0.60419083,both_positive,false,0.00000000,1.00000000,0.00000000,0.00000000,3.00000000,0.06650000,0.06000000,0.07300000,0.01300000,snapshot,61213.30428000,471883.94075800,0.49184000,0.13520657,cheap_vs_underlying_cap_bearish,,,,,-4.04580917,2.74580917,sell_yes_or_buy_no,-2.74580917,-0.02427235,,true,false,false,near-fair,2459.20000000,snapshot,0.09626400,2379838756.92999983,0.00000000,-5843.30000000,-1.00000000,cheap_vs_underlying_cap_bearish;pm_quote_from_snapshot,"Options model uses DERIBIT_ETH Deribit live; target month-end expiry 2026-12-31, IV expiry 2026-12-25T08:00:00+00:00, closest-strike IV sample. Hit/reach market uses tested one-touch probability model; incomplete rows fall back to 2x terminal probability. Smart-flow stance: smart wallets net short YES / selling YES. CME sidecar uses CME_ETH TradingView CME ETH1! options; IV expiry 2026-12-24, closest-strike IV sample. Underlying upside cap YES price is 49.2%; PM trades at 14% of cap."
2026-09-10T02,relative_value_heatmap_v3_one_touch,ETH,what-price-will-ethereum-hit-before-2027,701545,"Will Ethereum reach $5,500 by December 31, 2026?",December 2026,above,5500.00000000,2027-01-01T05:00:00Z,113.12500000,2459.20000000,DERIBIT_ETH,2460.03000000,Deribit live,cme_snapshot,0.67222500,,0.00944755,0.02023305,CME_ETH,2464.50000000,TradingView CME ETH1! options,tv_chain,0.74391009,0.01559075,0.03382020,1.36798024,2.72669513,-1.27330487,both_positive,false,0.00000000,1.00000000,0.00000000,0.00000000,3.00000000,0.04750000,0.04500000,0.05000000,0.00500000,snapshot,63124.62832000,280769.41439200,0.44712727,0.10623373,cheap_vs_underlying_cap_bearish,,,,,-2.97669513,2.47669513,sell_yes_or_buy_no,-2.47669513,-0.02189344,,true,false,false,near-fair,2459.20000000,snapshot,0.09626400,2379838756.92999983,0.00000000,-8417.65000000,-1.00000000,cheap_vs_underlying_cap_bearish;pm_quote_from_snapshot,"Options model uses DERIBIT_ETH Deribit live; target month-end expiry 2026-12-31, IV expiry 2026-12-25T08:00:00+00:00, closest-strike IV sample. Hit/reach market uses tested one-touch probability model; incomplete rows fall back to 2x terminal probability. Smart-flow stance: smart wallets net short YES / selling YES. CME sidecar uses CME_ETH TradingView CME ETH1! options; IV expiry 2026-12-24, closest-strike IV sample. Underlying upside cap YES price is 44.7%; PM trades at 11% of cap."
2026-09-10T02,relative_value_heatmap_v3_one_touch,BTC,what-price-will-bitcoin-hit-before-2027,1345531,"Will Bitcoin reach $90,000 by December 31, 2026?",December 2026,above,90000.00000000,2027-01-01T05:00:00Z,113.12500000,77939.80000000,DERIBIT_BTC,77962.91000000,Deribit live,cme_snapshot,0.40090000,0.33500000,0.22429717,0.48075981,CME_BTC,78090.00000000,TradingView CME BTC1! options,tv_chain,0.39483967,0.22405794,0.47969404,-2.46940357,-2.57598053,-3.57598053,both_negative_or_fair,false,0.00000000,1.00000000,0.00000000,0.00000000,0.00000000,0.45500000,0.45000000,0.46000000,0.01000000,snapshot,62090.87970000,1859301.85667900,0.86599778,0.52540551,mid_underlying_cap_ratio,,,,,2.07598053,-3.07598053,buy_yes,2.07598053,0.01835121,,true,false,false,near-fair,77939.80000000,snapshot,-0.01243100,2784821363.15999985,0.00000000,-17570.29000000,-1.00000000,pm_quote_from_snapshot,"Options model uses DERIBIT_BTC Deribit live; target month-end expiry 2026-12-31, IV expiry 2026-12-25T08:00:00+00:00, closest-strike IV sample. Hit/reach market uses tested one-touch probability model; incomplete rows fall back to 2x terminal probability. Smart-flow stance: smart wallets net short YES / selling YES. CME sidecar uses CME_BTC TradingView CME BTC1! options; IV expiry 2026-12-24, closest-strike IV sample. Underlying upside cap YES price is 86.6%; PM trades at 53% of cap."
2026-09-10T02,relative_value_heatmap_v3_one_touch,ETH,what-price-will-ethereum-hit-before-2027,701542,"Will Ethereum reach $7,000 by December 31, 2026?",December 2026,above,7000.00000000,2027-01-01T05:00:00Z,113.12500000,2459.20000000,DERIBIT_ETH,2460.03000000,Deribit live,cme_snapshot,0.73125000,,0.00267598,0.00571701,CME_ETH,2464.50000000,TradingView CME ETH1! options,tv_chain,0.90291869,0.00969547,0.02132605,0.76739475,2.32829861,-4.67170139,both_positive_cme_weaker,false,0.00000000,1.00000000,0.00000000,3.00000000,3.00000000,0.02900000,0.02600000,0.03200000,0.00600000,snapshot,80266.85973000,188065.14953300,0.35131429,0.08254717,cheap_vs_underlying_cap_bearish,,,,,-2.62829861,2.02829861,sell_yes_or_buy_no,-2.02829861,-0.01792971,,true,false,false,near-fair,2459.20000000,snapshot,0.09626400,2379838756.92999983,0.00000000,-1394.95000000,-1.00000000,cheap_vs_underlying_cap_bearish;pm_quote_from_snapshot,"Options model uses DERIBIT_ETH Deribit live; target month-end expiry 2026-12-31, IV expiry 2026-12-25T08:00:00+00:00, closest-strike IV sample. Hit/reach market uses tested one-touch probability model; incomplete rows fall back to 2x terminal probability. Smart-flow stance: smart wallets net short YES / selling YES. CME sidecar uses CME_ETH TradingView CME ETH1! options; IV expiry 2026-12-24, closest-strike IV sample. Underlying upside cap YES price is 35.1%; PM trades at 8% of cap."
2026-09-10T02,relative_value_heatmap_v3_one_touch,ETH,what-price-will-ethereum-hit-before-2027,701541,"Will Ethereum reach $7,500 by December 31, 2026?",December 2026,above,7500.00000000,2027-01-01T05:00:00Z,113.12500000,2459.20000000,DERIBIT_ETH,2460.03000000,Deribit live,cme_snapshot,0.75117500,,0.00193893,0.00414258,CME_ETH,2464.50000000,TradingView CME ETH1! options,tv_chain,0.98415339,0.01031529,0.02292926,0.60707415,2.48574159,-4.51425841,both_positive_cme_weaker,false,0.00000000,1.00000000,0.00000000,3.00000000,3.00000000,0.02900000,0.02300000,0.03500000,0.01200000,snapshot,74817.12681000,246242.73150300,0.32789333,0.08844340,cheap_vs_underlying_cap_bearish,,,,,-3.08574159,1.88574159,sell_yes_or_buy_no,-1.88574159,-0.01666954,,true,false,false,near-fair,2459.20000000,snapshot,0.09626400,2379838756.92999983,0.00000000,-171.15000000,-1.00000000,cheap_vs_underlying_cap_bearish;pm_quote_from_snapshot,"Options model uses DERIBIT_ETH Deribit live; target month-end expiry 2026-12-31, IV expiry 2026-12-25T08:00:00+00:00, closest-strike IV sample. Hit/reach market uses tested one-touch probability model; incomplete rows fall back to 2x terminal probability. Smart-flow stance: smart wallets net short YES / selling YES. CME sidecar uses CME_ETH TradingView CME ETH1! options; IV expiry 2026-12-24, closest-strike IV sample. Underlying upside cap YES price is 32.8%; PM trades at 9% of cap."
2026-09-10T02,relative_value_heatmap_v3_one_touch,BTC,what-price-will-bitcoin-hit-before-2027,701492,"Will Bitcoin reach $140,000 by December 31, 2026?",December 2026,above,140000.00000000,2027-01-01T05:00:00Z,113.12500000,77939.80000000,DERIBIT_BTC,77962.91000000,Deribit live,cme_snapshot,0.50965000,0.33500000,0.01336367,0.02817757,CME_BTC,78090.00000000,TradingView CME BTC1! options,tv_chain,0.43355024,0.00535946,0.01115945,3.53405543,1.83224332,0.83224332,both_positive,false,0.00000000,1.00000000,0.00000000,0.00000000,0.00000000,0.04650000,0.04600000,0.04700000,0.00100000,snapshot,76342.49182000,1144015.78914600,0.55671286,0.08352600,cheap_vs_underlying_cap_bearish,,,,,-1.88224332,1.78224332,sell_yes_or_buy_no,-1.78224332,-0.01575464,,true,false,false,near-fair,77939.80000000,snapshot,-0.01243100,2784821363.15999985,0.00000000,2437.14000000,1.00000000,cheap_vs_underlying_cap_bearish;pm_quote_from_snapshot,"Options model uses DERIBIT_BTC Deribit live; target month-end expiry 2026-12-31, IV expiry 2026-12-25T08:00:00+00:00, closest-strike IV sample. Hit/reach market uses tested one-touch probability model; incomplete rows fall back to 2x terminal probability. Smart-flow stance: smart wallets net long YES. CME sidecar uses CME_BTC TradingView CME BTC1! options; IV expiry 2026-12-24, closest-strike IV sample. Underlying upside cap YES price is 55.7%; PM trades at 8% of cap."
2026-09-10T02,relative_value_heatmap_v3_one_touch,ETH,what-price-will-ethereum-hit-before-2027,701540,"Will Ethereum reach $8,000 by December 31, 2026?",December 2026,above,8000.00000000,2027-01-01T05:00:00Z,113.12500000,2459.20000000,DERIBIT_ETH,2460.03000000,Deribit live,cme_snapshot,0.75117500,,0.00117082,0.00249472,CME_ETH,2464.50000000,TradingView CME ETH1! options,tv_chain,1.07224157,0.01130408,0.02543592,-0.49359177,1.80052818,-8.19947182,cboe_only,false,0.00000000,1.00000000,0.00000000,6.00000000,3.00000000,0.02050000,0.02000000,0.02100000,0.00100000,snapshot,88813.98259000,308741.89414300,0.30740000,0.06668835,cheap_vs_underlying_cap_bearish,,,,,-1.85052818,1.75052818,sell_yes_or_buy_no,-1.75052818,-0.01547428,,true,false,false,near-fair,2459.20000000,snapshot,0.09626400,2379838756.92999983,0.00000000,-3657.71000000,-1.00000000,cheap_vs_underlying_cap_bearish;pm_quote_from_snapshot,"Options model uses DERIBIT_ETH Deribit live; target month-end expiry 2026-12-31, IV expiry 2026-12-25T08:00:00+00:00, closest-strike IV sample. Hit/reach market uses tested one-touch probability model; incomplete rows fall back to 2x terminal probability. Smart-flow stance: smart wallets net short YES / selling YES. CME sidecar uses CME_ETH TradingView CME ETH1! options; IV expiry 2026-12-24, closest-strike IV sample. Underlying upside cap YES price is 30.7%; PM trades at 7% of cap."
2026-09-10T02,relative_value_heatmap_v3_one_touch,ETH,what-price-will-ethereum-hit-before-2027,2467357,"Will Ethereum reach $2,750 by December 31, 2026?",December 2026,above,2750.00000000,2027-01-01T05:00:00Z,113.12500000,2459.20000000,DERIBIT_ETH,2460.03000000,Deribit live,cme_snapshot,0.53307500,,0.29976437,0.66571487,CME_ETH,2464.50000000,TradingView CME ETH1! options,tv_chain,0.57186337,0.30696194,0.68829516,0.17048443,2.42851323,-4.57148677,both_positive_cme_weaker,false,0.00000000,1.00000000,0.00000000,3.00000000,3.00000000,0.69000000,0.68000000,0.70000000,0.02000000,snapshot,35111.75480000,61599.23116600,0.89425455,0.77159239,mid_underlying_cap_ratio,,,,,-3.42851323,1.42851323,sell_yes_or_buy_no,-1.42851323,-0.01262774,,true,false,false,near-fair,2459.20000000,snapshot,0.09626400,2379838756.92999983,0.00000000,,,pm_quote_from_snapshot,"Options model uses DERIBIT_ETH Deribit live; target month-end expiry 2026-12-31, IV expiry 2026-12-25T08:00:00+00:00, closest-strike IV sample. Hit/reach market uses tested one-touch probability model; incomplete rows fall back to 2x terminal probability. CME sidecar uses CME_ETH TradingView CME ETH1! options; IV expiry 2026-12-24, closest-strike IV sample. Underlying upside cap YES price is 89.4%; PM trades at 77% of cap."
2026-09-10T02,relative_value_heatmap_v3_one_touch,BTC,what-price-will-bitcoin-hit-before-2027,2467207,"Will Bitcoin reach $85,000 by December 31, 2026?",December 2026,above,85000.00000000,2027-01-01T05:00:00Z,113.12500000,77939.80000000,DERIBIT_BTC,77962.91000000,Deribit live,cme_snapshot,0.39670000,0.33500000,0.30739798,0.66361393,CME_BTC,78090.00000000,TradingView CME BTC1! options,tv_chain,0.38924141,0.30813075,0.66420711,-1.92071063,-1.86139300,-2.86139300,both_negative_or_fair,false,0.00000000,1.00000000,0.00000000,0.00000000,0.00000000,0.64500000,0.64000000,0.65000000,0.01000000,snapshot,61302.69920000,702403.44112000,0.91693882,0.70342752,mid_underlying_cap_ratio,,,,,1.36139300,-2.36139300,buy_yes,1.36139300,0.01203441,,true,false,false,near-fair,77939.80000000,snapshot,-0.01243100,2784821363.15999985,0.00000000,-1195.13000000,-1.00000000,pm_quote_from_snapshot,"Options model uses DERIBIT_BTC Deribit live; target month-end expiry 2026-12-31, IV expiry 2026-12-25T08:00:00+00:00, closest-strike IV sample. Hit/reach market uses tested one-touch probability model; incomplete rows fall back to 2x terminal probability. Smart-flow stance: smart wallets net short YES / selling YES. CME sidecar uses CME_BTC TradingView CME BTC1! options; IV expiry 2026-12-24, closest-strike IV sample. Underlying upside cap YES price is 91.7%; PM trades at 70% of cap."
2026-09-10T02,relative_value_heatmap_v3_one_touch,ETH,what-price-will-ethereum-hit-before-2027,701539,"Will Ethereum reach $10,000 by December 31, 2026?",December 2026,above,10000.00000000,2027-01-01T05:00:00Z,113.12500000,2459.20000000,DERIBIT_ETH,2460.03000000,Deribit live,cme_snapshot,0.80717500,,0.00038810,0.00082674,CME_ETH,2464.50000000,TradingView CME ETH1! options,tv_chain,1.09039925,0.00437633,0.00975074,0.52492560,1.41732587,-5.58267413,both_positive_cme_weaker,false,0.00000000,1.00000000,0.00000000,3.00000000,3.00000000,0.01500000,0.01400000,0.01600000,0.00200000,snapshot,115485.88440000,796622.08840800,0.24592000,0.06099545,cheap_vs_underlying_cap_bearish,,,,,-1.51732587,1.31732587,sell_yes_or_buy_no,-1.31732587,-0.01164487,,true,false,false,near-fair,2459.20000000,snapshot,0.09626400,2379838756.92999983,0.00000000,0.00000000,0.00000000,cheap_vs_underlying_cap_bearish;pm_quote_from_snapshot,"Options model uses DERIBIT_ETH Deribit live; target month-end expiry 2026-12-31, IV expiry 2026-12-25T08:00:00+00:00, closest-strike IV sample. Hit/reach market uses tested one-touch probability model; incomplete rows fall back to 2x terminal probability. Smart-flow stance: flat / unclassified. CME sidecar uses CME_ETH TradingView CME ETH1! options; IV expiry 2026-12-24, closest-strike IV sample. Underlying upside cap YES price is 24.6%; PM trades at 6% of cap."
2026-09-10T02,relative_value_heatmap_v3_one_touch,ETH,what-price-will-ethereum-hit-before-2027,2467356,"Will Ethereum reach $3,000 by December 31, 2026?",December 2026,above,3000.00000000,2027-01-01T05:00:00Z,113.12500000,2459.20000000,DERIBIT_ETH,2460.03000000,Deribit live,cme_snapshot,0.54235000,,0.20870524,0.45865578,CME_ETH,2464.50000000,TradingView CME ETH1! options,tv_chain,0.57525284,0.21871549,0.48445067,-0.44506709,2.13442228,-7.86557772,cboe_only,false,0.00000000,1.00000000,0.00000000,6.00000000,3.00000000,0.48000000,0.47000000,0.49000000,0.02000000,snapshot,31645.32370000,95492.96390900,0.81973333,0.58555628,mid_underlying_cap_ratio,,,,,-3.13442228,1.13442228,sell_yes_or_buy_no,-1.13442228,-0.01002804,,true,false,false,near-fair,2459.20000000,snapshot,0.09626400,2379838756.92999983,0.00000000,,,pm_quote_from_snapshot,"Options model uses DERIBIT_ETH Deribit live; target month-end expiry 2026-12-31, IV expiry 2026-12-25T08:00:00+00:00, closest-strike IV sample. Hit/reach market uses tested one-touch probability model; incomplete rows fall back to 2x terminal probability. CME sidecar uses CME_ETH TradingView CME ETH1! options; IV expiry 2026-12-24, closest-strike IV sample. Underlying upside cap YES price is 82.0%; PM trades at 59% of cap."
2026-09-10T02,relative_value_heatmap_v3_one_touch,BTC,what-price-will-bitcoin-hit-before-2027,1343228,"Will Bitcoin dip to $5,000 by December 31, 2026?",December 2026,below,5000.00000000,2027-01-01T05:00:00Z,113.12500000,77939.80000000,DERIBIT_BTC,77962.91000000,Deribit live,cme_snapshot,1.29397125,0.33500000,0.00025515,0.00047091,CME_BTC,78090.00000000,TradingView CME BTC1! options,tv_chain,1.81685453,0.01291162,0.02241359,-0.84135917,1.35290895,-5.64709105,cboe_only,false,0.00000000,1.00000000,0.00000000,6.00000000,0.00000000,0.01400000,0.01100000,0.01700000,0.00600000,snapshot,103386.49999000,804233.98335100,,,,,,,,-1.65290895,1.05290895,sell_yes_or_buy_no,-1.05290895,-0.00930748,,true,false,false,near-fair,77939.80000000,snapshot,-0.01243100,2784821363.15999985,0.00000000,108.99000000,1.00000000,pm_quote_from_snapshot,"Options model uses DERIBIT_BTC Deribit live; target month-end expiry 2026-12-31, IV expiry 2026-12-25T08:00:00+00:00, closest-strike IV sample. Hit/reach market uses tested one-touch probability model; incomplete rows fall back to 2x terminal probability. Dip touch probs use put-wing IV plus downside skew uplift (v3). Smart-flow stance: smart wallets net long YES. CME sidecar uses CME_BTC TradingView CME BTC1! options; IV expiry 2026-12-24, closest-strike IV sample."
2026-09-10T02,relative_value_heatmap_v3_one_touch,HYPE,what-price-will-hyperliquid-hit-before-2027,701744,"Will Hyperliquid dip to $8 by December 31, 2026?",December 2026,below,8.00000000,2027-01-01T05:00:00Z,113.12500000,83.32100000,PURR,11.74000000,CBOE delayed,cboe_snapshot,1.64884500,0.78700000,0.01743007,0.03046367,,,,,,,,,-1.04636696,-16.04636696,no_cme_mapping,false,8.00000000,1.00000000,0.00000000,0.00000000,6.00000000,0.02000000,0.01900000,0.02100000,0.00200000,snapshot,7745.19927000,252323.16901900,,,,,,,,0.94636696,-1.14636696,buy_yes,0.94636696,0.00836567,,true,false,false,near-fair,83.32100000,snapshot,-0.01183700,1870421518.30999994,0.00000000,48.91000000,0.00000000,pm_quote_from_snapshot,"Options model uses PURR CBOE delayed; target month-end expiry 2026-12-31, IV expiry 2026-12-18, closest-strike IV sample. Hit/reach market uses tested one-touch probability model; incomplete rows fall back to 2x terminal probability. Dip touch probs use put-wing IV plus downside skew uplift (v3). Smart-flow stance: flat / unclassified. Strike scaled from underlying options proxy."
2026-09-10T02,relative_value_heatmap_v3_one_touch,BTC,what-price-will-bitcoin-hit-before-2027,701496,"Will Bitcoin reach $100,000 by December 31, 2026?",December 2026,above,100000.00000000,2027-01-01T05:00:00Z,113.12500000,77939.80000000,DERIBIT_BTC,77962.91000000,Deribit live,cme_snapshot,0.41700000,0.33500000,0.11632956,0.24720325,CME_BTC,78090.00000000,TradingView CME BTC1! options,tv_chain,0.41582851,0.11718519,0.24900117,-1.40011682,-1.22032461,-2.22032461,both_negative_or_fair,false,0.00000000,1.00000000,0.00000000,0.00000000,0.00000000,0.23500000,0.23000000,0.24000000,0.01000000,snapshot,82605.43060000,3268204.61631100,0.77939800,0.30151476,cheap_vs_underlying_cap_bearish,,,,,0.72032461,-1.72032461,buy_yes,0.72032461,0.00636751,,true,false,false,near-fair,77939.80000000,snapshot,-0.01243100,2784821363.15999985,0.00000000,-759.12000000,-1.00000000,cheap_vs_underlying_cap_bearish;pm_quote_from_snapshot,"Options model uses DERIBIT_BTC Deribit live; target month-end expiry 2026-12-31, IV expiry 2026-12-25T08:00:00+00:00, closest-strike IV sample. Hit/reach market uses tested one-touch probability model; incomplete rows fall back to 2x terminal probability. Smart-flow stance: smart wallets net short YES / selling YES. CME sidecar uses CME_BTC TradingView CME BTC1! options; IV expiry 2026-12-24, closest-strike IV sample. Underlying upside cap YES price is 77.9%; PM trades at 30% of cap."
2026-09-10T02,relative_value_heatmap_v3_one_touch,BTC,what-price-will-bitcoin-hit-before-2027,701491,"Will Bitcoin reach $150,000 by December 31, 2026?",December 2026,above,150000.00000000,2027-01-01T05:00:00Z,113.12500000,77939.80000000,DERIBIT_BTC,77962.91000000,Deribit live,cme_snapshot,0.52727500,0.33500000,0.00848588,0.01787781,CME_BTC,78090.00000000,TradingView CME BTC1! options,tv_chain,0.46027692,0.00358732,0.00747698,1.80230158,0.76221873,-0.23778127,both_positive,false,0.00000000,1.00000000,0.00000000,0.00000000,0.00000000,0.02550000,0.02500000,0.02600000,0.00100000,snapshot,85075.72032000,1170606.40160600,0.51959867,0.04907634,cheap_vs_underlying_cap_bearish,,,,,-0.81221873,0.71221873,sell_yes_or_buy_no,-0.71221873,-0.00629586,,true,false,false,near-fair,77939.80000000,snapshot,-0.01243100,2784821363.15999985,0.00000000,3236.08000000,1.00000000,cheap_vs_underlying_cap_bearish;pm_quote_from_snapshot,"Options model uses DERIBIT_BTC Deribit live; target month-end expiry 2026-12-31, IV expiry 2026-12-25T08:00:00+00:00, closest-strike IV sample. Hit/reach market uses tested one-touch probability model; incomplete rows fall back to 2x terminal probability. Smart-flow stance: smart wallets net long YES. CME sidecar uses CME_BTC TradingView CME BTC1! options; IV expiry 2026-12-24, closest-strike IV sample. Underlying upside cap YES price is 52.0%; PM trades at 5% of cap."
2026-09-10T02,relative_value_heatmap_v3_one_touch,BTC,what-price-will-bitcoin-hit-before-2027,1057883,"Will Bitcoin reach $250,000 by December 31, 2026?",December 2026,above,250000.00000000,2027-01-01T05:00:00Z,113.12500000,77939.80000000,DERIBIT_BTC,77962.91000000,Deribit live,cme_snapshot,0.68040000,0.33500000,0.00051695,0.00109074,CME_BTC,78090.00000000,TradingView CME BTC1! options,tv_chain,0.66918785,0.00044137,0.00092985,0.80701459,0.79092627,-0.20907373,both_positive,false,0.00000000,1.00000000,0.00000000,0.00000000,0.00000000,0.00900000,0.00800000,0.01000000,0.00200000,snapshot,115000.90504000,5467735.02060400,0.31175920,0.02886843,cheap_vs_underlying_cap_bearish,,,,,-0.89092627,0.69092627,sell_yes_or_buy_no,-0.69092627,-0.00610764,,true,false,false,near-fair,77939.80000000,snapshot,-0.01243100,2784821363.15999985,0.00000000,0.00000000,0.00000000,cheap_vs_underlying_cap_bearish;pm_quote_from_snapshot,"Options model uses DERIBIT_BTC Deribit live; target month-end expiry 2026-12-31, IV expiry 2026-12-25T08:00:00+00:00, closest-strike IV sample. Hit/reach market uses tested one-touch probability model; incomplete rows fall back to 2x terminal probability. Smart-flow stance: flat / unclassified. CME sidecar uses CME_BTC TradingView CME BTC1! options; IV expiry 2026-12-24, closest-strike IV sample. Underlying upside cap YES price is 31.2%; PM trades at 3% of cap."
2026-09-10T02,relative_value_heatmap_v3_one_touch,BTC,what-price-will-bitcoin-hit-before-2027,701493,"Will Bitcoin reach $130,000 by December 31, 2026?",December 2026,above,130000.00000000,2027-01-01T05:00:00Z,113.12500000,77939.80000000,DERIBIT_BTC,77962.91000000,Deribit live,cme_snapshot,0.49402500,0.33500000,0.02243585,0.04739019,CME_BTC,78090.00000000,TradingView CME BTC1! options,tv_chain,0.40781794,0.00889714,0.01851692,3.84830831,0.96098098,-0.03901902,both_positive,false,0.00000000,1.00000000,0.00000000,0.00000000,0.00000000,0.05700000,0.05300000,0.06100000,0.00800000,snapshot,71779.82419000,1331548.79346000,0.59953692,0.09507338,cheap_vs_underlying_cap_bearish,,,,,-1.36098098,0.56098098,sell_yes_or_buy_no,-0.56098098,-0.00495895,,true,false,false,near-fair,77939.80000000,snapshot,-0.01243100,2784821363.15999985,0.00000000,-788.72000000,-1.00000000,cheap_vs_underlying_cap_bearish;pm_quote_from_snapshot,"Options model uses DERIBIT_BTC Deribit live; target month-end expiry 2026-12-31, IV expiry 2026-12-25T08:00:00+00:00, closest-strike IV sample. Hit/reach market uses tested one-touch probability model; incomplete rows fall back to 2x terminal probability. Smart-flow stance: smart wallets net short YES / selling YES. CME sidecar uses CME_BTC TradingView CME BTC1! options; IV expiry 2026-12-24, closest-strike IV sample. Underlying upside cap YES price is 60.0%; PM trades at 10% of cap."
2026-09-10T02,relative_value_heatmap_v3_one_touch,BTC,what-price-will-bitcoin-hit-before-2027,1393068,"Will Bitcoin reach $500,000 by December 31, 2026?",December 2026,above,500000.00000000,2027-01-01T05:00:00Z,113.12500000,77939.80000000,DERIBIT_BTC,77962.91000000,Deribit live,cme_snapshot,0.68040000,0.33500000,0.00000015,0.00000032,CME_BTC,78090.00000000,TradingView CME BTC1! options,tv_chain,0.94248294,0.00006707,0.00014343,0.58565667,0.59996847,-0.40003153,both_positive,false,0.00000000,1.00000000,0.00000000,0.00000000,0.00000000,0.00600000,0.00500000,0.00700000,0.00200000,snapshot,161807.64609000,1566207.92397900,0.15587960,0.03849125,cheap_vs_underlying_cap_bearish,,,,,-0.69996847,0.49996847,sell_yes_or_buy_no,-0.49996847,-0.00441961,,true,false,false,near-fair,77939.80000000,snapshot,-0.01243100,2784821363.15999985,0.00000000,0.00000000,0.00000000,cheap_vs_underlying_cap_bearish;pm_quote_from_snapshot,"Options model uses DERIBIT_BTC Deribit live; target month-end expiry 2026-12-31, IV expiry 2026-12-25T08:00:00+00:00, closest-strike IV sample. Hit/reach market uses tested one-touch probability model; incomplete rows fall back to 2x terminal probability. Smart-flow stance: flat / unclassified. CME sidecar uses CME_BTC TradingView CME BTC1! options; IV expiry 2026-12-24, closest-strike IV sample. Underlying upside cap YES price is 15.6%; PM trades at 4% of cap."
2026-09-10T02,relative_value_heatmap_v3_one_touch,BTC,what-price-will-bitcoin-hit-before-2027,701486,"Will Bitcoin reach $200,000 by December 31, 2026?",December 2026,above,200000.00000000,2027-01-01T05:00:00Z,113.12500000,77939.80000000,DERIBIT_BTC,77962.91000000,Deribit live,cme_snapshot,0.64347500,0.33500000,0.00238529,0.00504970,CME_BTC,78090.00000000,TradingView CME BTC1! options,tv_chain,0.58593952,0.00110373,0.00231657,0.86834292,0.59503012,-0.40496988,both_positive,false,0.00000000,1.00000000,0.00000000,0.00000000,0.00000000,0.01100000,0.00900000,0.01300000,0.00400000,snapshot,105465.05572000,2035373.52974900,0.38969900,0.02822691,cheap_vs_underlying_cap_bearish,,,,,-0.79503012,0.39503012,sell_yes_or_buy_no,-0.39503012,-0.00349198,,true,false,false,near-fair,77939.80000000,snapshot,-0.01243100,2784821363.15999985,0.00000000,-493.08000000,-1.00000000,cheap_vs_underlying_cap_bearish;pm_quote_from_snapshot,"Options model uses DERIBIT_BTC Deribit live; target month-end expiry 2026-12-31, IV expiry 2026-12-25T08:00:00+00:00, closest-strike IV sample. Hit/reach market uses tested one-touch probability model; incomplete rows fall back to 2x terminal probability. Smart-flow stance: smart wallets net short YES / selling YES. CME sidecar uses CME_BTC TradingView CME BTC1! options; IV expiry 2026-12-24, closest-strike IV sample. Underlying upside cap YES price is 39.0%; PM trades at 3% of cap."
2026-09-10T02,relative_value_heatmap_v3_one_touch,BTC,what-price-will-bitcoin-hit-before-2027,701489,"Will Bitcoin reach $170,000 by December 31, 2026?",December 2026,above,170000.00000000,2027-01-01T05:00:00Z,113.12500000,77939.80000000,DERIBIT_BTC,77962.91000000,Deribit live,cme_snapshot,0.58872500,0.33500000,0.00531968,0.01124913,CME_BTC,78090.00000000,TradingView CME BTC1! options,tv_chain,0.50334025,0.00169210,0.00353108,1.49689169,0.72508740,-0.27491260,both_positive,false,0.00000000,1.00000000,0.00000000,0.00000000,0.00000000,0.01850000,0.01500000,0.02200000,0.00700000,snapshot,82104.18778000,448802.04678100,0.45846941,0.04035166,cheap_vs_underlying_cap_bearish,,,,,-1.07508740,0.37508740,sell_yes_or_buy_no,-0.37508740,-0.00331569,,true,false,false,near-fair,77939.80000000,snapshot,-0.01243100,2784821363.15999985,0.00000000,-669.46000000,-1.00000000,cheap_vs_underlying_cap_bearish;pm_quote_from_snapshot,"Options model uses DERIBIT_BTC Deribit live; target month-end expiry 2026-12-31, IV expiry 2026-12-25T08:00:00+00:00, closest-strike IV sample. Hit/reach market uses tested one-touch probability model; incomplete rows fall back to 2x terminal probability. Smart-flow stance: smart wallets net short YES / selling YES. CME sidecar uses CME_BTC TradingView CME BTC1! options; IV expiry 2026-12-24, closest-strike IV sample. Underlying upside cap YES price is 45.8%; PM trades at 4% of cap."
2026-09-10T02,relative_value_heatmap_v3_one_touch,BTC,what-price-will-bitcoin-hit-before-2027,701488,"Will Bitcoin reach $180,000 by December 31, 2026?",December 2026,above,180000.00000000,2027-01-01T05:00:00Z,113.12500000,77939.80000000,DERIBIT_BTC,77962.91000000,Deribit live,cme_snapshot,0.60960000,0.33500000,0.00405390,0.00857762,CME_BTC,78090.00000000,TradingView CME BTC1! options,tv_chain,0.53277972,0.00144990,0.00303193,1.09680684,0.54223838,-0.45776162,both_positive,false,0.00000000,1.00000000,0.00000000,0.00000000,0.00000000,0.01400000,0.01200000,0.01600000,0.00400000,snapshot,77430.76551000,528820.82129000,0.43299889,0.03233265,cheap_vs_underlying_cap_bearish,,,,,-0.74223838,0.34223838,sell_yes_or_buy_no,-0.34223838,-0.00302531,,true,false,false,near-fair,77939.80000000,snapshot,-0.01243100,2784821363.15999985,0.00000000,-414.45000000,-1.00000000,cheap_vs_underlying_cap_bearish;pm_quote_from_snapshot,"Options model uses DERIBIT_BTC Deribit live; target month-end expiry 2026-12-31, IV expiry 2026-12-25T08:00:00+00:00, closest-strike IV sample. Hit/reach market uses tested one-touch probability model; incomplete rows fall back to 2x terminal probability. Smart-flow stance: smart wallets net short YES / selling YES. CME sidecar uses CME_BTC TradingView CME BTC1! options; IV expiry 2026-12-24, closest-strike IV sample. Underlying upside cap YES price is 43.3%; PM trades at 3% of cap."
2026-09-10T02,relative_value_heatmap_v3_one_touch,BTC,what-price-will-bitcoin-hit-before-2027,701494,"Will Bitcoin reach $120,000 by December 31, 2026?",December 2026,above,120000.00000000,2027-01-01T05:00:00Z,113.12500000,77939.80000000,DERIBIT_BTC,77962.91000000,Deribit live,cme_snapshot,0.46877500,0.33500000,0.03663212,0.07743923,CME_BTC,78090.00000000,TradingView CME BTC1! options,tv_chain,0.41580765,0.02379131,0.04981321,4.01867945,1.25607700,0.25607700,both_positive,false,0.00000000,1.00000000,0.00000000,0.00000000,0.00000000,0.09000000,0.08000000,0.10000000,0.02000000,snapshot,83432.04120000,1694112.45095400,0.64949833,0.13856848,cheap_vs_underlying_cap_bearish,,,,,-2.25607700,0.25607700,sell_yes_or_buy_no,-0.25607700,-0.00226366,,true,false,false,near-fair,77939.80000000,snapshot,-0.01243100,2784821363.15999985,0.00000000,-1271.48000000,-1.00000000,cheap_vs_underlying_cap_bearish;pm_quote_from_snapshot,"Options model uses DERIBIT_BTC Deribit live; target month-end expiry 2026-12-31, IV expiry 2026-12-25T08:00:00+00:00, closest-strike IV sample. Hit/reach market uses tested one-touch probability model; incomplete rows fall back to 2x terminal probability. Smart-flow stance: smart wallets net short YES / selling YES. CME sidecar uses CME_BTC TradingView CME BTC1! options; IV expiry 2026-12-24, closest-strike IV sample. Underlying upside cap YES price is 64.9%; PM trades at 14% of cap."
2026-09-10T02,relative_value_heatmap_v3_one_touch,BTC,what-price-will-bitcoin-hit-before-2027,701490,"Will Bitcoin reach $160,000 by December 31, 2026?",December 2026,above,160000.00000000,2027-01-01T05:00:00Z,113.12500000,77939.80000000,DERIBIT_BTC,77962.91000000,Deribit live,cme_snapshot,0.56855000,0.33500000,0.00732271,0.01548109,CME_BTC,78090.00000000,TradingView CME BTC1! options,tv_chain,0.47202117,0.00201966,0.00420538,1.47946213,0.35189112,-0.64810888,both_positive,false,0.00000000,1.00000000,0.00000000,0.00000000,0.00000000,0.01900000,0.01800000,0.01900000,0.00100000,snapshot,97007.34406000,635762.57686300,0.48712375,0.03900446,cheap_vs_underlying_cap_bearish,,,,,-0.35189112,0.25189112,sell_yes_or_buy_no,-0.25189112,-0.00222666,,true,false,false,near-fair,77939.80000000,snapshot,-0.01243100,2784821363.15999985,0.00000000,-794.00000000,-1.00000000,cheap_vs_underlying_cap_bearish;pm_quote_from_snapshot,"Options model uses DERIBIT_BTC Deribit live; target month-end expiry 2026-12-31, IV expiry 2026-12-25T08:00:00+00:00, closest-strike IV sample. Hit/reach market uses tested one-touch probability model; incomplete rows fall back to 2x terminal probability. Smart-flow stance: smart wallets net short YES / selling YES. CME sidecar uses CME_BTC TradingView CME BTC1! options; IV expiry 2026-12-24, closest-strike IV sample. Underlying upside cap YES price is 48.7%; PM trades at 4% of cap."
2026-09-10T02,relative_value_heatmap_v3_one_touch,BTC,what-price-will-bitcoin-hit-before-2027,701487,"Will Bitcoin reach $190,000 by December 31, 2026?",December 2026,above,190000.00000000,2027-01-01T05:00:00Z,113.12500000,77939.80000000,DERIBIT_BTC,77962.91000000,Deribit live,cme_snapshot,0.62742500,0.33500000,0.00309368,0.00654797,CME_BTC,78090.00000000,TradingView CME BTC1! options,tv_chain,0.56035960,0.00126083,0.00264167,0.78583250,0.39520335,-0.60479665,both_positive,false,0.00000000,1.00000000,0.00000000,0.00000000,0.00000000,0.01050000,0.00900000,0.01200000,0.00300000,snapshot,108627.57896000,733974.75992200,0.41020947,0.02559668,cheap_vs_underlying_cap_bearish,,,,,-0.54520335,0.24520335,sell_yes_or_buy_no,-0.24520335,-0.00216754,,true,false,false,near-fair,77939.80000000,snapshot,-0.01243100,2784821363.15999985,0.00000000,4189.60000000,1.00000000,cheap_vs_underlying_cap_bearish;pm_quote_from_snapshot,"Options model uses DERIBIT_BTC Deribit live; target month-end expiry 2026-12-31, IV expiry 2026-12-25T08:00:00+00:00, closest-strike IV sample. Hit/reach market uses tested one-touch probability model; incomplete rows fall back to 2x terminal probability. Smart-flow stance: smart wallets net long YES. CME sidecar uses CME_BTC TradingView CME BTC1! options; IV expiry 2026-12-24, closest-strike IV sample. Underlying upside cap YES price is 41.0%; PM trades at 3% of cap."
2026-09-10T02,relative_value_heatmap_v3_one_touch,BTC,what-price-will-bitcoin-hit-before-2027,1393070,"Will Bitcoin reach $1,000,000 by December 31, 2026?",December 2026,above,1000000.00000000,2027-01-01T05:00:00Z,113.12500000,77939.80000000,DERIBIT_BTC,77962.91000000,Deribit live,cme_snapshot,0.68040000,0.33500000,0.00000000,0.00000000,CME_BTC,78090.00000000,TradingView CME BTC1! options,tv_chain,0.94248294,0.00000013,0.00000028,0.24997213,0.25000000,-0.75000000,both_positive,false,0.00000000,1.00000000,0.00000000,0.00000000,0.00000000,0.00250000,0.00200000,0.00300000,0.00100000,snapshot,245133.03113000,2729763.61536500,0.07793980,0.03207604,cheap_vs_underlying_cap_bearish,,,,,-0.30000000,0.20000000,sell_yes_or_buy_no,-0.20000000,-0.00176796,,true,false,false,near-fair,77939.80000000,snapshot,-0.01243100,2784821363.15999985,0.00000000,0.00000000,0.00000000,cheap_vs_underlying_cap_bearish;pm_quote_from_snapshot,"Options model uses DERIBIT_BTC Deribit live; target month-end expiry 2026-12-31, IV expiry 2026-12-25T08:00:00+00:00, closest-strike IV sample. Hit/reach market uses tested one-touch probability model; incomplete rows fall back to 2x terminal probability. Smart-flow stance: flat / unclassified. CME sidecar uses CME_BTC TradingView CME BTC1! options; IV expiry 2026-12-24, closest-strike IV sample. Underlying upside cap YES price is 7.8%; PM trades at 3% of cap."
2026-09-10T02,relative_value_heatmap_v3_one_touch,BTC,what-price-will-bitcoin-hit-before-2027,701495,"Will Bitcoin reach $110,000 by December 31, 2026?",December 2026,above,110000.00000000,2027-01-01T05:00:00Z,113.12500000,77939.80000000,DERIBIT_BTC,77962.91000000,Deribit live,cme_snapshot,0.43680000,0.33500000,0.06126949,0.12959427,CME_BTC,78090.00000000,TradingView CME BTC1! options,tv_chain,0.47951373,0.07735145,0.16503610,-3.00360985,0.54057315,-6.45942685,cboe_only,false,0.00000000,1.00000000,0.00000000,6.00000000,0.00000000,0.13500000,0.13000000,0.14000000,0.01000000,snapshot,77324.72280000,1668667.35619200,0.70854364,0.19053167,cheap_vs_underlying_cap_bearish,,,,,-1.04057315,0.04057315,sell_yes_or_buy_no,-0.04057315,-0.00035866,,true,false,false,near-fair,77939.80000000,snapshot,-0.01243100,2784821363.15999985,0.00000000,-404.88000000,-1.00000000,cheap_vs_underlying_cap_bearish;pm_quote_from_snapshot,"Options model uses DERIBIT_BTC Deribit live; target month-end expiry 2026-12-31, IV expiry 2026-12-25T08:00:00+00:00, closest-strike IV sample. Hit/reach market uses tested one-touch probability model; incomplete rows fall back to 2x terminal probability. Smart-flow stance: smart wallets net short YES / selling YES. CME sidecar uses CME_BTC TradingView CME BTC1! options; IV expiry 2026-12-24, closest-strike IV sample. Underlying upside cap YES price is 70.9%; PM trades at 19% of cap."
2026-09-10T02,relative_value_heatmap_v3_one_touch,BTC,what-price-will-bitcoin-hit-before-2027,1343220,"Will Bitcoin dip to $10,000 by December 31, 2026?",December 2026,below,10000.00000000,2027-01-01T05:00:00Z,113.12500000,77939.80000000,DERIBIT_BTC,77962.91000000,Deribit live,cme_snapshot,1.29397125,0.33500000,0.00607251,0.01099310,CME_BTC,78090.00000000,TradingView CME BTC1! options,tv_chain,1.81685453,0.06179441,0.10434757,-9.18475725,0.15068972,-6.84931028,cboe_only,false,0.00000000,1.00000000,0.00000000,6.00000000,0.00000000,0.01250000,0.01100000,0.01400000,0.00300000,snapshot,81266.59380000,862005.10970800,,,,,,,,-0.30068972,0.00068972,sell_yes_or_buy_no,-0.00068972,-0.00000610,,true,false,false,near-fair,77939.80000000,snapshot,-0.01243100,2784821363.15999985,0.00000000,4172.56000000,1.00000000,pm_quote_from_snapshot,"Options model uses DERIBIT_BTC Deribit live; target month-end expiry 2026-12-31, IV expiry 2026-12-25T08:00:00+00:00, closest-strike IV sample. Hit/reach market uses tested one-touch probability model; incomplete rows fall back to 2x terminal probability. Dip touch probs use put-wing IV plus downside skew uplift (v3). Smart-flow stance: smart wallets net long YES. CME sidecar uses CME_BTC TradingView CME BTC1! options; IV expiry 2026-12-24, closest-strike IV sample."
2026-09-10T02,relative_value_heatmap_v3_one_touch,SOL,what-price-will-solana-hit-before-2027,701580,"Will Solana dip to $20 by December 31, 2026?",December 2026,below,20.00000000,2027-01-01T05:00:00Z,113.12500000,101.00000000,,101.00000000,,,,,,,,,,,,,,,,,missing_cboe,false,,,,,,0.01200000,0.01100000,0.01300000,0.00200000,snapshot,20336.28918000,206429.65539800,,,,,,,,,,no-options-model,,,,false,false,false,no-options,101.00000000,snapshot,-0.01720500,557259769.46000004,0.00000000,-43.45000000,0.00000000,no_listed_options_mapping;pm_quote_from_snapshot,No listed options model is used for this asset. Dip touch probs use put-wing IV plus downside skew uplift (v3). Smart-flow stance: flat / unclassified.
2026-09-10T02,relative_value_heatmap_v3_one_touch,SOL,what-price-will-solana-hit-before-2027,701579,"Will Solana dip to $40 by December 31, 2026?",December 2026,below,40.00000000,2027-01-01T05:00:00Z,113.12500000,101.00000000,,101.00000000,,,,,,,,,,,,,,,,,missing_cboe,false,,,,,,0.06500000,0.06000000,0.07000000,0.01000000,snapshot,23746.20210000,211674.99341100,,,,,,,,,,no-options-model,,,,false,false,false,no-options,101.00000000,snapshot,-0.01720500,557259769.46000004,0.00000000,1522.73000000,1.00000000,no_listed_options_mapping;pm_quote_from_snapshot,No listed options model is used for this asset. Dip touch probs use put-wing IV plus downside skew uplift (v3). Smart-flow stance: smart wallets net long YES.
2026-09-10T02,relative_value_heatmap_v3_one_touch,SOL,what-price-will-solana-hit-before-2027,2467467,"Will Solana dip to $50 by December 31, 2026?",December 2026,below,50.00000000,2027-01-01T05:00:00Z,113.12500000,101.00000000,,101.00000000,,,,,,,,,,,,,,,,,missing_cboe,false,,,,,,0.10500000,0.10000000,0.11000000,0.01000000,snapshot,34687.25750000,114610.97393600,,,,,,,,,,no-options-model,,,,false,false,false,no-options,101.00000000,snapshot,-0.01720500,557259769.46000004,0.00000000,737.69000000,1.00000000,no_listed_options_mapping;pm_quote_from_snapshot,No listed options model is used for this asset. Dip touch probs use put-wing IV plus downside skew uplift (v3). Smart-flow stance: smart wallets net long YES.
2026-09-10T02,relative_value_heatmap_v3_one_touch,SOL,what-price-will-solana-hit-before-2027,701573,"Will Solana reach $160 by December 31, 2026?",December 2026,above,160.00000000,2027-01-01T05:00:00Z,113.12500000,101.00000000,,101.00000000,,,,,,,,,,,,,,,,,missing_cboe,false,,,,,,0.17500000,0.17000000,0.19000000,0.02000000,snapshot,16910.27200000,116718.86916900,0.63125000,0.27722772,cheap_vs_underlying_cap_bearish,,,,,,,no-options-model,,,,false,false,false,no-options,101.00000000,snapshot,-0.01720500,557259769.46000004,0.00000000,-2449.30000000,-1.00000000,no_listed_options_mapping;cheap_vs_underlying_cap_bearish;pm_quote_from_snapshot,No listed options model is used for this asset. Smart-flow stance: smart wallets net short YES / selling YES. Underlying upside cap YES price is 63.1%; PM trades at 28% of cap.
2026-09-10T02,relative_value_heatmap_v3_one_touch,SOL,what-price-will-solana-hit-before-2027,701571,"Will Solana reach $200 by December 31, 2026?",December 2026,above,200.00000000,2027-01-01T05:00:00Z,113.12500000,101.00000000,,101.00000000,,,,,,,,,,,,,,,,,missing_cboe,false,,,,,,0.08500000,0.08000000,0.09000000,0.01000000,snapshot,23628.49800000,57785.74705400,0.50500000,0.16831683,cheap_vs_underlying_cap_bearish,,,,,,,no-options-model,,,,false,false,false,no-options,101.00000000,snapshot,-0.01720500,557259769.46000004,0.00000000,-1315.33000000,-1.00000000,no_listed_options_mapping;cheap_vs_underlying_cap_bearish;pm_quote_from_snapshot,No listed options model is used for this asset. Smart-flow stance: smart wallets net short YES / selling YES. Underlying upside cap YES price is 50.5%; PM trades at 17% of cap.
2026-09-10T02,relative_value_heatmap_v3_one_touch,SOL,what-price-will-solana-hit-before-2027,701570,"Will Solana reach $220 by December 31, 2026?",December 2026,above,220.00000000,2027-01-01T05:00:00Z,113.12500000,101.00000000,,101.00000000,,,,,,,,,,,,,,,,,missing_cboe,false,,,,,,0.06650000,0.05500000,0.07800000,0.02300000,snapshot,20435.25869000,30481.46853100,0.45909091,0.14485149,cheap_vs_underlying_cap_bearish,,,,,,,no-options-model,,,,false,false,false,no-options,101.00000000,snapshot,-0.01720500,557259769.46000004,0.00000000,-1497.65000000,-1.00000000,no_listed_options_mapping;cheap_vs_underlying_cap_bearish;pm_quote_from_snapshot,No listed options model is used for this asset. Smart-flow stance: smart wallets net short YES / selling YES. Underlying upside cap YES price is 45.9%; PM trades at 14% of cap.
2026-09-10T02,relative_value_heatmap_v3_one_touch,SOL,what-price-will-solana-hit-before-2027,701569,"Will Solana reach $240 by December 31, 2026?",December 2026,above,240.00000000,2027-01-01T05:00:00Z,113.12500000,101.00000000,,101.00000000,,,,,,,,,,,,,,,,,missing_cboe,false,,,,,,0.05600000,0.04500000,0.06700000,0.02200000,snapshot,18686.12984000,62816.87630600,0.42083333,0.13306931,cheap_vs_underlying_cap_bearish,,,,,,,no-options-model,,,,false,false,false,no-options,101.00000000,snapshot,-0.01720500,557259769.46000004,0.00000000,-2603.02000000,-1.00000000,no_listed_options_mapping;cheap_vs_underlying_cap_bearish;pm_quote_from_snapshot,No listed options model is used for this asset. Smart-flow stance: smart wallets net short YES / selling YES. Underlying upside cap YES price is 42.1%; PM trades at 13% of cap.
2026-09-10T02,relative_value_heatmap_v3_one_touch,SOL,what-price-will-solana-hit-before-2027,701568,"Will Solana reach $260 by December 31, 2026?",December 2026,above,260.00000000,2027-01-01T05:00:00Z,113.12500000,101.00000000,,101.00000000,,,,,,,,,,,,,,,,,missing_cboe,false,,,,,,0.04400000,0.03600000,0.05200000,0.01600000,snapshot,16916.93939000,28910.76830100,0.38846154,0.11326733,cheap_vs_underlying_cap_bearish,,,,,,,no-options-model,,,,false,false,false,no-options,101.00000000,snapshot,-0.01720500,557259769.46000004,0.00000000,-527.06000000,-1.00000000,no_listed_options_mapping;cheap_vs_underlying_cap_bearish;pm_quote_from_snapshot,No listed options model is used for this asset. Smart-flow stance: smart wallets net short YES / selling YES. Underlying upside cap YES price is 38.8%; PM trades at 11% of cap.
2026-09-10T02,relative_value_heatmap_v3_one_touch,SOL,what-price-will-solana-hit-before-2027,701567,"Will Solana reach $280 by December 31, 2026?",December 2026,above,280.00000000,2027-01-01T05:00:00Z,113.12500000,101.00000000,,101.00000000,,,,,,,,,,,,,,,,,missing_cboe,false,,,,,,0.04400000,0.04000000,0.04800000,0.00800000,snapshot,15882.85669000,32630.64911100,0.36071429,0.12198020,cheap_vs_underlying_cap_bearish,,,,,,,no-options-model,,,,false,false,false,no-options,101.00000000,snapshot,-0.01720500,557259769.46000004,0.00000000,-56.05000000,-1.00000000,no_listed_options_mapping;cheap_vs_underlying_cap_bearish;pm_quote_from_snapshot,No listed options model is used for this asset. Smart-flow stance: smart wallets net short YES / selling YES. Underlying upside cap YES price is 36.1%; PM trades at 12% of cap.
2026-09-10T02,relative_value_heatmap_v3_one_touch,SOL,what-price-will-solana-hit-before-2027,701566,"Will Solana reach $300 by December 31, 2026?",December 2026,above,300.00000000,2027-01-01T05:00:00Z,113.12500000,101.00000000,,101.00000000,,,,,,,,,,,,,,,,,missing_cboe,false,,,,,,0.03600000,0.02300000,0.03100000,0.00800000,snapshot,18776.34977000,36867.81593000,0.33666667,0.10693069,cheap_vs_underlying_cap_bearish,,,,,,,no-options-model,,,,false,false,false,no-options,101.00000000,snapshot,-0.01720500,557259769.46000004,0.00000000,-277.33000000,-1.00000000,no_listed_options_mapping;cheap_vs_underlying_cap_bearish;pm_quote_from_snapshot,No listed options model is used for this asset. Smart-flow stance: smart wallets net short YES / selling YES. Underlying upside cap YES price is 33.7%; PM trades at 11% of cap.
2026-09-10T02,relative_value_heatmap_v3_one_touch,SOL,what-price-will-solana-hit-before-2027,701565,"Will Solana reach $320 by December 31, 2026?",December 2026,above,320.00000000,2027-01-01T05:00:00Z,113.12500000,101.00000000,,101.00000000,,,,,,,,,,,,,,,,,missing_cboe,false,,,,,,0.03050000,0.02400000,0.03700000,0.01300000,snapshot,20971.68639000,120162.38555800,0.31562500,0.09663366,cheap_vs_underlying_cap_bearish,,,,,,,no-options-model,,,,false,false,false,no-options,101.00000000,snapshot,-0.01720500,557259769.46000004,0.00000000,-485.39000000,-1.00000000,no_listed_options_mapping;cheap_vs_underlying_cap_bearish;pm_quote_from_snapshot,No listed options model is used for this asset. Smart-flow stance: smart wallets net short YES / selling YES. Underlying upside cap YES price is 31.6%; PM trades at 10% of cap.
2026-09-10T02,relative_value_heatmap_v3_one_touch,SOL,what-price-will-solana-hit-before-2027,701564,"Will Solana reach $400 by December 31, 2026?",December 2026,above,400.00000000,2027-01-01T05:00:00Z,113.12500000,101.00000000,,101.00000000,,,,,,,,,,,,,,,,,missing_cboe,false,,,,,,0.02800000,0.02600000,0.03000000,0.00400000,snapshot,20166.14983000,65445.08456900,0.25250000,0.11089109,cheap_vs_underlying_cap_bearish,,,,,,,no-options-model,,,,false,false,false,no-options,101.00000000,snapshot,-0.01720500,557259769.46000004,0.00000000,-10.12000000,0.00000000,no_listed_options_mapping;cheap_vs_underlying_cap_bearish;pm_quote_from_snapshot,No listed options model is used for this asset. Smart-flow stance: flat / unclassified. Underlying upside cap YES price is 25.2%; PM trades at 11% of cap.
2026-09-10T02,relative_value_heatmap_v3_one_touch,SOL,what-price-will-solana-hit-before-2027,701563,"Will Solana reach $600 by December 31, 2026?",December 2026,above,600.00000000,2027-01-01T05:00:00Z,113.12500000,101.00000000,,101.00000000,,,,,,,,,,,,,,,,,missing_cboe,false,,,,,,0.00850000,0.00700000,0.01000000,0.00300000,snapshot,38000.32192000,145349.69861800,0.16833333,0.05049505,cheap_vs_underlying_cap_bearish,,,,,,,no-options-model,,,,false,false,false,no-options,101.00000000,snapshot,-0.01720500,557259769.46000004,0.00000000,-0.00000000,0.00000000,no_listed_options_mapping;cheap_vs_underlying_cap_bearish;pm_quote_from_snapshot,No listed options model is used for this asset. Smart-flow stance: flat / unclassified. Underlying upside cap YES price is 16.8%; PM trades at 5% of cap.
