timestamp,model_version,asset,event_slug,market_id,contract_question,contract_month,direction,strike,expiry,dte_days,spot,option_symbol,option_underlying,option_source,iv_resolution,option_iv,pm_iv,options_terminal_prob,options_touch_adjusted_prob,pm_yes_price,pm_best_bid,pm_best_ask,pm_spread,pm_quote_source,liquidity,volume,underlying_cap_yes_price,pm_to_underlying_cap_ratio,underlying_cap_signal,settlement_yes_sum,settlement_overround,settlement_tail_yes,settlement_skew_yes,buy_yes_edge_pts,sell_yes_edge_pts,best_expression,edge_score,edge_pts_per_dte,edge_pts_per_dte_7d_change,eligible_displayable,eligible_for_shadow,eligible_for_backtest,edge_bucket,perp_mark,perp_source,perp_funding_ann,perp_oi_usd,perp_basis_pct,flags,notes
2026-05-12T22,relative_value_heatmap_v2_one_touch,OIL,what-price-will-wti-hit-in-may-2026,2230536,Will WTI Crude Oil (WTI) hit (LOW) $90 in May?,May 2026,below,90.00000000,2026-06-01T03:59:59.999Z,19.24999999,98.91200000,OIL_VALUATION_IV,98.91200000,,valuations_fallback,0.64800000,0.56300000,0.26561322,0.44596496,0.61000000,0.60000000,0.62000000,0.02000000,live_clob,16520.93920000,13909.29039400,,,,,,,,-17.40350430,15.40350430,sell_yes_or_buy_no,-15.40350430,-0.80018204,,true,false,false,short-rich-tail,98.90400000,live_hyperliquid_xyz_cl,-0.72555313,178164729.37473601,-0.00808800,extreme_perp_funding,Options model falls back to latest oil_opt_iv_30d from daily-valuations.csv. Hit/reach market uses tested one-touch probability model; incomplete rows fall back to 2x terminal probability. Polymarket quote refreshed from live CLOB during heatmap generation.
2026-05-12T22,relative_value_heatmap_v2_one_touch,OIL,what-price-will-wti-hit-in-may-2026,2182203,Will WTI Crude Oil (WTI) hit (HIGH) $105 in May?,May 2026,above,105.00000000,2026-06-01T03:59:59.999Z,19.24999999,98.91200000,OIL_VALUATION_IV,98.91200000,,valuations_fallback,0.64800000,0.56300000,0.30603419,0.71056390,0.81500000,0.81000000,0.82000000,0.01000000,live_clob,53908.72070000,228356.04391900,0.94201905,0.86516297,near_underlying_cap_bullish,,,,,-10.94360982,9.94360982,sell_yes_or_buy_no,-9.94360982,-0.51655116,,true,false,false,mild-short-rich-tail,98.90400000,live_hyperliquid_xyz_cl,-0.72555313,178164729.37473601,-0.00808800,extreme_perp_funding;near_underlying_cap_bullish,Options model falls back to latest oil_opt_iv_30d from daily-valuations.csv. Hit/reach market uses tested one-touch probability model; incomplete rows fall back to 2x terminal probability. Polymarket quote refreshed from live CLOB during heatmap generation. Underlying upside cap YES price is 94.2%; PM trades at 87% of cap.
2026-05-12T22,relative_value_heatmap_v2_one_touch,OIL,what-price-will-wti-hit-in-may-2026,2230535,Will WTI Crude Oil (WTI) hit (LOW) $95 in May?,May 2026,below,95.00000000,2026-06-01T03:59:59.999Z,19.24999999,98.91200000,OIL_VALUATION_IV,98.91200000,,valuations_fallback,0.64800000,0.56300000,0.40956933,0.71535232,0.81500000,0.81000000,0.82000000,0.01000000,live_clob,17787.36680000,24426.87581400,,,,,,,,-10.46476806,9.46476806,sell_yes_or_buy_no,-9.46476806,-0.49167626,,true,false,false,mild-short-rich-tail,98.90400000,live_hyperliquid_xyz_cl,-0.72555313,178164729.37473601,-0.00808800,extreme_perp_funding,Options model falls back to latest oil_opt_iv_30d from daily-valuations.csv. Hit/reach market uses tested one-touch probability model; incomplete rows fall back to 2x terminal probability. Polymarket quote refreshed from live CLOB during heatmap generation.
2026-05-12T22,relative_value_heatmap_v2_one_touch,OIL,what-price-will-wti-hit-in-may-2026,2074237,Will WTI Crude Oil (WTI) hit (HIGH) $110 in May?,May 2026,above,110.00000000,2026-06-01T03:59:59.999Z,19.24999999,98.91200000,OIL_VALUATION_IV,98.91200000,,valuations_fallback,0.64800000,0.56300000,0.19790700,0.47578598,0.57500000,0.57000000,0.58000000,0.01000000,live_clob,70609.73630000,1778719.46485100,0.89920000,0.63945730,mid_underlying_cap_ratio,,,,,-10.42140206,9.42140206,sell_yes_or_buy_no,-9.42140206,-0.48942348,,true,false,false,mild-short-rich-tail,98.90400000,live_hyperliquid_xyz_cl,-0.72555313,178164729.37473601,-0.00808800,extreme_perp_funding,Options model falls back to latest oil_opt_iv_30d from daily-valuations.csv. Hit/reach market uses tested one-touch probability model; incomplete rows fall back to 2x terminal probability. Polymarket quote refreshed from live CLOB during heatmap generation. Underlying upside cap YES price is 89.9%; PM trades at 64% of cap.
2026-05-12T22,relative_value_heatmap_v2_one_touch,OIL,what-price-will-wti-hit-in-may-2026,2132637,Will WTI Crude Oil (WTI) hit (LOW) $85 in May?,May 2026,below,85.00000000,2026-06-01T03:59:59.999Z,19.24999999,98.91200000,OIL_VALUATION_IV,98.91200000,,valuations_fallback,0.64800000,0.56300000,0.14770153,0.23706030,0.33500000,0.33000000,0.34000000,0.01000000,live_clob,23979.61420000,416865.99029500,,,,,,,,-10.29397035,9.29397035,sell_yes_or_buy_no,-9.29397035,-0.48280365,,true,false,false,mild-short-rich-tail,98.90400000,live_hyperliquid_xyz_cl,-0.72555313,178164729.37473601,-0.00808800,extreme_perp_funding,Options model falls back to latest oil_opt_iv_30d from daily-valuations.csv. Hit/reach market uses tested one-touch probability model; incomplete rows fall back to 2x terminal probability. Polymarket quote refreshed from live CLOB during heatmap generation.
2026-05-12T22,relative_value_heatmap_v2_one_touch,GOLD,what-price-will-xauusd-hit-in-may-2026,2074203,"Will Gold (XAUUSD) hit (HIGH) $4,900 in May?",May 2026,above,4900.00000000,2026-06-01T03:59:59.999Z,19.24999999,4714.80000000,GOLD_VALUATION_IV,4714.80000000,,valuations_fallback,0.23800000,0.21800000,0.21296436,0.45553561,0.37500000,0.37000000,0.38000000,0.01000000,live_clob,10341.66880000,36587.59723100,0.96220408,0.38973021,mid_underlying_cap_ratio,,,,,7.55356103,-8.55356103,buy_yes,7.55356103,0.39239278,,true,false,true,mild-long-tail,4714.80000000,snapshot,0.05475000,127862542.41000000,0.00000000,,Options model falls back to latest gold_opt_iv_30d from daily-valuations.csv. Hit/reach market uses tested one-touch probability model; incomplete rows fall back to 2x terminal probability. Polymarket quote refreshed from live CLOB during heatmap generation. Underlying upside cap YES price is 96.2%; PM trades at 39% of cap.
2026-05-12T22,relative_value_heatmap_v2_one_touch,OIL,what-price-will-wti-hit-in-may-2026,2074236,Will WTI Crude Oil (WTI) hit (HIGH) $120 in May?,May 2026,above,120.00000000,2026-06-01T03:59:59.999Z,19.24999999,98.91200000,OIL_VALUATION_IV,98.91200000,,valuations_fallback,0.64800000,0.56300000,0.06827054,0.17612858,0.25500000,0.25000000,0.26000000,0.01000000,live_clob,106017.11840000,1212864.47142600,0.82426667,0.30936590,cheap_vs_underlying_cap_bearish,,,,,-8.38714213,7.38714213,sell_yes_or_buy_no,-7.38714213,-0.38374764,,true,false,false,mild-short-rich-tail,98.90400000,live_hyperliquid_xyz_cl,-0.72555313,178164729.37473601,-0.00808800,extreme_perp_funding;cheap_vs_underlying_cap_bearish,Options model falls back to latest oil_opt_iv_30d from daily-valuations.csv. Hit/reach market uses tested one-touch probability model; incomplete rows fall back to 2x terminal probability. Polymarket quote refreshed from live CLOB during heatmap generation. Underlying upside cap YES price is 82.4%; PM trades at 31% of cap.
2026-05-12T22,relative_value_heatmap_v2_one_touch,GOLD,what-price-will-xauusd-hit-in-may-2026,2074202,"Will Gold (XAUUSD) hit (HIGH) $5,000 in May?",May 2026,above,5000.00000000,2026-06-01T03:59:59.999Z,19.24999999,4714.80000000,GOLD_VALUATION_IV,4714.80000000,,valuations_fallback,0.23800000,0.21800000,0.11496115,0.24989705,0.16500000,0.15000000,0.18000000,0.03000000,live_clob,2898.25450000,20152.64196800,0.94296000,0.17498091,cheap_vs_underlying_cap_bearish,,,,,6.98970537,-9.98970537,buy_yes,6.98970537,0.36310158,,true,false,false,mild-long-tail,4714.80000000,snapshot,0.05475000,127862542.41000000,0.00000000,cheap_vs_underlying_cap_bearish,Options model falls back to latest gold_opt_iv_30d from daily-valuations.csv. Hit/reach market uses tested one-touch probability model; incomplete rows fall back to 2x terminal probability. Polymarket quote refreshed from live CLOB during heatmap generation. Underlying upside cap YES price is 94.3%; PM trades at 17% of cap.
2026-05-12T22,relative_value_heatmap_v2_one_touch,OIL,what-price-will-wti-hit-in-may-2026,2074235,Will WTI Crude Oil (WTI) hit (HIGH) $130 in May?,May 2026,above,130.00000000,2026-06-01T03:59:59.999Z,19.24999999,98.91200000,OIL_VALUATION_IV,98.91200000,,valuations_fallback,0.64800000,0.56300000,0.01888970,0.05223212,0.12500000,0.12000000,0.13000000,0.01000000,live_clob,96707.84560000,1139204.78701500,0.76086154,0.16428745,cheap_vs_underlying_cap_bearish,,,,,-7.77678840,6.77678840,sell_yes_or_buy_no,-6.77678840,-0.35204096,,true,false,false,mild-short-rich-tail,98.90400000,live_hyperliquid_xyz_cl,-0.72555313,178164729.37473601,-0.00808800,extreme_perp_funding;cheap_vs_underlying_cap_bearish,Options model falls back to latest oil_opt_iv_30d from daily-valuations.csv. Hit/reach market uses tested one-touch probability model; incomplete rows fall back to 2x terminal probability. Polymarket quote refreshed from live CLOB during heatmap generation. Underlying upside cap YES price is 76.1%; PM trades at 16% of cap.
2026-05-12T22,relative_value_heatmap_v2_one_touch,OIL,what-price-will-wti-hit-in-may-2026,2132638,Will WTI Crude Oil (WTI) hit (HIGH) $115 in May?,May 2026,above,115.00000000,2026-06-01T03:59:59.999Z,19.24999999,98.91200000,OIL_VALUATION_IV,98.91200000,,valuations_fallback,0.64800000,0.56300000,0.11981469,0.29839132,0.37000000,0.36000000,0.38000000,0.02000000,live_clob,67178.16380000,629888.64581500,0.86010435,0.43018036,mid_underlying_cap_ratio,,,,,-8.16086807,6.16086807,sell_yes_or_buy_no,-6.16086807,-0.32004509,,true,false,false,mild-short-rich-tail,98.90400000,live_hyperliquid_xyz_cl,-0.72555313,178164729.37473601,-0.00808800,extreme_perp_funding,Options model falls back to latest oil_opt_iv_30d from daily-valuations.csv. Hit/reach market uses tested one-touch probability model; incomplete rows fall back to 2x terminal probability. Polymarket quote refreshed from live CLOB during heatmap generation. Underlying upside cap YES price is 86.0%; PM trades at 43% of cap.
2026-05-12T22,relative_value_heatmap_v2_one_touch,OIL,what-price-will-wti-hit-in-may-2026,2074240,Will WTI Crude Oil (WTI) hit (LOW) $80 in May?,May 2026,below,80.00000000,2026-06-01T03:59:59.999Z,19.24999999,98.91200000,OIL_VALUATION_IV,98.91200000,,valuations_fallback,0.64800000,0.56300000,0.06784541,0.10351300,0.16500000,0.16000000,0.17000000,0.01000000,live_clob,32741.61280000,481034.73604300,,,,,,,,-6.64870024,5.64870024,sell_yes_or_buy_no,-5.64870024,-0.29343897,,true,false,false,mild-short-rich-tail,98.90400000,live_hyperliquid_xyz_cl,-0.72555313,178164729.37473601,-0.00808800,extreme_perp_funding,Options model falls back to latest oil_opt_iv_30d from daily-valuations.csv. Hit/reach market uses tested one-touch probability model; incomplete rows fall back to 2x terminal probability. Polymarket quote refreshed from live CLOB during heatmap generation.
2026-05-12T22,relative_value_heatmap_v2_one_touch,GOLD,what-price-will-xauusd-hit-in-may-2026,2074201,"Will Gold (XAUUSD) hit (HIGH) $5,100 in May?",May 2026,above,5100.00000000,2026-06-01T03:59:59.999Z,19.24999999,4714.80000000,GOLD_VALUATION_IV,4714.80000000,,valuations_fallback,0.23800000,0.21800000,0.05514041,0.12186984,0.06000000,0.05000000,0.07000000,0.02000000,live_clob,3429.69090000,12373.47230100,0.92447059,0.06490201,cheap_vs_underlying_cap_bearish,,,,,5.18698431,-7.18698431,buy_yes,5.18698431,0.26945373,,true,false,false,mild-long-tail,4714.80000000,snapshot,0.05475000,127862542.41000000,0.00000000,cheap_vs_underlying_cap_bearish,Options model falls back to latest gold_opt_iv_30d from daily-valuations.csv. Hit/reach market uses tested one-touch probability model; incomplete rows fall back to 2x terminal probability. Polymarket quote refreshed from live CLOB during heatmap generation. Underlying upside cap YES price is 92.4%; PM trades at 6% of cap.
2026-05-12T22,relative_value_heatmap_v2_one_touch,GOLD,what-price-will-xauusd-hit-in-may-2026,2182292,"Will Gold (XAUUSD) hit (LOW) $4,600 in May?",May 2026,below,4600.00000000,2026-06-01T03:59:59.999Z,19.24999999,4714.80000000,GOLD_VALUATION_IV,4714.80000000,,valuations_fallback,0.23800000,0.21800000,0.31974098,0.60419123,0.53500000,0.51000000,0.56000000,0.05000000,live_clob,1235.79820000,10156.45292000,,,,,,,,4.41912309,-9.41912309,buy_yes,4.41912309,0.22956484,,false,false,false,near-fair,4714.80000000,snapshot,0.05475000,127862542.41000000,0.00000000,wide_pm_spread,Options model falls back to latest gold_opt_iv_30d from daily-valuations.csv. Hit/reach market uses tested one-touch probability model; incomplete rows fall back to 2x terminal probability. Polymarket quote refreshed from live CLOB during heatmap generation.
2026-05-12T22,relative_value_heatmap_v2_one_touch,OIL,what-price-will-wti-hit-in-may-2026,2074241,Will WTI Crude Oil (WTI) hit (LOW) $70 in May?,May 2026,below,70.00000000,2026-06-01T03:59:59.999Z,19.24999999,98.91200000,OIL_VALUATION_IV,98.91200000,,valuations_fallback,0.64800000,0.56300000,0.00668601,0.00906140,0.05500000,0.05000000,0.06000000,0.01000000,live_clob,69226.54500000,691431.61177900,,,,,,,,-5.09386000,4.09386000,sell_yes_or_buy_no,-4.09386000,-0.21266805,,true,false,false,near-fair,98.90400000,live_hyperliquid_xyz_cl,-0.72555313,178164729.37473601,-0.00808800,extreme_perp_funding,Options model falls back to latest oil_opt_iv_30d from daily-valuations.csv. Hit/reach market uses tested one-touch probability model; incomplete rows fall back to 2x terminal probability. Polymarket quote refreshed from live CLOB during heatmap generation.
2026-05-12T22,relative_value_heatmap_v2_one_touch,GOLD,what-price-will-xauusd-hit-in-may-2026,2182293,"Will Gold (XAUUSD) hit (HIGH) $4,850 in May?",May 2026,above,4850.00000000,2026-06-01T03:59:59.999Z,19.24999999,4714.80000000,GOLD_VALUATION_IV,4714.80000000,,valuations_fallback,0.23800000,0.21800000,0.27729985,0.58856125,0.54000000,0.53000000,0.55000000,0.02000000,live_clob,1764.09090000,14559.28544700,0.97212371,0.55548486,mid_underlying_cap_ratio,,,,,3.85612506,-5.85612506,buy_yes,3.85612506,0.20031818,,true,false,false,near-fair,4714.80000000,snapshot,0.05475000,127862542.41000000,0.00000000,,Options model falls back to latest gold_opt_iv_30d from daily-valuations.csv. Hit/reach market uses tested one-touch probability model; incomplete rows fall back to 2x terminal probability. Polymarket quote refreshed from live CLOB during heatmap generation. Underlying upside cap YES price is 97.2%; PM trades at 56% of cap.
2026-05-12T22,relative_value_heatmap_v2_one_touch,OIL,what-price-will-wti-hit-in-may-2026,2074234,Will WTI Crude Oil (WTI) hit (HIGH) $140 in May?,May 2026,above,140.00000000,2026-06-01T03:59:59.999Z,19.24999999,98.91200000,OIL_VALUATION_IV,98.91200000,,valuations_fallback,0.64800000,0.56300000,0.00437008,0.01291771,0.05050000,0.05000000,0.05100000,0.00100000,live_clob,139943.82042000,1199391.98288400,0.70651429,0.07147768,cheap_vs_underlying_cap_bearish,,,,,-3.80822856,3.70822856,sell_yes_or_buy_no,-3.70822856,-0.19263525,,true,false,false,near-fair,98.90400000,live_hyperliquid_xyz_cl,-0.72555313,178164729.37473601,-0.00808800,extreme_perp_funding;cheap_vs_underlying_cap_bearish,Options model falls back to latest oil_opt_iv_30d from daily-valuations.csv. Hit/reach market uses tested one-touch probability model; incomplete rows fall back to 2x terminal probability. Polymarket quote refreshed from live CLOB during heatmap generation. Underlying upside cap YES price is 70.7%; PM trades at 7% of cap.
2026-05-12T22,relative_value_heatmap_v2_one_touch,GOLD,what-price-will-xauusd-hit-in-may-2026,2074207,"Will Gold (XAUUSD) hit (LOW) $4,500 in May?",May 2026,below,4500.00000000,2026-06-01T03:59:59.999Z,19.24999999,4714.80000000,GOLD_VALUATION_IV,4714.80000000,,valuations_fallback,0.23800000,0.21800000,0.18184476,0.33790305,0.39000000,0.37000000,0.41000000,0.04000000,live_clob,11269.82940000,54148.00457300,,,,,,,,-7.20969532,3.20969532,sell_yes_or_buy_no,-3.20969532,-0.16673742,,true,false,false,near-fair,4714.80000000,snapshot,0.05475000,127862542.41000000,0.00000000,,Options model falls back to latest gold_opt_iv_30d from daily-valuations.csv. Hit/reach market uses tested one-touch probability model; incomplete rows fall back to 2x terminal probability. Polymarket quote refreshed from live CLOB during heatmap generation.
2026-05-12T22,relative_value_heatmap_v2_one_touch,GOLD,what-price-will-xauusd-hit-in-may-2026,2074208,"Will Gold (XAUUSD) hit (LOW) $4,400 in May?",May 2026,below,4400.00000000,2026-06-01T03:59:59.999Z,19.24999999,4714.80000000,GOLD_VALUATION_IV,4714.80000000,,valuations_fallback,0.23800000,0.21800000,0.08720357,0.15909028,0.20000000,0.19000000,0.21000000,0.02000000,live_clob,2970.18690000,31522.44707800,,,,,,,,-5.09097178,3.09097178,sell_yes_or_buy_no,-3.09097178,-0.16056996,,true,false,false,near-fair,4714.80000000,snapshot,0.05475000,127862542.41000000,0.00000000,,Options model falls back to latest gold_opt_iv_30d from daily-valuations.csv. Hit/reach market uses tested one-touch probability model; incomplete rows fall back to 2x terminal probability. Polymarket quote refreshed from live CLOB during heatmap generation.
2026-05-12T22,relative_value_heatmap_v2_one_touch,OIL,what-price-will-wti-hit-in-may-2026,2074233,Will WTI Crude Oil (WTI) hit (HIGH) $150 in May?,May 2026,above,150.00000000,2026-06-01T03:59:59.999Z,19.24999999,98.91200000,OIL_VALUATION_IV,98.91200000,,valuations_fallback,0.64800000,0.56300000,0.00087622,0.00276033,0.03050000,0.03000000,0.03100000,0.00100000,live_clob,210559.32328000,2060276.70963101,0.65941333,0.04625324,cheap_vs_underlying_cap_bearish,,,,,-2.82396704,2.72396704,sell_yes_or_buy_no,-2.72396704,-0.14150478,,true,false,false,near-fair,98.90400000,live_hyperliquid_xyz_cl,-0.72555313,178164729.37473601,-0.00808800,extreme_perp_funding;cheap_vs_underlying_cap_bearish,Options model falls back to latest oil_opt_iv_30d from daily-valuations.csv. Hit/reach market uses tested one-touch probability model; incomplete rows fall back to 2x terminal probability. Polymarket quote refreshed from live CLOB during heatmap generation. Underlying upside cap YES price is 65.9%; PM trades at 5% of cap.
2026-05-12T22,relative_value_heatmap_v2_one_touch,OIL,what-price-will-wti-hit-in-may-2026,2074242,Will WTI Crude Oil (WTI) hit (LOW) $60 in May?,May 2026,below,60.00000000,2026-06-01T03:59:59.999Z,19.24999999,98.91200000,OIL_VALUATION_IV,98.91200000,,valuations_fallback,0.64800000,0.56300000,0.00015490,0.00018185,0.02150000,0.02100000,0.02200000,0.00100000,live_clob,102163.70452000,349698.97323300,,,,,,,,-2.18181544,2.08181544,sell_yes_or_buy_no,-2.08181544,-0.10814626,,true,false,false,near-fair,98.90400000,live_hyperliquid_xyz_cl,-0.72555313,178164729.37473601,-0.00808800,extreme_perp_funding,Options model falls back to latest oil_opt_iv_30d from daily-valuations.csv. Hit/reach market uses tested one-touch probability model; incomplete rows fall back to 2x terminal probability. Polymarket quote refreshed from live CLOB during heatmap generation.
2026-05-12T22,relative_value_heatmap_v2_one_touch,GOLD,what-price-will-xauusd-hit-in-may-2026,2074200,"Will Gold (XAUUSD) hit (HIGH) $5,200 in May?",May 2026,above,5200.00000000,2026-06-01T03:59:59.999Z,19.24999999,4714.80000000,GOLD_VALUATION_IV,4714.80000000,,valuations_fallback,0.23800000,0.21800000,0.02353842,0.05291073,0.03200000,0.02700000,0.03700000,0.01000000,live_clob,12466.96915000,10693.83361000,0.90669231,0.03529312,cheap_vs_underlying_cap_bearish,,,,,1.59107338,-2.59107338,buy_yes,1.59107338,0.08265316,,true,false,false,near-fair,4714.80000000,snapshot,0.05475000,127862542.41000000,0.00000000,cheap_vs_underlying_cap_bearish,Options model falls back to latest gold_opt_iv_30d from daily-valuations.csv. Hit/reach market uses tested one-touch probability model; incomplete rows fall back to 2x terminal probability. Polymarket quote refreshed from live CLOB during heatmap generation. Underlying upside cap YES price is 90.7%; PM trades at 4% of cap.
2026-05-12T22,relative_value_heatmap_v2_one_touch,GOLD,what-price-will-xauusd-hit-in-may-2026,2074204,"Will Gold (XAUUSD) hit (HIGH) $4,800 in May?",May 2026,above,4800.00000000,2026-06-01T03:59:59.999Z,19.24999999,4714.80000000,GOLD_VALUATION_IV,4714.80000000,,valuations_fallback,0.23800000,0.21800000,0.35069004,0.73875794,0.72500000,0.70000000,0.75000000,0.05000000,live_clob,1638.06280000,46246.80197500,0.98225000,0.73810130,mid_underlying_cap_ratio,,,,,-1.12420622,-3.87579378,avoid_buy_yes,-1.12420622,-0.05840032,,false,false,false,near-fair,4714.80000000,snapshot,0.05475000,127862542.41000000,0.00000000,wide_pm_spread,Options model falls back to latest gold_opt_iv_30d from daily-valuations.csv. Hit/reach market uses tested one-touch probability model; incomplete rows fall back to 2x terminal probability. Polymarket quote refreshed from live CLOB during heatmap generation. Underlying upside cap YES price is 98.2%; PM trades at 74% of cap.
2026-05-12T22,relative_value_heatmap_v2_one_touch,GOLD,what-price-will-xauusd-hit-in-may-2026,2182301,"Will Gold (XAUUSD) hit (LOW) $4,550 in May?",May 2026,below,4550.00000000,2026-06-01T03:59:59.999Z,19.24999999,4714.80000000,GOLD_VALUATION_IV,4714.80000000,,valuations_fallback,0.23800000,0.21800000,0.24598415,0.46103652,0.42000000,0.39000000,0.45000000,0.06000000,live_clob,3585.44810000,22269.02232100,,,,,,,,1.10365226,-7.10365226,buy_yes,1.10365226,0.05733258,,false,false,false,near-fair,4714.80000000,snapshot,0.05475000,127862542.41000000,0.00000000,wide_pm_spread,Options model falls back to latest gold_opt_iv_30d from daily-valuations.csv. Hit/reach market uses tested one-touch probability model; incomplete rows fall back to 2x terminal probability. Polymarket quote refreshed from live CLOB during heatmap generation.
2026-05-12T22,relative_value_heatmap_v2_one_touch,GOLD,what-price-will-xauusd-hit-in-may-2026,2074211,"Will Gold (XAUUSD) hit (LOW) $4,100 in May?",May 2026,below,4100.00000000,2026-06-01T03:59:59.999Z,19.24999999,4714.80000000,GOLD_VALUATION_IV,4714.80000000,,valuations_fallback,0.23800000,0.21800000,0.00278845,0.00477799,0.01700000,0.01500000,0.01900000,0.00400000,live_clob,10357.13630000,14906.21391800,,,,,,,,-1.42220104,1.02220104,sell_yes_or_buy_no,-1.02220104,-0.05310135,,true,false,false,near-fair,4714.80000000,snapshot,0.05475000,127862542.41000000,0.00000000,,Options model falls back to latest gold_opt_iv_30d from daily-valuations.csv. Hit/reach market uses tested one-touch probability model; incomplete rows fall back to 2x terminal probability. Polymarket quote refreshed from live CLOB during heatmap generation.
2026-05-12T22,relative_value_heatmap_v2_one_touch,OIL,what-price-will-wti-hit-in-may-2026,2128304,Will WTI Crude Oil (WTI) hit (HIGH) $200 in May?,May 2026,above,200.00000000,2026-06-01T03:59:59.999Z,19.24999999,98.91200000,OIL_VALUATION_IV,98.91200000,,valuations_fallback,0.64800000,0.56300000,0.00000008,0.00000033,0.00750000,0.00700000,0.00800000,0.00100000,live_clob,550172.05857000,1830442.37088500,0.49456000,0.01516500,cheap_vs_underlying_cap_bearish,,,,,-0.79996747,0.69996747,sell_yes_or_buy_no,-0.69996747,-0.03636195,,true,false,false,near-fair,98.90400000,live_hyperliquid_xyz_cl,-0.72555313,178164729.37473601,-0.00808800,extreme_perp_funding;cheap_vs_underlying_cap_bearish,Options model falls back to latest oil_opt_iv_30d from daily-valuations.csv. Hit/reach market uses tested one-touch probability model; incomplete rows fall back to 2x terminal probability. Polymarket quote refreshed from live CLOB during heatmap generation. Underlying upside cap YES price is 49.5%; PM trades at 2% of cap.
2026-05-12T22,relative_value_heatmap_v2_one_touch,OIL,what-price-will-wti-hit-in-may-2026,2074243,Will WTI Crude Oil (WTI) hit (LOW) $50 in May?,May 2026,below,50.00000000,2026-06-01T03:59:59.999Z,19.24999999,98.91200000,OIL_VALUATION_IV,98.91200000,,valuations_fallback,0.64800000,0.56300000,0.00000038,0.00000038,0.00700000,0.00600000,0.00800000,0.00200000,live_clob,38692.27591000,36768.14942500,,,,,,,,-0.79996238,0.59996238,sell_yes_or_buy_no,-0.59996238,-0.03116688,,true,false,false,near-fair,98.90400000,live_hyperliquid_xyz_cl,-0.72555313,178164729.37473601,-0.00808800,extreme_perp_funding,Options model falls back to latest oil_opt_iv_30d from daily-valuations.csv. Hit/reach market uses tested one-touch probability model; incomplete rows fall back to 2x terminal probability. Polymarket quote refreshed from live CLOB during heatmap generation.
2026-05-12T22,relative_value_heatmap_v2_one_touch,GOLD,what-price-will-xauusd-hit-in-may-2026,2074198,"Will Gold (XAUUSD) hit (HIGH) $5,400 in May?",May 2026,above,5400.00000000,2026-06-01T03:59:59.999Z,19.24999999,4714.80000000,GOLD_VALUATION_IV,4714.80000000,,valuations_fallback,0.23800000,0.21800000,0.00306238,0.00712240,0.01800000,0.01300000,0.02300000,0.01000000,live_clob,11665.28636000,10132.66759500,0.87311111,0.02061593,cheap_vs_underlying_cap_bearish,,,,,-1.58775980,0.58775980,sell_yes_or_buy_no,-0.58775980,-0.03053298,,true,false,false,near-fair,4714.80000000,snapshot,0.05475000,127862542.41000000,0.00000000,cheap_vs_underlying_cap_bearish,Options model falls back to latest gold_opt_iv_30d from daily-valuations.csv. Hit/reach market uses tested one-touch probability model; incomplete rows fall back to 2x terminal probability. Polymarket quote refreshed from live CLOB during heatmap generation. Underlying upside cap YES price is 87.3%; PM trades at 2% of cap.
2026-05-12T22,relative_value_heatmap_v2_one_touch,OIL,what-price-will-wti-hit-in-may-2026,2074244,Will WTI Crude Oil (WTI) hit (LOW) $40 in May?,May 2026,below,40.00000000,2026-06-01T03:59:59.999Z,19.24999999,98.91200000,OIL_VALUATION_IV,98.91200000,,valuations_fallback,0.64800000,0.56300000,0.00000000,0.00000000,0.00400000,0.00300000,0.00500000,0.00200000,live_clob,25345.07588000,18686.35255200,,,,,,,,-0.50000000,0.30000000,sell_yes_or_buy_no,-0.30000000,-0.01558442,,true,false,false,near-fair,98.90400000,live_hyperliquid_xyz_cl,-0.72555313,178164729.37473601,-0.00808800,extreme_perp_funding,Options model falls back to latest oil_opt_iv_30d from daily-valuations.csv. Hit/reach market uses tested one-touch probability model; incomplete rows fall back to 2x terminal probability. Polymarket quote refreshed from live CLOB during heatmap generation.
2026-05-12T22,relative_value_heatmap_v2_one_touch,GOLD,what-price-will-xauusd-hit-in-may-2026,2074210,"Will Gold (XAUUSD) hit (LOW) $4,200 in May?",May 2026,below,4200.00000000,2026-06-01T03:59:59.999Z,19.24999999,4714.80000000,GOLD_VALUATION_IV,4714.80000000,,valuations_fallback,0.23800000,0.21800000,0.01103004,0.01932036,0.03050000,0.02200000,0.03900000,0.01700000,live_clob,9614.76711000,10456.56270000,,,,,,,,-1.96796369,0.26796369,sell_yes_or_buy_no,-0.26796369,-0.01392019,,true,false,false,near-fair,4714.80000000,snapshot,0.05475000,127862542.41000000,0.00000000,,Options model falls back to latest gold_opt_iv_30d from daily-valuations.csv. Hit/reach market uses tested one-touch probability model; incomplete rows fall back to 2x terminal probability. Polymarket quote refreshed from live CLOB during heatmap generation.
2026-05-12T22,relative_value_heatmap_v2_one_touch,GOLD,what-price-will-xauusd-hit-in-may-2026,2074199,"Will Gold (XAUUSD) hit (HIGH) $5,300 in May?",May 2026,above,5300.00000000,2026-06-01T03:59:59.999Z,19.24999999,4714.80000000,GOLD_VALUATION_IV,4714.80000000,,valuations_fallback,0.23800000,0.21800000,0.00896936,0.02050803,0.03450000,0.02300000,0.04600000,0.02300000,live_clob,5105.71443000,3655.80107600,0.88958491,0.03878213,cheap_vs_underlying_cap_bearish,,,,,-2.54919686,0.24919686,sell_yes_or_buy_no,-0.24919686,-0.01294529,,true,false,false,near-fair,4714.80000000,snapshot,0.05475000,127862542.41000000,0.00000000,cheap_vs_underlying_cap_bearish,Options model falls back to latest gold_opt_iv_30d from daily-valuations.csv. Hit/reach market uses tested one-touch probability model; incomplete rows fall back to 2x terminal probability. Polymarket quote refreshed from live CLOB during heatmap generation. Underlying upside cap YES price is 89.0%; PM trades at 4% of cap.
2026-05-12T22,relative_value_heatmap_v2_one_touch,GOLD,what-price-will-xauusd-hit-in-may-2026,2074209,"Will Gold (XAUUSD) hit (LOW) $4,300 in May?",May 2026,below,4300.00000000,2026-06-01T03:59:59.999Z,19.24999999,4714.80000000,GOLD_VALUATION_IV,4714.80000000,,valuations_fallback,0.23800000,0.21800000,0.03450603,0.06172022,0.05500000,0.05000000,0.06000000,0.01000000,live_clob,3263.59030000,14437.04277300,,,,,,,,0.17202173,-1.17202173,buy_yes,0.17202173,0.00893619,,true,false,false,near-fair,4714.80000000,snapshot,0.05475000,127862542.41000000,0.00000000,,Options model falls back to latest gold_opt_iv_30d from daily-valuations.csv. Hit/reach market uses tested one-touch probability model; incomplete rows fall back to 2x terminal probability. Polymarket quote refreshed from live CLOB during heatmap generation.
2026-05-12T22,relative_value_heatmap_v2_one_touch,OIL,what-price-will-wti-hit-in-may-2026,2074246,Will WTI Crude Oil (WTI) hit (LOW) $20 in May?,May 2026,below,20.00000000,2026-06-01T03:59:59.999Z,19.24999999,98.91200000,OIL_VALUATION_IV,98.91200000,,valuations_fallback,0.64800000,0.56300000,0.00000000,0.00000000,0.00150000,0.00100000,0.00200000,0.00100000,live_clob,69901.30656000,75335.17245800,,,,,,,,-0.20000000,0.10000000,sell_yes_or_buy_no,-0.10000000,-0.00519481,,true,false,false,near-fair,98.90400000,live_hyperliquid_xyz_cl,-0.72555313,178164729.37473601,-0.00808800,extreme_perp_funding,Options model falls back to latest oil_opt_iv_30d from daily-valuations.csv. Hit/reach market uses tested one-touch probability model; incomplete rows fall back to 2x terminal probability. Polymarket quote refreshed from live CLOB during heatmap generation.
2026-05-12T22,relative_value_heatmap_v2_one_touch,OIL,what-price-will-wti-hit-in-may-2026,2074245,Will WTI Crude Oil (WTI) hit (LOW) $30 in May?,May 2026,below,30.00000000,2026-06-01T03:59:59.999Z,19.24999999,98.91200000,OIL_VALUATION_IV,98.91200000,,valuations_fallback,0.64800000,0.56300000,0.00000000,0.00000000,0.00150000,0.00100000,0.00200000,0.00100000,live_clob,50856.50036000,37629.76983800,,,,,,,,-0.20000000,0.10000000,sell_yes_or_buy_no,-0.10000000,-0.00519481,,true,false,false,near-fair,98.90400000,live_hyperliquid_xyz_cl,-0.72555313,178164729.37473601,-0.00808800,extreme_perp_funding,Options model falls back to latest oil_opt_iv_30d from daily-valuations.csv. Hit/reach market uses tested one-touch probability model; incomplete rows fall back to 2x terminal probability. Polymarket quote refreshed from live CLOB during heatmap generation.
2026-05-12T22,relative_value_heatmap_v2_one_touch,BTC,what-price-will-bitcoin-hit-in-may-2026,2132769,"Will Bitcoin reach $120,000 in May?",May 2026,above,120000.00000000,2026-06-01T04:00:00Z,19.25000000,80618.00000000,IBIT,45.62000000,CBOE delayed,cme_snapshot,1.01807500,0.36800000,0.02452662,0.07935851,0.00250000,0.00200000,0.00300000,0.00100000,live_clob,432044.26090000,239873.64998300,0.67181667,0.00372125,cheap_vs_underlying_cap_bearish,,,,,7.63585063,-7.73585063,buy_yes,7.63585063,0.39666757,,true,true,true,mild-long-tail,80618.00000000,snapshot,0.06262300,2345790502.21999979,0.00000000,cheap_vs_underlying_cap_bearish,"Options model uses IBIT CBOE delayed; target month-end expiry 2026-05-29, IV expiry 2026-05-29, closest-strike IV sample. Hit/reach market uses tested one-touch probability model; incomplete rows fall back to 2x terminal probability. Strike scaled from underlying options proxy. Polymarket quote refreshed from live CLOB during heatmap generation. Underlying upside cap YES price is 67.2%; PM trades at 0% of cap."
2026-05-12T22,relative_value_heatmap_v2_one_touch,BTC,what-price-will-bitcoin-hit-in-may-2026,2132771,"Will Bitcoin reach $110,000 in May?",May 2026,above,110000.00000000,2026-06-01T04:00:00Z,19.25000000,80618.00000000,IBIT,45.62000000,CBOE delayed,cme_snapshot,0.79715000,0.36800000,0.02614176,0.07615268,0.00550000,0.00500000,0.00600000,0.00100000,live_clob,210854.10527000,178233.75681600,0.73289091,0.00750453,cheap_vs_underlying_cap_bearish,,,,,7.01526842,-7.11526842,buy_yes,7.01526842,0.36442953,,true,true,true,mild-long-tail,80618.00000000,snapshot,0.06262300,2345790502.21999979,0.00000000,cheap_vs_underlying_cap_bearish,"Options model uses IBIT CBOE delayed; target month-end expiry 2026-05-29, IV expiry 2026-05-29, closest-strike IV sample. Hit/reach market uses tested one-touch probability model; incomplete rows fall back to 2x terminal probability. Strike scaled from underlying options proxy. Polymarket quote refreshed from live CLOB during heatmap generation. Underlying upside cap YES price is 73.3%; PM trades at 1% of cap."
2026-05-12T22,relative_value_heatmap_v2_one_touch,BTC,what-price-will-bitcoin-hit-in-may-2026,2132772,"Will Bitcoin reach $105,000 in May?",May 2026,above,105000.00000000,2026-06-01T04:00:00Z,19.25000000,80618.00000000,IBIT,45.62000000,CBOE delayed,cme_snapshot,0.64297500,0.36800000,0.02142094,0.05872068,0.01050000,0.01000000,0.01100000,0.00100000,live_clob,187031.24111000,220914.07312200,0.76779048,0.01367561,cheap_vs_underlying_cap_bearish,,,,,4.77206794,-4.87206794,buy_yes,4.77206794,0.24789963,,true,false,false,near-fair,80618.00000000,snapshot,0.06262300,2345790502.21999979,0.00000000,cheap_vs_underlying_cap_bearish,"Options model uses IBIT CBOE delayed; target month-end expiry 2026-05-29, IV expiry 2026-05-29, closest-strike IV sample. Hit/reach market uses tested one-touch probability model; incomplete rows fall back to 2x terminal probability. Strike scaled from underlying options proxy. Polymarket quote refreshed from live CLOB during heatmap generation. Underlying upside cap YES price is 76.8%; PM trades at 1% of cap."
2026-05-12T22,relative_value_heatmap_v2_one_touch,BTC,what-price-will-bitcoin-hit-in-may-2026,2132778,"Will Bitcoin dip to $75,000 in May?",May 2026,below,75000.00000000,2026-06-01T04:00:00Z,19.25000000,80618.00000000,IBIT,45.62000000,CBOE delayed,cme_snapshot,0.41172500,0.36800000,0.21401527,0.37940497,0.42500000,0.42000000,0.43000000,0.01000000,live_clob,69644.96740000,568715.29048100,,,,,,,,-5.05950293,4.05950293,sell_yes_or_buy_no,-4.05950293,-0.21088327,,true,false,false,near-fair,80618.00000000,snapshot,0.06262300,2345790502.21999979,0.00000000,,"Options model uses IBIT CBOE delayed; target month-end expiry 2026-05-29, IV expiry 2026-05-29, closest-strike IV sample. Hit/reach market uses tested one-touch probability model; incomplete rows fall back to 2x terminal probability. Strike scaled from underlying options proxy. Polymarket quote refreshed from live CLOB during heatmap generation."
2026-05-12T22,relative_value_heatmap_v2_one_touch,BTC,what-price-will-bitcoin-hit-in-may-2026,2132770,"Will Bitcoin reach $115,000 in May?",May 2026,above,115000.00000000,2026-06-01T04:00:00Z,19.25000000,80618.00000000,IBIT,45.62000000,CBOE delayed,cme_snapshot,0.80735000,0.36800000,0.01460310,0.04430244,0.00350000,0.00300000,0.00400000,0.00100000,live_clob,251417.14136000,158905.22476300,0.70102609,0.00499268,cheap_vs_underlying_cap_bearish,,,,,4.03024433,-4.13024433,buy_yes,4.03024433,0.20936334,,true,false,false,near-fair,80618.00000000,snapshot,0.06262300,2345790502.21999979,0.00000000,cheap_vs_underlying_cap_bearish,"Options model uses IBIT CBOE delayed; target month-end expiry 2026-05-29, IV expiry 2026-05-29, closest-strike IV sample. Hit/reach market uses tested one-touch probability model; incomplete rows fall back to 2x terminal probability. Strike scaled from underlying options proxy. Polymarket quote refreshed from live CLOB during heatmap generation. Underlying upside cap YES price is 70.1%; PM trades at 0% of cap."
2026-05-12T22,relative_value_heatmap_v2_one_touch,BTC,what-price-will-bitcoin-hit-in-may-2026,2132780,"Will Bitcoin dip to $65,000 in May?",May 2026,below,65000.00000000,2026-06-01T04:00:00Z,19.25000000,80618.00000000,IBIT,45.62000000,CBOE delayed,cme_snapshot,0.58840000,0.36800000,0.04631798,0.07104848,0.04500000,0.04000000,0.05000000,0.01000000,live_clob,126455.26240000,1069763.28145900,,,,,,,,2.10484812,-3.10484812,buy_yes,2.10484812,0.10934276,,true,false,false,near-fair,80618.00000000,snapshot,0.06262300,2345790502.21999979,0.00000000,,"Options model uses IBIT CBOE delayed; target month-end expiry 2026-05-29, IV expiry 2026-05-29, closest-strike IV sample. Hit/reach market uses tested one-touch probability model; incomplete rows fall back to 2x terminal probability. Strike scaled from underlying options proxy. Polymarket quote refreshed from live CLOB during heatmap generation."
2026-05-12T22,relative_value_heatmap_v2_one_touch,BTC,what-price-will-bitcoin-hit-in-may-2026,2132774,"Will Bitcoin reach $95,000 in May?",May 2026,above,95000.00000000,2026-06-01T04:00:00Z,19.25000000,80618.00000000,IBIT,45.62000000,CBOE delayed,cme_snapshot,0.41397500,0.36800000,0.02665033,0.06495354,0.04350000,0.04300000,0.04400000,0.00100000,live_clob,97985.12207000,760077.64534900,0.84861053,0.05126026,cheap_vs_underlying_cap_bearish,,,,,2.09535375,-2.19535375,buy_yes,2.09535375,0.10884955,,true,false,false,near-fair,80618.00000000,snapshot,0.06262300,2345790502.21999979,0.00000000,cheap_vs_underlying_cap_bearish,"Options model uses IBIT CBOE delayed; target month-end expiry 2026-05-29, IV expiry 2026-05-29, closest-strike IV sample. Hit/reach market uses tested one-touch probability model; incomplete rows fall back to 2x terminal probability. Strike scaled from underlying options proxy. Polymarket quote refreshed from live CLOB during heatmap generation. Underlying upside cap YES price is 84.9%; PM trades at 5% of cap."
2026-05-12T22,relative_value_heatmap_v2_one_touch,BTC,what-price-will-bitcoin-hit-in-may-2026,2132773,"Will Bitcoin reach $100,000 in May?",May 2026,above,100000.00000000,2026-06-01T04:00:00Z,19.25000000,80618.00000000,IBIT,45.62000000,CBOE delayed,cme_snapshot,0.48885000,0.36800000,0.01574379,0.04053655,0.02650000,0.02600000,0.02700000,0.00100000,live_clob,146483.40116000,637906.40213800,0.80618000,0.03287107,cheap_vs_underlying_cap_bearish,,,,,1.35365531,-1.45365531,buy_yes,1.35365531,0.07031976,,true,false,false,near-fair,80618.00000000,snapshot,0.06262300,2345790502.21999979,0.00000000,cheap_vs_underlying_cap_bearish,"Options model uses IBIT CBOE delayed; target month-end expiry 2026-05-29, IV expiry 2026-05-29, closest-strike IV sample. Hit/reach market uses tested one-touch probability model; incomplete rows fall back to 2x terminal probability. Strike scaled from underlying options proxy. Polymarket quote refreshed from live CLOB during heatmap generation. Underlying upside cap YES price is 80.6%; PM trades at 3% of cap."
2026-05-12T22,relative_value_heatmap_v2_one_touch,BTC,what-price-will-bitcoin-hit-in-may-2026,2132776,"Will Bitcoin reach $85,000 in May?",May 2026,above,85000.00000000,2026-06-01T04:00:00Z,19.25000000,80618.00000000,IBIT,45.62000000,CBOE delayed,cme_snapshot,0.36192500,0.36800000,0.23126998,0.51008990,0.49500000,0.49000000,0.50000000,0.01000000,live_clob,76096.84720000,905640.29134900,0.94844706,0.52190578,mid_underlying_cap_ratio,,,,,1.00898963,-2.00898963,buy_yes,1.00898963,0.05241505,,true,false,false,near-fair,80618.00000000,snapshot,0.06262300,2345790502.21999979,0.00000000,,"Options model uses IBIT CBOE delayed; target month-end expiry 2026-05-29, IV expiry 2026-05-29, closest-strike IV sample. Hit/reach market uses tested one-touch probability model; incomplete rows fall back to 2x terminal probability. Strike scaled from underlying options proxy. Polymarket quote refreshed from live CLOB during heatmap generation. Underlying upside cap YES price is 94.8%; PM trades at 52% of cap."
2026-05-12T22,relative_value_heatmap_v2_one_touch,BTC,what-price-will-bitcoin-hit-in-may-2026,2132781,"Will Bitcoin dip to $60,000 in May?",May 2026,below,60000.00000000,2026-06-01T04:00:00Z,19.25000000,80618.00000000,IBIT,45.62000000,CBOE delayed,cme_snapshot,0.69345000,0.36800000,0.02520919,0.03555660,0.02550000,0.02500000,0.02600000,0.00100000,live_clob,114915.80861000,955398.52534800,,,,,,,,0.95565968,-1.05565968,buy_yes,0.95565968,0.04964466,,true,false,false,near-fair,80618.00000000,snapshot,0.06262300,2345790502.21999979,0.00000000,,"Options model uses IBIT CBOE delayed; target month-end expiry 2026-05-29, IV expiry 2026-05-29, closest-strike IV sample. Hit/reach market uses tested one-touch probability model; incomplete rows fall back to 2x terminal probability. Strike scaled from underlying options proxy. Polymarket quote refreshed from live CLOB during heatmap generation."
2026-05-12T22,relative_value_heatmap_v2_one_touch,BTC,what-price-will-bitcoin-hit-in-may-2026,2132779,"Will Bitcoin dip to $70,000 in May?",May 2026,below,70000.00000000,2026-06-01T04:00:00Z,19.25000000,80618.00000000,IBIT,45.62000000,CBOE delayed,cme_snapshot,0.48025000,0.36800000,0.08842835,0.14669412,0.13500000,0.13000000,0.14000000,0.01000000,live_clob,104367.40680000,876794.63723700,,,,,,,,0.66941243,-1.66941243,buy_yes,0.66941243,0.03477467,,true,false,false,near-fair,80618.00000000,snapshot,0.06262300,2345790502.21999979,0.00000000,,"Options model uses IBIT CBOE delayed; target month-end expiry 2026-05-29, IV expiry 2026-05-29, closest-strike IV sample. Hit/reach market uses tested one-touch probability model; incomplete rows fall back to 2x terminal probability. Strike scaled from underlying options proxy. Polymarket quote refreshed from live CLOB during heatmap generation."
2026-05-12T22,relative_value_heatmap_v2_one_touch,BTC,what-price-will-bitcoin-hit-in-may-2026,2132775,"Will Bitcoin reach $90,000 in May?",May 2026,above,90000.00000000,2026-06-01T04:00:00Z,19.25000000,80618.00000000,IBIT,45.62000000,CBOE delayed,cme_snapshot,0.36730000,0.36800000,0.07127236,0.16474799,0.15500000,0.15000000,0.16000000,0.01000000,live_clob,105251.62620000,708767.74875800,0.89575556,0.17303828,cheap_vs_underlying_cap_bearish,,,,,0.47479932,-1.47479932,buy_yes,0.47479932,0.02466490,,true,false,false,near-fair,80618.00000000,snapshot,0.06262300,2345790502.21999979,0.00000000,cheap_vs_underlying_cap_bearish,"Options model uses IBIT CBOE delayed; target month-end expiry 2026-05-29, IV expiry 2026-05-29, closest-strike IV sample. Hit/reach market uses tested one-touch probability model; incomplete rows fall back to 2x terminal probability. Strike scaled from underlying options proxy. Polymarket quote refreshed from live CLOB during heatmap generation. Underlying upside cap YES price is 89.6%; PM trades at 17% of cap."
2026-05-12T22,relative_value_heatmap_v2_one_touch,BTC,what-price-will-bitcoin-hit-in-may-2026,2132783,"Will Bitcoin dip to $50,000 in May?",May 2026,below,50000.00000000,2026-06-01T04:00:00Z,19.25000000,80618.00000000,IBIT,45.62000000,CBOE delayed,cme_snapshot,0.94447500,0.36800000,0.01043454,0.01212096,0.00750000,0.00700000,0.00800000,0.00100000,live_clob,187406.57371000,320856.68153800,,,,,,,,0.41209575,-0.51209575,buy_yes,0.41209575,0.02140757,,true,false,false,near-fair,80618.00000000,snapshot,0.06262300,2345790502.21999979,0.00000000,,"Options model uses IBIT CBOE delayed; target month-end expiry 2026-05-29, IV expiry 2026-05-29, closest-strike IV sample. Hit/reach market uses tested one-touch probability model; incomplete rows fall back to 2x terminal probability. Strike scaled from underlying options proxy. Polymarket quote refreshed from live CLOB during heatmap generation."
2026-05-12T22,relative_value_heatmap_v2_one_touch,BTC,what-price-will-bitcoin-hit-in-may-2026,2132782,"Will Bitcoin dip to $55,000 in May?",May 2026,below,55000.00000000,2026-06-01T04:00:00Z,19.25000000,80618.00000000,IBIT,45.62000000,CBOE delayed,cme_snapshot,0.80362500,0.36800000,0.01453863,0.01871650,0.01450000,0.01400000,0.01500000,0.00100000,live_clob,119072.59254000,563783.27050800,,,,,,,,0.37165022,-0.47165022,buy_yes,0.37165022,0.01930650,,true,false,false,near-fair,80618.00000000,snapshot,0.06262300,2345790502.21999979,0.00000000,,"Options model uses IBIT CBOE delayed; target month-end expiry 2026-05-29, IV expiry 2026-05-29, closest-strike IV sample. Hit/reach market uses tested one-touch probability model; incomplete rows fall back to 2x terminal probability. Strike scaled from underlying options proxy. Polymarket quote refreshed from live CLOB during heatmap generation."
2026-05-12T22,relative_value_heatmap_v2_one_touch,BTC,what-price-will-bitcoin-hit-in-may-2026,2132786,"Will Bitcoin dip to $35,000 in May?",May 2026,below,35000.00000000,2026-06-01T04:00:00Z,19.25000000,80618.00000000,IBIT,45.62000000,CBOE delayed,cme_snapshot,1.08397500,0.36800000,0.00019033,0.00019033,0.00250000,0.00200000,0.00300000,0.00100000,live_clob,136620.83151000,858386.68723400,,,,,,,,-0.28096660,0.18096660,sell_yes_or_buy_no,-0.18096660,-0.00940086,,true,false,false,near-fair,80618.00000000,snapshot,0.06262300,2345790502.21999979,0.00000000,,"Options model uses IBIT CBOE delayed; target month-end expiry 2026-05-29, IV expiry 2026-05-29, closest-strike IV sample. Hit/reach market uses tested one-touch probability model; incomplete rows fall back to 2x terminal probability. Strike scaled from underlying options proxy. Polymarket quote refreshed from live CLOB during heatmap generation."
2026-05-12T22,relative_value_heatmap_v2_one_touch,BTC,what-price-will-bitcoin-hit-in-may-2026,2132768,"Will Bitcoin reach $150,000 in May?",May 2026,above,150000.00000000,2026-06-01T04:00:00Z,19.25000000,80618.00000000,IBIT,45.62000000,CBOE delayed,cme_snapshot,1.01807500,0.36800000,0.00129647,0.00513294,0.00350000,0.00300000,0.00400000,0.00100000,live_clob,664547.21990000,2414321.37078501,0.53745333,0.00651219,cheap_vs_underlying_cap_bearish,,,,,0.11329357,-0.21329357,buy_yes,0.11329357,0.00588538,,true,false,false,near-fair,80618.00000000,snapshot,0.06262300,2345790502.21999979,0.00000000,cheap_vs_underlying_cap_bearish,"Options model uses IBIT CBOE delayed; target month-end expiry 2026-05-29, IV expiry 2026-05-29, closest-strike IV sample. Hit/reach market uses tested one-touch probability model; incomplete rows fall back to 2x terminal probability. Strike scaled from underlying options proxy. Polymarket quote refreshed from live CLOB during heatmap generation. Underlying upside cap YES price is 53.7%; PM trades at 1% of cap."
2026-05-12T22,relative_value_heatmap_v2_one_touch,BTC,what-price-will-bitcoin-hit-in-may-2026,2132787,"Will Bitcoin dip to $30,000 in May?",May 2026,below,30000.00000000,2026-06-01T04:00:00Z,19.25000000,80618.00000000,IBIT,45.62000000,CBOE delayed,cme_snapshot,1.08397500,0.36800000,0.00001165,0.00001165,0.00150000,0.00100000,0.00200000,0.00100000,live_clob,205245.92538000,221570.85802700,,,,,,,,-0.19883464,0.09883464,sell_yes_or_buy_no,-0.09883464,-0.00513427,,true,false,false,near-fair,80618.00000000,snapshot,0.06262300,2345790502.21999979,0.00000000,,"Options model uses IBIT CBOE delayed; target month-end expiry 2026-05-29, IV expiry 2026-05-29, closest-strike IV sample. Hit/reach market uses tested one-touch probability model; incomplete rows fall back to 2x terminal probability. Strike scaled from underlying options proxy. Polymarket quote refreshed from live CLOB during heatmap generation."
2026-05-12T22,relative_value_heatmap_v2_one_touch,BTC,what-price-will-bitcoin-hit-in-may-2026,2132784,"Will Bitcoin dip to $45,000 in May?",May 2026,below,45000.00000000,2026-06-01T04:00:00Z,19.25000000,80618.00000000,IBIT,45.62000000,CBOE delayed,cme_snapshot,1.01522500,0.36800000,0.00427679,0.00447598,0.00550000,0.00500000,0.00600000,0.00100000,live_clob,128546.57715000,288782.06706200,,,,,,,,-0.15240169,0.05240169,sell_yes_or_buy_no,-0.05240169,-0.00272217,,true,false,false,near-fair,80618.00000000,snapshot,0.06262300,2345790502.21999979,0.00000000,,"Options model uses IBIT CBOE delayed; target month-end expiry 2026-05-29, IV expiry 2026-05-29, closest-strike IV sample. Hit/reach market uses tested one-touch probability model; incomplete rows fall back to 2x terminal probability. Strike scaled from underlying options proxy. Polymarket quote refreshed from live CLOB during heatmap generation."
2026-05-12T22,relative_value_heatmap_v2_one_touch,BTC,what-price-will-bitcoin-hit-in-may-2026,2132785,"Will Bitcoin dip to $40,000 in May?",May 2026,below,40000.00000000,2026-06-01T04:00:00Z,19.25000000,80618.00000000,IBIT,45.62000000,CBOE delayed,cme_snapshot,1.08397500,0.36800000,0.00150707,0.00150707,0.00250000,0.00200000,0.00300000,0.00100000,live_clob,139210.70792000,180503.19713500,,,,,,,,-0.14929288,0.04929288,sell_yes_or_buy_no,-0.04929288,-0.00256067,,true,false,false,near-fair,80618.00000000,snapshot,0.06262300,2345790502.21999979,0.00000000,,"Options model uses IBIT CBOE delayed; target month-end expiry 2026-05-29, IV expiry 2026-05-29, closest-strike IV sample. Hit/reach market uses tested one-touch probability model; incomplete rows fall back to 2x terminal probability. Strike scaled from underlying options proxy. Polymarket quote refreshed from live CLOB during heatmap generation."
2026-05-12T22,relative_value_heatmap_v2_one_touch,GOLD,gc-over-under-jun-2026,1032292,"Will Gold (GC) settle over $4,600 on the final trading day of June 2026?",June 2026,above,4600.00000000,2026-06-30T17:30:00Z,48.81250000,4714.80000000,GOLD_VALUATION_IV,4714.80000000,,valuations_fallback,0.23800000,0.21800000,0.59567507,0.59567507,0.60500000,0.49000000,0.72000000,0.23000000,live_clob,533.17180000,8968.17197800,,,,,,,,-12.43249267,-10.56750733,avoid_buy_yes,-12.43249267,-0.25469895,,false,false,false,short-rich-tail,4714.80000000,snapshot,0.05475000,127862542.41000000,0.00000000,wide_pm_spread;low_pm_liquidity,Options model falls back to latest gold_opt_iv_30d from daily-valuations.csv. Polymarket quote refreshed from live CLOB during heatmap generation.
2026-05-12T22,relative_value_heatmap_v2_one_touch,GOLD,gc-hit-jun-2026,2182670,"Will Gold (GC) hit (LOW) $4,600 by end of June?",June 2026,below,4600.00000000,2026-06-30T17:30:00Z,48.81250000,4714.80000000,GOLD_VALUATION_IV,4714.80000000,,valuations_fallback,0.23800000,0.21800000,0.40432493,0.74249503,0.73000000,0.61000000,0.85000000,0.24000000,live_clob,3156.95120000,5.96490700,,,,,,,,-10.75049716,-13.24950284,avoid_buy_yes,-10.75049716,-0.22024066,,false,false,false,short-rich-tail,4714.80000000,snapshot,0.05475000,127862542.41000000,0.00000000,wide_pm_spread,Options model falls back to latest gold_opt_iv_30d from daily-valuations.csv. Hit/reach market uses tested one-touch probability model; incomplete rows fall back to 2x terminal probability. Polymarket quote refreshed from live CLOB during heatmap generation.
2026-05-12T22,relative_value_heatmap_v2_one_touch,GOLD,gc-over-under-jun-2026,1032291,"Will Gold (GC) settle over $4,800 on the final trading day of June 2026?",June 2026,above,4800.00000000,2026-06-30T17:30:00Z,48.81250000,4714.80000000,GOLD_VALUATION_IV,4714.80000000,,valuations_fallback,0.23800000,0.21800000,0.40109361,0.40109361,0.54000000,0.50000000,0.58000000,0.08000000,live_clob,789.86250000,8056.79800200,,,,,,,,-17.89063874,9.89063874,sell_yes_or_buy_no,-9.89063874,-0.20262512,,false,false,false,mild-short-rich-tail,4714.80000000,snapshot,0.05475000,127862542.41000000,0.00000000,wide_pm_spread;low_pm_liquidity,Options model falls back to latest gold_opt_iv_30d from daily-valuations.csv. Polymarket quote refreshed from live CLOB during heatmap generation.
2026-05-12T22,relative_value_heatmap_v2_one_touch,GOLD,gc-hit-jun-2026,2001214,"Will Gold (GC) hit (HIGH) $4,900 by end of June?",June 2026,above,4900.00000000,2026-06-30T17:30:00Z,48.81250000,4714.80000000,GOLD_VALUATION_IV,4714.80000000,,valuations_fallback,0.23800000,0.21800000,0.31234516,0.68707262,0.61000000,0.60000000,0.62000000,0.02000000,live_clob,1521.70960000,46103.15455000,0.96220408,0.63396114,mid_underlying_cap_ratio,,,,,6.70726200,-8.70726200,buy_yes,6.70726200,0.13740870,,true,false,false,mild-long-tail,4714.80000000,snapshot,0.05475000,127862542.41000000,0.00000000,,Options model falls back to latest gold_opt_iv_30d from daily-valuations.csv. Hit/reach market uses tested one-touch probability model; incomplete rows fall back to 2x terminal probability. Polymarket quote refreshed from live CLOB during heatmap generation. Underlying upside cap YES price is 96.2%; PM trades at 63% of cap.
2026-05-12T22,relative_value_heatmap_v2_one_touch,GOLD,gc-over-under-jun-2026,1032288,"Will Gold (GC) settle over $5,400 on the final trading day of June 2026?",June 2026,above,5400.00000000,2026-06-30T17:30:00Z,48.81250000,4714.80000000,GOLD_VALUATION_IV,4714.80000000,,valuations_fallback,0.23800000,0.21800000,0.05326189,0.05326189,0.14000000,0.12000000,0.16000000,0.04000000,live_clob,603.48570000,1315.89746900,,,,,,,,-10.67381068,6.67381068,sell_yes_or_buy_no,-6.67381068,-0.13672339,,false,false,false,mild-short-rich-tail,4714.80000000,snapshot,0.05475000,127862542.41000000,0.00000000,low_pm_liquidity,Options model falls back to latest gold_opt_iv_30d from daily-valuations.csv. Polymarket quote refreshed from live CLOB during heatmap generation.
2026-05-12T22,relative_value_heatmap_v2_one_touch,GOLD,gc-over-under-jun-2026,1032289,"Will Gold (GC) settle over $5,200 on the final trading day of June 2026?",June 2026,above,5200.00000000,2026-06-30T17:30:00Z,48.81250000,4714.80000000,GOLD_VALUATION_IV,4714.80000000,,valuations_fallback,0.23800000,0.21800000,0.11957361,0.11957361,0.22500000,0.18000000,0.27000000,0.09000000,live_clob,378.25820000,2936.67627700,,,,,,,,-15.04263907,6.04263907,sell_yes_or_buy_no,-6.04263907,-0.12379286,,false,false,false,mild-short-rich-tail,4714.80000000,snapshot,0.05475000,127862542.41000000,0.00000000,wide_pm_spread;low_pm_liquidity,Options model falls back to latest gold_opt_iv_30d from daily-valuations.csv. Polymarket quote refreshed from live CLOB during heatmap generation.
2026-05-12T22,relative_value_heatmap_v2_one_touch,GOLD,gc-hit-jun-2026,2001237,"Will Gold (GC) hit (HIGH) $5,000 by end of June?",June 2026,above,5000.00000000,2026-06-30T17:30:00Z,48.81250000,4714.80000000,GOLD_VALUATION_IV,4714.80000000,,valuations_fallback,0.23800000,0.21800000,0.23481300,0.52431714,0.44500000,0.42000000,0.47000000,0.05000000,live_clob,7048.87200000,41718.94412900,0.94296000,0.47191821,mid_underlying_cap_ratio,,,,,5.43171375,-10.43171375,buy_yes,5.43171375,0.11127711,,true,false,false,mild-long-tail,4714.80000000,snapshot,0.05475000,127862542.41000000,0.00000000,,Options model falls back to latest gold_opt_iv_30d from daily-valuations.csv. Hit/reach market uses tested one-touch probability model; incomplete rows fall back to 2x terminal probability. Polymarket quote refreshed from live CLOB during heatmap generation. Underlying upside cap YES price is 94.3%; PM trades at 47% of cap.
2026-05-12T22,relative_value_heatmap_v2_one_touch,GOLD,gc-over-under-jun-2026,1032287,"Will Gold (GC) settle over $5,600 on the final trading day of June 2026?",June 2026,above,5600.00000000,2026-06-30T17:30:00Z,48.81250000,4714.80000000,GOLD_VALUATION_IV,4714.80000000,,valuations_fallback,0.23800000,0.21800000,0.02092434,0.02092434,0.10500000,0.07000000,0.14000000,0.07000000,live_clob,525.17640000,2429.44788800,,,,,,,,-11.90756645,4.90756645,sell_yes_or_buy_no,-4.90756645,-0.10053913,,false,false,false,near-fair,4714.80000000,snapshot,0.05475000,127862542.41000000,0.00000000,wide_pm_spread;low_pm_liquidity,Options model falls back to latest gold_opt_iv_30d from daily-valuations.csv. Polymarket quote refreshed from live CLOB during heatmap generation.
2026-05-12T22,relative_value_heatmap_v2_one_touch,GOLD,gc-hit-jun-2026,2001188,"Will Gold (GC) hit (LOW) $4,300 by end of June?",June 2026,below,4300.00000000,2026-06-30T17:30:00Z,48.81250000,4714.80000000,GOLD_VALUATION_IV,4714.80000000,,valuations_fallback,0.23800000,0.21800000,0.15317921,0.26731117,0.21500000,0.21000000,0.22000000,0.01000000,live_clob,10271.27410000,26840.79631700,,,,,,,,4.73111663,-5.73111663,buy_yes,4.73111663,0.09692428,,true,false,false,near-fair,4714.80000000,snapshot,0.05475000,127862542.41000000,0.00000000,,Options model falls back to latest gold_opt_iv_30d from daily-valuations.csv. Hit/reach market uses tested one-touch probability model; incomplete rows fall back to 2x terminal probability. Polymarket quote refreshed from live CLOB during heatmap generation.
2026-05-12T22,relative_value_heatmap_v2_one_touch,GOLD,gc-settle-jun-2026,1032259,"Will Gold (GC) settle at $4,600-$5,000 in June?",June 2026,above,4800.00000000,2026-06-30T17:30:00Z,48.81250000,4714.80000000,GOLD_VALUATION_IV,4714.80000000,,valuations_fallback,0.23800000,0.21800000,0.36086208,0.36086208,0.30500000,0.29000000,0.32000000,0.03000000,live_clob,1829.81640000,49170.34105200,,,,0.98900000,-0.01100000,0.03850000,0.00850000,4.08620765,-7.08620765,buy_yes,4.08620765,0.08371232,,true,false,false,near-fair,4714.80000000,snapshot,0.05475000,127862542.41000000,0.00000000,,Options model falls back to latest gold_opt_iv_30d from daily-valuations.csv. Settlement bucket modeled as probability between 4600 and 5000. Polymarket quote refreshed from live CLOB during heatmap generation.
2026-05-12T22,relative_value_heatmap_v2_one_touch,GOLD,gc-settle-jun-2026,1032261,"Will Gold (GC) settle at $5,400-$5,800 in June?",June 2026,above,5600.00000000,2026-06-30T17:30:00Z,48.81250000,4714.80000000,GOLD_VALUATION_IV,4714.80000000,,valuations_fallback,0.23800000,0.21800000,0.04594367,0.04594367,0.09000000,0.08000000,0.10000000,0.02000000,live_clob,4166.05130000,54658.59742400,,,,0.98900000,-0.01100000,0.03850000,0.00850000,-5.40563297,3.40563297,sell_yes_or_buy_no,-3.40563297,-0.06976969,,true,false,false,near-fair,4714.80000000,snapshot,0.05475000,127862542.41000000,0.00000000,,Options model falls back to latest gold_opt_iv_30d from daily-valuations.csv. Settlement bucket modeled as probability between 5400 and 5800. Polymarket quote refreshed from live CLOB during heatmap generation.
2026-05-12T22,relative_value_heatmap_v2_one_touch,GOLD,gc-hit-jun-2026,1032279,"Will Gold (GC) hit (LOW) $3,800 by end of June?",June 2026,below,3800.00000000,2026-06-30T17:30:00Z,48.81250000,4714.80000000,GOLD_VALUATION_IV,4714.80000000,,valuations_fallback,0.23800000,0.21800000,0.00706595,0.01107650,0.05000000,0.04500000,0.05500000,0.01000000,live_clob,11701.18306000,87756.22832000,,,,,,,,-4.39235022,3.39235022,sell_yes_or_buy_no,-3.39235022,-0.06949757,,true,false,false,near-fair,4714.80000000,snapshot,0.05475000,127862542.41000000,0.00000000,,Options model falls back to latest gold_opt_iv_30d from daily-valuations.csv. Hit/reach market uses tested one-touch probability model; incomplete rows fall back to 2x terminal probability. Polymarket quote refreshed from live CLOB during heatmap generation.
2026-05-12T22,relative_value_heatmap_v2_one_touch,GOLD,gc-settle-jun-2026,1032257,"Will Gold (GC) settle at $4,200-$4,600 in June?",June 2026,above,4400.00000000,2026-06-30T17:30:00Z,48.81250000,4714.80000000,GOLD_VALUATION_IV,4714.80000000,,valuations_fallback,0.23800000,0.21800000,0.30671493,0.30671493,0.25650000,0.24000000,0.27300000,0.03300000,live_clob,1794.68313000,55201.13850300,,,,0.98900000,-0.01100000,0.03850000,0.00850000,3.37149326,-6.67149326,buy_yes,3.37149326,0.06907028,,true,false,false,near-fair,4714.80000000,snapshot,0.05475000,127862542.41000000,0.00000000,,Options model falls back to latest gold_opt_iv_30d from daily-valuations.csv. Settlement bucket modeled as probability between 4200 and 4600. Polymarket quote refreshed from live CLOB during heatmap generation.
2026-05-12T22,relative_value_heatmap_v2_one_touch,GOLD,gc-over-under-jun-2026,1032286,"Will Gold (GC) settle over $5,800 on the final trading day of June 2026?",June 2026,above,5800.00000000,2026-06-30T17:30:00Z,48.81250000,4714.80000000,GOLD_VALUATION_IV,4714.80000000,,valuations_fallback,0.23800000,0.21800000,0.00731822,0.00731822,0.07750000,0.04100000,0.11400000,0.07300000,live_clob,545.88225000,7528.27715400,,,,,,,,-10.66817771,3.36817771,sell_yes_or_buy_no,-3.36817771,-0.06900236,,false,false,false,near-fair,4714.80000000,snapshot,0.05475000,127862542.41000000,0.00000000,wide_pm_spread;low_pm_liquidity,Options model falls back to latest gold_opt_iv_30d from daily-valuations.csv. Polymarket quote refreshed from live CLOB during heatmap generation.
2026-05-12T22,relative_value_heatmap_v2_one_touch,GOLD,gc-over-under-jun-2026,1032285,"Will Gold (GC) settle over $6,000 on the final trading day of June 2026?",June 2026,above,6000.00000000,2026-06-30T17:30:00Z,48.81250000,4714.80000000,GOLD_VALUATION_IV,4714.80000000,,valuations_fallback,0.23800000,0.21800000,0.00230056,0.00230056,0.05150000,0.03400000,0.06900000,0.03500000,live_clob,629.15929000,2721.52390900,,,,,,,,-6.66994360,3.16994360,sell_yes_or_buy_no,-3.16994360,-0.06494123,,false,false,false,near-fair,4714.80000000,snapshot,0.05475000,127862542.41000000,0.00000000,low_pm_liquidity,Options model falls back to latest gold_opt_iv_30d from daily-valuations.csv. Polymarket quote refreshed from live CLOB during heatmap generation.
2026-05-12T22,relative_value_heatmap_v2_one_touch,GOLD,gc-hit-jun-2026,2001248,"Will Gold (GC) hit (HIGH) $5,300 by end of June?",June 2026,above,5300.00000000,2026-06-30T17:30:00Z,48.81250000,4714.80000000,GOLD_VALUATION_IV,4714.80000000,,valuations_fallback,0.23800000,0.21800000,0.08111213,0.18977435,0.15000000,0.14000000,0.16000000,0.02000000,live_clob,14447.30540000,43920.64075100,0.88958491,0.16861797,cheap_vs_underlying_cap_bearish,,,,,2.97743512,-4.97743512,buy_yes,2.97743512,0.06099739,,true,false,false,near-fair,4714.80000000,snapshot,0.05475000,127862542.41000000,0.00000000,cheap_vs_underlying_cap_bearish,Options model falls back to latest gold_opt_iv_30d from daily-valuations.csv. Hit/reach market uses tested one-touch probability model; incomplete rows fall back to 2x terminal probability. Polymarket quote refreshed from live CLOB during heatmap generation. Underlying upside cap YES price is 89.0%; PM trades at 17% of cap.
2026-05-12T22,relative_value_heatmap_v2_one_touch,GOLD,gc-hit-jun-2026,2001179,"Will Gold (GC) hit (LOW) $4,400 by end of June?",June 2026,below,4400.00000000,2026-06-30T17:30:00Z,48.81250000,4714.80000000,GOLD_VALUATION_IV,4714.80000000,,valuations_fallback,0.23800000,0.21800000,0.22459744,0.39914965,0.35500000,0.34000000,0.37000000,0.03000000,live_clob,2363.19060000,20987.67523800,,,,,,,,2.91496545,-5.91496545,buy_yes,2.91496545,0.05971760,,true,false,false,near-fair,4714.80000000,snapshot,0.05475000,127862542.41000000,0.00000000,,Options model falls back to latest gold_opt_iv_30d from daily-valuations.csv. Hit/reach market uses tested one-touch probability model; incomplete rows fall back to 2x terminal probability. Polymarket quote refreshed from live CLOB during heatmap generation.
2026-05-12T22,relative_value_heatmap_v2_one_touch,GOLD,gc-over-under-jun-2026,1032284,"Will Gold (GC) settle over $6,200 on the final trading day of June 2026?",June 2026,above,6200.00000000,2026-06-30T17:30:00Z,48.81250000,4714.80000000,GOLD_VALUATION_IV,4714.80000000,,valuations_fallback,0.23800000,0.21800000,0.00065611,0.00065611,0.03850000,0.02800000,0.04900000,0.02100000,live_clob,995.41526000,7698.23657000,,,,,,,,-4.83438939,2.73438939,sell_yes_or_buy_no,-2.73438939,-0.05601822,,false,false,false,near-fair,4714.80000000,snapshot,0.05475000,127862542.41000000,0.00000000,low_pm_liquidity,Options model falls back to latest gold_opt_iv_30d from daily-valuations.csv. Polymarket quote refreshed from live CLOB during heatmap generation.
2026-05-12T22,relative_value_heatmap_v2_one_touch,GOLD,gc-hit-jun-2026,2001245,"Will Gold (GC) hit (HIGH) $5,100 by end of June?",June 2026,above,5100.00000000,2026-06-30T17:30:00Z,48.81250000,4714.80000000,GOLD_VALUATION_IV,4714.80000000,,valuations_fallback,0.23800000,0.21800000,0.17046479,0.38651909,0.33500000,0.31000000,0.36000000,0.05000000,live_clob,2879.65510000,28486.01233000,0.92447059,0.36236956,mid_underlying_cap_ratio,,,,,2.65190929,-7.65190929,buy_yes,2.65190929,0.05432849,,true,false,false,near-fair,4714.80000000,snapshot,0.05475000,127862542.41000000,0.00000000,,Options model falls back to latest gold_opt_iv_30d from daily-valuations.csv. Hit/reach market uses tested one-touch probability model; incomplete rows fall back to 2x terminal probability. Polymarket quote refreshed from live CLOB during heatmap generation. Underlying upside cap YES price is 92.4%; PM trades at 36% of cap.
2026-05-12T22,relative_value_heatmap_v2_one_touch,GOLD,gc-hit-jun-2026,2001247,"Will Gold (GC) hit (HIGH) $5,200 by end of June?",June 2026,above,5200.00000000,2026-06-30T17:30:00Z,48.81250000,4714.80000000,GOLD_VALUATION_IV,4714.80000000,,valuations_fallback,0.23800000,0.21800000,0.11957361,0.27538815,0.23500000,0.22000000,0.25000000,0.03000000,live_clob,2782.11660000,19471.32879800,0.90669231,0.25918385,cheap_vs_underlying_cap_bearish,,,,,2.53881477,-5.53881477,buy_yes,2.53881477,0.05201157,,true,false,false,near-fair,4714.80000000,snapshot,0.05475000,127862542.41000000,0.00000000,cheap_vs_underlying_cap_bearish,Options model falls back to latest gold_opt_iv_30d from daily-valuations.csv. Hit/reach market uses tested one-touch probability model; incomplete rows fall back to 2x terminal probability. Polymarket quote refreshed from live CLOB during heatmap generation. Underlying upside cap YES price is 90.7%; PM trades at 26% of cap.
2026-05-12T22,relative_value_heatmap_v2_one_touch,GOLD,gc-over-under-jun-2026,1032290,"Will Gold (GC) settle over $5,000 on the final trading day of June 2026?",June 2026,above,5000.00000000,2026-06-30T17:30:00Z,48.81250000,4714.80000000,GOLD_VALUATION_IV,4714.80000000,,valuations_fallback,0.23800000,0.21800000,0.23481300,0.23481300,0.33000000,0.26000000,0.40000000,0.14000000,live_clob,460.75430000,1662.77335700,,,,,,,,-16.51870032,2.51870032,sell_yes_or_buy_no,-2.51870032,-0.05159949,,false,false,false,near-fair,4714.80000000,snapshot,0.05475000,127862542.41000000,0.00000000,wide_pm_spread;low_pm_liquidity,Options model falls back to latest gold_opt_iv_30d from daily-valuations.csv. Polymarket quote refreshed from live CLOB during heatmap generation.
2026-05-12T22,relative_value_heatmap_v2_one_touch,GOLD,gc-hit-jun-2026,1272712,"Will Gold (GC) hit (HIGH) $5,700 by end of June?",June 2026,above,5700.00000000,2026-06-30T17:30:00Z,48.81250000,4714.80000000,GOLD_VALUATION_IV,4714.80000000,,valuations_fallback,0.23800000,0.21800000,0.01254810,0.03127660,0.06650000,0.05600000,0.07700000,0.02100000,live_clob,20331.19087000,99254.44219000,0.82715789,0.08039578,cheap_vs_underlying_cap_bearish,,,,,-4.57234012,2.47234012,sell_yes_or_buy_no,-2.47234012,-0.05064973,,true,false,false,near-fair,4714.80000000,snapshot,0.05475000,127862542.41000000,0.00000000,cheap_vs_underlying_cap_bearish,Options model falls back to latest gold_opt_iv_30d from daily-valuations.csv. Hit/reach market uses tested one-touch probability model; incomplete rows fall back to 2x terminal probability. Polymarket quote refreshed from live CLOB during heatmap generation. Underlying upside cap YES price is 82.7%; PM trades at 8% of cap.
2026-05-12T22,relative_value_heatmap_v2_one_touch,GOLD,gc-settle-jun-2026,1032263,"Will Gold (GC) settle at >$6,200 in June?",June 2026,above,6200.00000000,2026-06-30T17:30:00Z,48.81250000,4714.80000000,GOLD_VALUATION_IV,4714.80000000,,valuations_fallback,0.23800000,0.21800000,0.00065611,0.00065611,0.02350000,0.02300000,0.02400000,0.00100000,live_clob,19748.19882000,196524.91983300,,,,0.98900000,-0.01100000,0.03850000,0.00850000,-2.33438939,2.23438939,sell_yes_or_buy_no,-2.23438939,-0.04577494,,true,false,false,near-fair,4714.80000000,snapshot,0.05475000,127862542.41000000,0.00000000,,Options model falls back to latest gold_opt_iv_30d from daily-valuations.csv. Polymarket quote refreshed from live CLOB during heatmap generation.
2026-05-12T22,relative_value_heatmap_v2_one_touch,GOLD,gc-hit-jun-2026,1032271,"Will Gold (GC) hit (HIGH) $6,000 by end of June?",June 2026,above,6000.00000000,2026-06-30T17:30:00Z,48.81250000,4714.80000000,GOLD_VALUATION_IV,4714.80000000,,valuations_fallback,0.23800000,0.21800000,0.00230056,0.00600835,0.03000000,0.02700000,0.03300000,0.00600000,live_clob,24308.07067000,307825.57974200,0.78580000,0.03817765,cheap_vs_underlying_cap_bearish,,,,,-2.69916547,2.09916547,sell_yes_or_buy_no,-2.09916547,-0.04300467,,true,false,false,near-fair,4714.80000000,snapshot,0.05475000,127862542.41000000,0.00000000,cheap_vs_underlying_cap_bearish,Options model falls back to latest gold_opt_iv_30d from daily-valuations.csv. Hit/reach market uses tested one-touch probability model; incomplete rows fall back to 2x terminal probability. Polymarket quote refreshed from live CLOB during heatmap generation. Underlying upside cap YES price is 78.6%; PM trades at 4% of cap.
2026-05-12T22,relative_value_heatmap_v2_one_touch,GOLD,gc-hit-jun-2026,1032269,"Will Gold (GC) hit (HIGH) $6,500 by end of June?",June 2026,above,6500.00000000,2026-06-30T17:30:00Z,48.81250000,4714.80000000,GOLD_VALUATION_IV,4714.80000000,,valuations_fallback,0.23800000,0.21800000,0.00008485,0.00023885,0.01900000,0.01800000,0.02000000,0.00200000,live_clob,7845.90052000,259684.56361500,0.72535385,0.02619411,cheap_vs_underlying_cap_bearish,,,,,-1.97611510,1.77611510,sell_yes_or_buy_no,-1.77611510,-0.03638648,,true,false,false,near-fair,4714.80000000,snapshot,0.05475000,127862542.41000000,0.00000000,cheap_vs_underlying_cap_bearish,Options model falls back to latest gold_opt_iv_30d from daily-valuations.csv. Hit/reach market uses tested one-touch probability model; incomplete rows fall back to 2x terminal probability. Polymarket quote refreshed from live CLOB during heatmap generation. Underlying upside cap YES price is 72.5%; PM trades at 3% of cap.
2026-05-12T22,relative_value_heatmap_v2_one_touch,GOLD,gc-over-under-jun-2026,1032283,"Will Gold (GC) settle over $6,500 on the final trading day of June 2026?",June 2026,above,6500.00000000,2026-06-30T17:30:00Z,48.81250000,4714.80000000,GOLD_VALUATION_IV,4714.80000000,,valuations_fallback,0.23800000,0.21800000,0.00008485,0.00008485,0.02450000,0.01700000,0.03200000,0.01500000,live_clob,1005.93205000,2429.60951900,,,,,,,,-3.19151492,1.69151492,sell_yes_or_buy_no,-1.69151492,-0.03465331,,true,false,false,near-fair,4714.80000000,snapshot,0.05475000,127862542.41000000,0.00000000,,Options model falls back to latest gold_opt_iv_30d from daily-valuations.csv. Polymarket quote refreshed from live CLOB during heatmap generation.
2026-05-12T22,relative_value_heatmap_v2_one_touch,GOLD,gc-hit-jun-2026,1032280,"Will Gold (GC) hit (LOW) $3,400 by end of June?",June 2026,below,3400.00000000,2026-06-30T17:30:00Z,48.81250000,4714.80000000,GOLD_VALUATION_IV,4714.80000000,,valuations_fallback,0.23800000,0.21800000,0.00009147,0.00012926,0.01950000,0.01700000,0.02200000,0.00500000,live_clob,15786.07316000,367306.77106800,,,,,,,,-2.18707402,1.68707402,sell_yes_or_buy_no,-1.68707402,-0.03456234,,true,false,false,near-fair,4714.80000000,snapshot,0.05475000,127862542.41000000,0.00000000,,Options model falls back to latest gold_opt_iv_30d from daily-valuations.csv. Hit/reach market uses tested one-touch probability model; incomplete rows fall back to 2x terminal probability. Polymarket quote refreshed from live CLOB during heatmap generation.
2026-05-12T22,relative_value_heatmap_v2_one_touch,GOLD,gc-hit-jun-2026,1032270,"Will Gold (GC) hit (HIGH) $6,200 by end of June?",June 2026,above,6200.00000000,2026-06-30T17:30:00Z,48.81250000,4714.80000000,GOLD_VALUATION_IV,4714.80000000,,valuations_fallback,0.23800000,0.21800000,0.00065611,0.00176652,0.02350000,0.01700000,0.03000000,0.01300000,live_clob,12293.29612000,104050.09513400,0.76045161,0.03090269,cheap_vs_underlying_cap_bearish,,,,,-2.82334753,1.52334753,sell_yes_or_buy_no,-1.52334753,-0.03120814,,true,false,false,near-fair,4714.80000000,snapshot,0.05475000,127862542.41000000,0.00000000,cheap_vs_underlying_cap_bearish,Options model falls back to latest gold_opt_iv_30d from daily-valuations.csv. Hit/reach market uses tested one-touch probability model; incomplete rows fall back to 2x terminal probability. Polymarket quote refreshed from live CLOB during heatmap generation. Underlying upside cap YES price is 76.0%; PM trades at 3% of cap.
2026-05-12T22,relative_value_heatmap_v2_one_touch,GOLD,gc-over-under-jun-2026,1032282,"Will Gold (GC) settle over $7,000 on the final trading day of June 2026?",June 2026,above,7000.00000000,2026-06-30T17:30:00Z,48.81250000,4714.80000000,GOLD_VALUATION_IV,4714.80000000,,valuations_fallback,0.23800000,0.21800000,0.00000194,0.00000194,0.01600000,0.01400000,0.01800000,0.00400000,live_clob,1005.58336000,22446.05336200,,,,,,,,-1.79980647,1.39980647,sell_yes_or_buy_no,-1.39980647,-0.02867721,,true,false,false,near-fair,4714.80000000,snapshot,0.05475000,127862542.41000000,0.00000000,,Options model falls back to latest gold_opt_iv_30d from daily-valuations.csv. Polymarket quote refreshed from live CLOB during heatmap generation.
2026-05-12T22,relative_value_heatmap_v2_one_touch,GOLD,gc-hit-jun-2026,1032268,"Will Gold (GC) hit (HIGH) $7,000 by end of June?",June 2026,above,7000.00000000,2026-06-30T17:30:00Z,48.81250000,4714.80000000,GOLD_VALUATION_IV,4714.80000000,,valuations_fallback,0.23800000,0.21800000,0.00000194,0.00000585,0.01450000,0.01400000,0.01500000,0.00100000,live_clob,17252.61077000,540183.61721100,0.67354286,0.02152795,cheap_vs_underlying_cap_bearish,,,,,-1.49941525,1.39941525,sell_yes_or_buy_no,-1.39941525,-0.02866920,,true,false,false,near-fair,4714.80000000,snapshot,0.05475000,127862542.41000000,0.00000000,cheap_vs_underlying_cap_bearish,Options model falls back to latest gold_opt_iv_30d from daily-valuations.csv. Hit/reach market uses tested one-touch probability model; incomplete rows fall back to 2x terminal probability. Polymarket quote refreshed from live CLOB during heatmap generation. Underlying upside cap YES price is 67.4%; PM trades at 2% of cap.
2026-05-12T22,relative_value_heatmap_v2_one_touch,GOLD,gc-settle-jun-2026,1032262,"Will Gold (GC) settle at $5,800-$6,200 in June?",June 2026,above,6000.00000000,2026-06-30T17:30:00Z,48.81250000,4714.80000000,GOLD_VALUATION_IV,4714.80000000,,valuations_fallback,0.23800000,0.21800000,0.00666212,0.00666212,0.02050000,0.02000000,0.02100000,0.00100000,live_clob,3539.68902000,246338.18043600,,,,0.98900000,-0.01100000,0.03850000,0.00850000,-1.43378833,1.33378833,sell_yes_or_buy_no,-1.33378833,-0.02732473,,true,false,false,near-fair,4714.80000000,snapshot,0.05475000,127862542.41000000,0.00000000,,Options model falls back to latest gold_opt_iv_30d from daily-valuations.csv. Settlement bucket modeled as probability between 5800 and 6200. Polymarket quote refreshed from live CLOB during heatmap generation.
2026-05-12T22,relative_value_heatmap_v2_one_touch,GOLD,gc-over-under-jun-2026,1032281,"Will Gold (GC) settle over $8,000 on the final trading day of June 2026?",June 2026,above,8000.00000000,2026-06-30T17:30:00Z,48.81250000,4714.80000000,GOLD_VALUATION_IV,4714.80000000,,valuations_fallback,0.23800000,0.21800000,0.00000000,0.00000000,0.02950000,0.01300000,0.04600000,0.03300000,live_clob,2263.25542000,2684.02362500,,,,,,,,-4.59999996,1.29999996,sell_yes_or_buy_no,-1.29999996,-0.02663252,,true,false,false,near-fair,4714.80000000,snapshot,0.05475000,127862542.41000000,0.00000000,,Options model falls back to latest gold_opt_iv_30d from daily-valuations.csv. Polymarket quote refreshed from live CLOB during heatmap generation.
2026-05-12T22,relative_value_heatmap_v2_one_touch,GOLD,gc-hit-jun-2026,1032267,"Will Gold (GC) hit (HIGH) $8,000 by end of June?",June 2026,above,8000.00000000,2026-06-30T17:30:00Z,48.81250000,4714.80000000,GOLD_VALUATION_IV,4714.80000000,,valuations_fallback,0.23800000,0.21800000,0.00000000,0.00000000,0.01050000,0.01000000,0.01100000,0.00100000,live_clob,11380.16062000,345444.05364400,0.58935000,0.01781624,cheap_vs_underlying_cap_bearish,,,,,-1.09999988,0.99999988,sell_yes_or_buy_no,-0.99999988,-0.02048655,,true,false,false,near-fair,4714.80000000,snapshot,0.05475000,127862542.41000000,0.00000000,cheap_vs_underlying_cap_bearish,Options model falls back to latest gold_opt_iv_30d from daily-valuations.csv. Hit/reach market uses tested one-touch probability model; incomplete rows fall back to 2x terminal probability. Polymarket quote refreshed from live CLOB during heatmap generation. Underlying upside cap YES price is 58.9%; PM trades at 2% of cap.
2026-05-12T22,relative_value_heatmap_v2_one_touch,GOLD,gc-hit-jun-2026,1032272,"Will Gold (GC) hit (HIGH) $5,500 by end of June?",June 2026,above,5500.00000000,2026-06-30T17:30:00Z,48.81250000,4714.80000000,GOLD_VALUATION_IV,4714.80000000,,valuations_fallback,0.23800000,0.21800000,0.03389253,0.08185020,0.08300000,0.07500000,0.09100000,0.01600000,live_clob,18532.84071000,1278720.66399400,0.85723636,0.09682277,cheap_vs_underlying_cap_bearish,,,,,-0.91497951,-0.68502049,avoid_buy_yes,-0.91497951,-0.01874478,,false,false,false,near-fair,4714.80000000,snapshot,0.05475000,127862542.41000000,0.00000000,cheap_vs_underlying_cap_bearish,Options model falls back to latest gold_opt_iv_30d from daily-valuations.csv. Hit/reach market uses tested one-touch probability model; incomplete rows fall back to 2x terminal probability. Polymarket quote refreshed from live CLOB during heatmap generation. Underlying upside cap YES price is 85.7%; PM trades at 10% of cap.
2026-05-12T22,relative_value_heatmap_v2_one_touch,GOLD,gc-settle-jun-2026,1032255,"Will Gold (GC) settle at <$3,800 in June?",June 2026,below,3800.00000000,2026-06-30T17:30:00Z,48.81250000,4714.80000000,GOLD_VALUATION_IV,4714.80000000,,valuations_fallback,0.23800000,0.21800000,0.00706595,0.00706595,0.01500000,0.01400000,0.01600000,0.00200000,live_clob,3598.32872000,226652.83657100,,,,0.98900000,-0.01100000,0.03850000,0.00850000,-0.89340533,0.69340533,sell_yes_or_buy_no,-0.69340533,-0.01420549,,true,false,false,near-fair,4714.80000000,snapshot,0.05475000,127862542.41000000,0.00000000,,Options model falls back to latest gold_opt_iv_30d from daily-valuations.csv. Polymarket quote refreshed from live CLOB during heatmap generation.
2026-05-12T22,relative_value_heatmap_v2_one_touch,GOLD,gc-hit-jun-2026,2001254,"Will Gold (GC) hit (HIGH) $5,400 by end of June?",June 2026,above,5400.00000000,2026-06-30T17:30:00Z,48.81250000,4714.80000000,GOLD_VALUATION_IV,4714.80000000,,valuations_fallback,0.23800000,0.21800000,0.05326189,0.12660347,0.11000000,0.10000000,0.12000000,0.02000000,live_clob,15432.76210000,47321.17859300,0.87311111,0.12598626,cheap_vs_underlying_cap_bearish,,,,,0.66034660,-2.66034660,buy_yes,0.66034660,0.01352823,,true,false,false,near-fair,4714.80000000,snapshot,0.05475000,127862542.41000000,0.00000000,cheap_vs_underlying_cap_bearish,Options model falls back to latest gold_opt_iv_30d from daily-valuations.csv. Hit/reach market uses tested one-touch probability model; incomplete rows fall back to 2x terminal probability. Polymarket quote refreshed from live CLOB during heatmap generation. Underlying upside cap YES price is 87.3%; PM trades at 13% of cap.
2026-05-12T22,relative_value_heatmap_v2_one_touch,GOLD,gc-hit-jun-2026,1295945,"Will Gold (GC) hit (HIGH) $10,000 by end of June?",June 2026,above,10000.00000000,2026-06-30T17:30:00Z,48.81250000,4714.80000000,GOLD_VALUATION_IV,4714.80000000,,valuations_fallback,0.23800000,0.21800000,0.00000000,0.00000000,0.00700000,0.00500000,0.00900000,0.00400000,live_clob,15401.00561000,240241.34772900,0.47148000,0.01484687,cheap_vs_underlying_cap_bearish,,,,,-0.90000000,0.50000000,sell_yes_or_buy_no,-0.50000000,-0.01024328,,true,false,false,near-fair,4714.80000000,snapshot,0.05475000,127862542.41000000,0.00000000,cheap_vs_underlying_cap_bearish,Options model falls back to latest gold_opt_iv_30d from daily-valuations.csv. Hit/reach market uses tested one-touch probability model; incomplete rows fall back to 2x terminal probability. Polymarket quote refreshed from live CLOB during heatmap generation. Underlying upside cap YES price is 47.1%; PM trades at 1% of cap.
2026-05-12T22,relative_value_heatmap_v2_one_touch,GOLD,gc-hit-jun-2026,1295944,"Will Gold (GC) hit (HIGH) $9,000 by end of June?",June 2026,above,9000.00000000,2026-06-30T17:30:00Z,48.81250000,4714.80000000,GOLD_VALUATION_IV,4714.80000000,,valuations_fallback,0.23800000,0.21800000,0.00000000,0.00000000,0.00700000,0.00500000,0.00900000,0.00400000,live_clob,19587.49197000,118458.07601400,0.52386667,0.01336218,cheap_vs_underlying_cap_bearish,,,,,-0.90000000,0.50000000,sell_yes_or_buy_no,-0.50000000,-0.01024328,,true,false,false,near-fair,4714.80000000,snapshot,0.05475000,127862542.41000000,0.00000000,cheap_vs_underlying_cap_bearish,Options model falls back to latest gold_opt_iv_30d from daily-valuations.csv. Hit/reach market uses tested one-touch probability model; incomplete rows fall back to 2x terminal probability. Polymarket quote refreshed from live CLOB during heatmap generation. Underlying upside cap YES price is 52.4%; PM trades at 1% of cap.
2026-05-12T22,relative_value_heatmap_v2_one_touch,GOLD,gc-hit-jun-2026,1272717,"Will Gold (GC) hit (HIGH) $8,500 by end of June?",June 2026,above,8500.00000000,2026-06-30T17:30:00Z,48.81250000,4714.80000000,GOLD_VALUATION_IV,4714.80000000,,valuations_fallback,0.23800000,0.21800000,0.00000000,0.00000000,0.00750000,0.00500000,0.01000000,0.00500000,live_clob,13270.39818000,302053.11885400,0.55468235,0.01352125,cheap_vs_underlying_cap_bearish,,,,,-1.00000000,0.50000000,sell_yes_or_buy_no,-0.50000000,-0.01024328,,true,false,false,near-fair,4714.80000000,snapshot,0.05475000,127862542.41000000,0.00000000,cheap_vs_underlying_cap_bearish,Options model falls back to latest gold_opt_iv_30d from daily-valuations.csv. Hit/reach market uses tested one-touch probability model; incomplete rows fall back to 2x terminal probability. Polymarket quote refreshed from live CLOB during heatmap generation. Underlying upside cap YES price is 55.5%; PM trades at 1% of cap.
2026-05-12T22,relative_value_heatmap_v2_one_touch,GOLD,gc-hit-jun-2026,1032278,"Will Gold (GC) hit (LOW) $4,200 by end of June?",June 2026,below,4200.00000000,2026-06-30T17:30:00Z,48.81250000,4714.80000000,GOLD_VALUATION_IV,4714.80000000,,valuations_fallback,0.23800000,0.21800000,0.09760999,0.16707196,0.16500000,0.16000000,0.17000000,0.01000000,live_clob,8137.93190000,299597.58312200,,,,,,,,-0.29280383,-0.70719617,avoid_buy_yes,-0.29280383,-0.00599854,,false,false,false,near-fair,4714.80000000,snapshot,0.05475000,127862542.41000000,0.00000000,,Options model falls back to latest gold_opt_iv_30d from daily-valuations.csv. Hit/reach market uses tested one-touch probability model; incomplete rows fall back to 2x terminal probability. Polymarket quote refreshed from live CLOB during heatmap generation.
2026-05-12T22,relative_value_heatmap_v2_one_touch,GOLD,gc-settle-jun-2026,1032260,"Will Gold (GC) settle at $5,000-$5,400 in June?",June 2026,above,5200.00000000,2026-06-30T17:30:00Z,48.81250000,4714.80000000,GOLD_VALUATION_IV,4714.80000000,,valuations_fallback,0.23800000,0.21800000,0.18155110,0.18155110,0.18100000,0.17900000,0.18300000,0.00400000,live_clob,2037.66434000,60724.03779300,,,,0.98900000,-0.01100000,0.03850000,0.00850000,-0.14488963,-0.25511037,avoid_buy_yes,-0.14488963,-0.00296829,,false,false,false,near-fair,4714.80000000,snapshot,0.05475000,127862542.41000000,0.00000000,,Options model falls back to latest gold_opt_iv_30d from daily-valuations.csv. Settlement bucket modeled as probability between 5000 and 5400. Polymarket quote refreshed from live CLOB during heatmap generation.
2026-05-12T22,relative_value_heatmap_v2_one_touch,GOLD,gc-settle-jun-2026,1032256,"Will Gold (GC) settle at $3,800-$4,200 in June?",June 2026,above,4000.00000000,2026-06-30T17:30:00Z,48.81250000,4714.80000000,GOLD_VALUATION_IV,4714.80000000,,valuations_fallback,0.23800000,0.21800000,0.09054405,0.09054405,0.09050000,0.09000000,0.09100000,0.00100000,live_clob,9302.40634000,50384.08715200,,,,0.98900000,-0.01100000,0.03850000,0.00850000,-0.04559527,-0.05440473,avoid_buy_yes,-0.04559527,-0.00093409,,false,false,false,near-fair,4714.80000000,snapshot,0.05475000,127862542.41000000,0.00000000,,Options model falls back to latest gold_opt_iv_30d from daily-valuations.csv. Settlement bucket modeled as probability between 3800 and 4200. Polymarket quote refreshed from live CLOB during heatmap generation.
2026-05-12T22,relative_value_heatmap_v2_one_touch,GOLD,gc-hit-jun-2026,2001189,"Will Gold (GC) hit (LOW) $4,500 by end of June?",June 2026,below,4500.00000000,2026-06-30T17:30:00Z,48.81250000,4714.80000000,GOLD_VALUATION_IV,4714.80000000,,valuations_fallback,0.23800000,0.21800000,0.30973416,0.55990211,0.53500000,0.51000000,0.56000000,0.05000000,live_clob,915.39780000,30024.82481300,,,,,,,,-0.00978919,-4.99021081,avoid_buy_yes,-0.00978919,-0.00020055,,false,false,false,near-fair,4714.80000000,snapshot,0.05475000,127862542.41000000,0.00000000,wide_pm_spread;low_pm_liquidity,Options model falls back to latest gold_opt_iv_30d from daily-valuations.csv. Hit/reach market uses tested one-touch probability model; incomplete rows fall back to 2x terminal probability. Polymarket quote refreshed from live CLOB during heatmap generation.
2026-05-12T22,relative_value_heatmap_v2_one_touch,OIL,cl-hit-jun-2026,2233175,Will Crude Oil (CL) hit (LOW) $85 by end of June?,June 2026,below,85.00000000,2026-06-30T18:30:00Z,48.85416667,98.91200000,OIL_VALUATION_IV,98.91200000,,valuations_fallback,0.64800000,0.56300000,0.29913500,0.44601002,0.66500000,0.43000000,0.90000000,0.47000000,live_clob,4020.31650000,,,,,,,,,-45.39899831,-1.60100169,avoid_buy_yes,-45.39899831,-0.92927587,,false,false,false,strong-short-rich-tail,98.90400000,live_hyperliquid_xyz_cl,-0.72555313,178164729.37473601,-0.00808800,wide_pm_spread;extreme_perp_funding,Options model falls back to latest oil_opt_iv_30d from daily-valuations.csv. Hit/reach market uses tested one-touch probability model; incomplete rows fall back to 2x terminal probability. Polymarket quote refreshed from live CLOB during heatmap generation.
2026-05-12T22,relative_value_heatmap_v2_one_touch,OIL,cl-hit-jun-2026,2213806,Will Crude Oil (CL) hit (HIGH) $110 by end of June?,June 2026,above,110.00000000,2026-06-30T18:30:00Z,48.85416667,98.91200000,OIL_VALUATION_IV,98.91200000,,valuations_fallback,0.64800000,0.56300000,0.28455893,0.73826081,0.56000000,0.55000000,0.57000000,0.02000000,live_clob,3746.29290000,3129.38691000,0.89920000,0.62277580,mid_underlying_cap_ratio,,,,,16.82608104,-18.82608104,buy_yes,16.82608104,0.34441445,,true,false,false,long-tail,98.90400000,live_hyperliquid_xyz_cl,-0.72555313,178164729.37473601,-0.00808800,extreme_perp_funding,Options model falls back to latest oil_opt_iv_30d from daily-valuations.csv. Hit/reach market uses tested one-touch probability model; incomplete rows fall back to 2x terminal probability. Polymarket quote refreshed from live CLOB during heatmap generation. Underlying upside cap YES price is 89.9%; PM trades at 62% of cap.
2026-05-12T22,relative_value_heatmap_v2_one_touch,OIL,cl-hit-jun-2026,1652706,Will Crude Oil (CL) hit (LOW) $80 by end of June?,June 2026,below,80.00000000,2026-06-30T18:30:00Z,48.85416667,98.91200000,OIL_VALUATION_IV,98.91200000,,valuations_fallback,0.64800000,0.56300000,0.21632808,0.30780041,0.47500000,0.46000000,0.49000000,0.03000000,live_clob,38391.21510000,295493.28460100,,,,,,,,-18.21995898,15.21995898,sell_yes_or_buy_no,-15.21995898,-0.31153861,,true,false,false,short-rich-tail,98.90400000,live_hyperliquid_xyz_cl,-0.72555313,178164729.37473601,-0.00808800,extreme_perp_funding,Options model falls back to latest oil_opt_iv_30d from daily-valuations.csv. Hit/reach market uses tested one-touch probability model; incomplete rows fall back to 2x terminal probability. Polymarket quote refreshed from live CLOB during heatmap generation.
2026-05-12T22,relative_value_heatmap_v2_one_touch,OIL,cl-settle-jun-2026,1032399,Will Crude Oil (CL) settle at $77-$84 in June?,June 2026,above,80.50000000,2026-06-30T18:30:00Z,48.85416667,98.91200000,OIL_VALUATION_IV,98.91200000,,valuations_fallback,0.64800000,0.56300000,0.11012190,0.11012190,0.20500000,0.19000000,0.22000000,0.03000000,live_clob,1003.73660000,12944.25374900,,,,1.01800000,0.01800000,0.67000000,0.64000000,-10.98780964,7.98780964,sell_yes_or_buy_no,-7.98780964,-0.16350314,,true,false,false,mild-short-rich-tail,98.90400000,live_hyperliquid_xyz_cl,-0.72555313,178164729.37473601,-0.00808800,extreme_perp_funding,Options model falls back to latest oil_opt_iv_30d from daily-valuations.csv. Settlement bucket modeled as probability between 77 and 84. Polymarket quote refreshed from live CLOB during heatmap generation.
2026-05-12T22,relative_value_heatmap_v2_one_touch,OIL,cl-hit-jun-2026,1652697,Will Crude Oil (CL) hit (LOW) $70 by end of June?,June 2026,below,70.00000000,2026-06-30T18:30:00Z,48.85416667,98.91200000,OIL_VALUATION_IV,98.91200000,,valuations_fallback,0.64800000,0.56300000,0.08812289,0.11237709,0.18500000,0.18000000,0.19000000,0.01000000,live_clob,27497.23820000,356709.34834200,,,,,,,,-7.76229100,6.76229100,sell_yes_or_buy_no,-6.76229100,-0.13841790,,true,false,false,mild-short-rich-tail,98.90400000,live_hyperliquid_xyz_cl,-0.72555313,178164729.37473601,-0.00808800,extreme_perp_funding,Options model falls back to latest oil_opt_iv_30d from daily-valuations.csv. Hit/reach market uses tested one-touch probability model; incomplete rows fall back to 2x terminal probability. Polymarket quote refreshed from live CLOB during heatmap generation.
2026-05-12T22,relative_value_heatmap_v2_one_touch,OIL,cl-settle-jun-2026,1032400,Will Crude Oil (CL) settle at >$84 in June?,June 2026,above,84.00000000,2026-06-30T18:30:00Z,48.85416667,98.91200000,OIL_VALUATION_IV,98.91200000,,valuations_fallback,0.64800000,0.56300000,0.71810048,0.71810048,0.65500000,0.65000000,0.66000000,0.01000000,live_clob,3310.46420000,75249.79229000,,,,1.01800000,0.01800000,0.67000000,0.64000000,5.81004768,-6.81004768,buy_yes,5.81004768,0.11892635,,true,false,false,mild-long-tail,98.90400000,live_hyperliquid_xyz_cl,-0.72555313,178164729.37473601,-0.00808800,extreme_perp_funding,Options model falls back to latest oil_opt_iv_30d from daily-valuations.csv. Polymarket quote refreshed from live CLOB during heatmap generation.
2026-05-12T22,relative_value_heatmap_v2_one_touch,OIL,cl-over-under-jun-2026,1032417,Will Crude Oil (CL) settle over $80 on the final trading day of June 2026?,June 2026,above,80.00000000,2026-06-30T18:30:00Z,48.85416667,98.91200000,OIL_VALUATION_IV,98.91200000,,valuations_fallback,0.64800000,0.56300000,0.78367192,0.78367192,0.66500000,0.60000000,0.73000000,0.13000000,live_clob,353.43090000,5476.60092400,,,,,,,,5.36719197,-18.36719197,buy_yes,5.36719197,0.10986150,,false,false,false,mild-long-tail,98.90400000,live_hyperliquid_xyz_cl,-0.72555313,178164729.37473601,-0.00808800,wide_pm_spread;low_pm_liquidity;extreme_perp_funding,Options model falls back to latest oil_opt_iv_30d from daily-valuations.csv. Polymarket quote refreshed from live CLOB during heatmap generation.
2026-05-12T22,relative_value_heatmap_v2_one_touch,OIL,cl-hit-jun-2026,1652691,Will Crude Oil (CL) hit (HIGH) $175 by end of June?,June 2026,above,175.00000000,2026-06-30T18:30:00Z,48.85416667,98.91200000,OIL_VALUATION_IV,98.91200000,,valuations_fallback,0.64800000,0.56300000,0.00548753,0.02098257,0.07500000,0.07000000,0.08000000,0.01000000,live_clob,171829.93140000,1922178.60657700,0.56521143,0.13269371,cheap_vs_underlying_cap_bearish,,,,,-5.90174287,4.90174287,sell_yes_or_buy_no,-4.90174287,-0.10033418,,true,false,false,near-fair,98.90400000,live_hyperliquid_xyz_cl,-0.72555313,178164729.37473601,-0.00808800,extreme_perp_funding;cheap_vs_underlying_cap_bearish,Options model falls back to latest oil_opt_iv_30d from daily-valuations.csv. Hit/reach market uses tested one-touch probability model; incomplete rows fall back to 2x terminal probability. Polymarket quote refreshed from live CLOB during heatmap generation. Underlying upside cap YES price is 56.5%; PM trades at 13% of cap.
2026-05-12T22,relative_value_heatmap_v2_one_touch,OIL,cl-hit-jun-2026,1652672,Will Crude Oil (CL) hit (HIGH) $115 by end of June?,June 2026,above,115.00000000,2026-06-30T18:30:00Z,48.85416667,98.91200000,OIL_VALUATION_IV,98.91200000,,valuations_fallback,0.64800000,0.56300000,0.22412022,0.60086434,0.54900000,0.54500000,0.55300000,0.00800000,live_clob,22129.38932000,631459.32704200,0.86010435,0.63829465,mid_underlying_cap_ratio,,,,,4.78643434,-5.58643434,buy_yes,4.78643434,0.09797392,,true,false,false,near-fair,98.90400000,live_hyperliquid_xyz_cl,-0.72555313,178164729.37473601,-0.00808800,extreme_perp_funding,Options model falls back to latest oil_opt_iv_30d from daily-valuations.csv. Hit/reach market uses tested one-touch probability model; incomplete rows fall back to 2x terminal probability. Polymarket quote refreshed from live CLOB during heatmap generation. Underlying upside cap YES price is 86.0%; PM trades at 64% of cap.
2026-05-12T22,relative_value_heatmap_v2_one_touch,OIL,cl-over-under-jun-2026,1032420,Will Crude Oil (CL) settle over $65 on the final trading day of June 2026?,June 2026,above,65.00000000,2026-06-30T18:30:00Z,48.85416667,98.91200000,OIL_VALUATION_IV,98.91200000,,valuations_fallback,0.64800000,0.56300000,0.95229231,0.95229231,0.86250000,0.81500000,0.91000000,0.09500000,live_clob,543.80207000,734.55575200,,,,,,,,4.22923125,-13.72923125,buy_yes,4.22923125,0.08656849,,false,false,false,near-fair,98.90400000,live_hyperliquid_xyz_cl,-0.72555313,178164729.37473601,-0.00808800,wide_pm_spread;low_pm_liquidity;extreme_perp_funding,Options model falls back to latest oil_opt_iv_30d from daily-valuations.csv. Polymarket quote refreshed from live CLOB during heatmap generation.
2026-05-12T22,relative_value_heatmap_v2_one_touch,OIL,cl-hit-jun-2026,2235983,Will Crude Oil (CL) hit (HIGH) $105 by end of June?,June 2026,above,105.00000000,2026-06-30T18:30:00Z,48.85416667,98.91200000,OIL_VALUATION_IV,98.91200000,,valuations_fallback,0.64800000,0.56300000,0.35511144,0.89153435,0.83500000,0.74000000,0.93000000,0.19000000,live_clob,1981.20580000,,0.94201905,0.88639397,near_underlying_cap_bullish,,,,,-3.84656532,-15.15343468,avoid_buy_yes,-3.84656532,-0.07873567,,false,false,false,near-fair,98.90400000,live_hyperliquid_xyz_cl,-0.72555313,178164729.37473601,-0.00808800,wide_pm_spread;extreme_perp_funding;near_underlying_cap_bullish,Options model falls back to latest oil_opt_iv_30d from daily-valuations.csv. Hit/reach market uses tested one-touch probability model; incomplete rows fall back to 2x terminal probability. Polymarket quote refreshed from live CLOB during heatmap generation. Underlying upside cap YES price is 94.2%; PM trades at 89% of cap.
2026-05-12T22,relative_value_heatmap_v2_one_touch,OIL,cl-hit-jun-2026,1652695,Will Crude Oil (CL) hit (LOW) $60 by end of June?,June 2026,below,60.00000000,2026-06-30T18:30:00Z,48.85416667,98.91200000,OIL_VALUATION_IV,98.91200000,,valuations_fallback,0.64800000,0.56300000,0.02233095,0.02489561,0.06500000,0.06000000,0.07000000,0.01000000,live_clob,123931.46710000,295811.94384000,,,,,,,,-4.51043877,3.51043877,sell_yes_or_buy_no,-3.51043877,-0.07185546,,true,false,false,near-fair,98.90400000,live_hyperliquid_xyz_cl,-0.72555313,178164729.37473601,-0.00808800,extreme_perp_funding,Options model falls back to latest oil_opt_iv_30d from daily-valuations.csv. Hit/reach market uses tested one-touch probability model; incomplete rows fall back to 2x terminal probability. Polymarket quote refreshed from live CLOB during heatmap generation.
2026-05-12T22,relative_value_heatmap_v2_one_touch,OIL,cl-hit-jun-2026,1494703,Will Crude Oil (CL) hit (HIGH) $200 by end of June?,June 2026,above,200.00000000,2026-06-30T18:30:00Z,48.85416667,98.91200000,OIL_VALUATION_IV,98.91200000,,valuations_fallback,0.64800000,0.56300000,0.00093151,0.00402688,0.03700000,0.03600000,0.03800000,0.00200000,live_clob,97594.45143000,3469677.68649400,0.49456000,0.07481398,cheap_vs_underlying_cap_bearish,,,,,-3.39731208,3.19731208,sell_yes_or_buy_no,-3.19731208,-0.06544605,,true,false,false,near-fair,98.90400000,live_hyperliquid_xyz_cl,-0.72555313,178164729.37473601,-0.00808800,extreme_perp_funding;cheap_vs_underlying_cap_bearish,Options model falls back to latest oil_opt_iv_30d from daily-valuations.csv. Hit/reach market uses tested one-touch probability model; incomplete rows fall back to 2x terminal probability. Polymarket quote refreshed from live CLOB during heatmap generation. Underlying upside cap YES price is 49.5%; PM trades at 7% of cap.
2026-05-12T22,relative_value_heatmap_v2_one_touch,OIL,cl-hit-jun-2026,1032408,Will Crude Oil (CL) hit (LOW) $55 by end of June?,June 2026,below,55.00000000,2026-06-30T18:30:00Z,48.85416667,98.91200000,OIL_VALUATION_IV,98.91200000,,valuations_fallback,0.64800000,0.56300000,0.00870858,0.00897579,0.03750000,0.03700000,0.03800000,0.00100000,live_clob,89959.35067000,203962.31727900,,,,,,,,-2.90242063,2.80242063,sell_yes_or_buy_no,-2.80242063,-0.05736298,,true,false,false,near-fair,98.90400000,live_hyperliquid_xyz_cl,-0.72555313,178164729.37473601,-0.00808800,extreme_perp_funding,Options model falls back to latest oil_opt_iv_30d from daily-valuations.csv. Hit/reach market uses tested one-touch probability model; incomplete rows fall back to 2x terminal probability. Polymarket quote refreshed from live CLOB during heatmap generation.
2026-05-12T22,relative_value_heatmap_v2_one_touch,OIL,cl-over-under-jun-2026,1032421,Will Crude Oil (CL) settle over $63 on the final trading day of June 2026?,June 2026,above,63.00000000,2026-06-30T18:30:00Z,48.85416667,98.91200000,OIL_VALUATION_IV,98.91200000,,valuations_fallback,0.64800000,0.56300000,0.96409953,0.96409953,0.93000000,0.92000000,0.94000000,0.02000000,live_clob,1236.38450000,8929.33600100,,,,,,,,2.40995298,-4.40995298,buy_yes,2.40995298,0.04932953,,true,false,false,near-fair,98.90400000,live_hyperliquid_xyz_cl,-0.72555313,178164729.37473601,-0.00808800,extreme_perp_funding,Options model falls back to latest oil_opt_iv_30d from daily-valuations.csv. Polymarket quote refreshed from live CLOB during heatmap generation.
2026-05-12T22,relative_value_heatmap_v2_one_touch,OIL,cl-hit-jun-2026,1494702,Will Crude Oil (CL) hit (HIGH) $150 by end of June?,June 2026,above,150.00000000,2026-06-30T18:30:00Z,48.85416667,98.91200000,OIL_VALUATION_IV,98.91200000,,valuations_fallback,0.64800000,0.56300000,0.02950815,0.09835568,0.12500000,0.12000000,0.13000000,0.01000000,live_clob,56817.66820000,2289773.40000800,0.65941333,0.18956244,cheap_vs_underlying_cap_bearish,,,,,-3.16443225,2.16443225,sell_yes_or_buy_no,-2.16443225,-0.04430394,,true,false,false,near-fair,98.90400000,live_hyperliquid_xyz_cl,-0.72555313,178164729.37473601,-0.00808800,extreme_perp_funding;cheap_vs_underlying_cap_bearish,Options model falls back to latest oil_opt_iv_30d from daily-valuations.csv. Hit/reach market uses tested one-touch probability model; incomplete rows fall back to 2x terminal probability. Polymarket quote refreshed from live CLOB during heatmap generation. Underlying upside cap YES price is 65.9%; PM trades at 19% of cap.
2026-05-12T22,relative_value_heatmap_v2_one_touch,OIL,cl-over-under-jun-2026,1032423,Will Crude Oil (CL) settle over $56 on the final trading day of June 2026?,June 2026,above,56.00000000,2026-06-30T18:30:00Z,48.85416667,98.91200000,OIL_VALUATION_IV,98.91200000,,valuations_fallback,0.64800000,0.56300000,0.98930898,0.98930898,0.94350000,0.91800000,0.96900000,0.05100000,live_clob,1038.81867000,4670.80692300,,,,,,,,2.03089776,-7.13089776,buy_yes,2.03089776,0.04157062,,false,false,false,near-fair,98.90400000,live_hyperliquid_xyz_cl,-0.72555313,178164729.37473601,-0.00808800,wide_pm_spread;extreme_perp_funding,Options model falls back to latest oil_opt_iv_30d from daily-valuations.csv. Polymarket quote refreshed from live CLOB during heatmap generation.
2026-05-12T22,relative_value_heatmap_v2_one_touch,OIL,cl-hit-jun-2026,1032409,Will Crude Oil (CL) hit (LOW) $52 by end of June?,June 2026,below,52.00000000,2026-06-30T18:30:00Z,48.85416667,98.91200000,OIL_VALUATION_IV,98.91200000,,valuations_fallback,0.64800000,0.56300000,0.00444490,0.00444490,0.02250000,0.02200000,0.02300000,0.00100000,live_clob,79058.72225000,138451.83148100,,,,,,,,-1.85550954,1.75550954,sell_yes_or_buy_no,-1.75550954,-0.03593367,,true,false,false,near-fair,98.90400000,live_hyperliquid_xyz_cl,-0.72555313,178164729.37473601,-0.00808800,extreme_perp_funding,Options model falls back to latest oil_opt_iv_30d from daily-valuations.csv. Hit/reach market uses tested one-touch probability model; incomplete rows fall back to 2x terminal probability. Polymarket quote refreshed from live CLOB during heatmap generation.
2026-05-12T22,relative_value_heatmap_v2_one_touch,OIL,cl-hit-jun-2026,1032410,Will Crude Oil (CL) hit (LOW) $50 by end of June?,June 2026,below,50.00000000,2026-06-30T18:30:00Z,48.85416667,98.91200000,OIL_VALUATION_IV,98.91200000,,valuations_fallback,0.64800000,0.56300000,0.00269276,0.00269276,0.02200000,0.02000000,0.02400000,0.00400000,live_clob,23439.33326000,124000.42840300,,,,,,,,-2.13072422,1.73072422,sell_yes_or_buy_no,-1.73072422,-0.03542634,,true,false,false,near-fair,98.90400000,live_hyperliquid_xyz_cl,-0.72555313,178164729.37473601,-0.00808800,extreme_perp_funding,Options model falls back to latest oil_opt_iv_30d from daily-valuations.csv. Hit/reach market uses tested one-touch probability model; incomplete rows fall back to 2x terminal probability. Polymarket quote refreshed from live CLOB during heatmap generation.
2026-05-12T22,relative_value_heatmap_v2_one_touch,OIL,cl-hit-jun-2026,1032412,Will Crude Oil (CL) hit (LOW) $45 by end of June?,June 2026,below,45.00000000,2026-06-30T18:30:00Z,48.85416667,98.91200000,OIL_VALUATION_IV,98.91200000,,valuations_fallback,0.64800000,0.56300000,0.00061680,0.00061680,0.01750000,0.01700000,0.01800000,0.00100000,live_clob,5329.02110000,42550.73479500,,,,,,,,-1.73831999,1.63831999,sell_yes_or_buy_no,-1.63831999,-0.03353491,,true,false,false,near-fair,98.90400000,live_hyperliquid_xyz_cl,-0.72555313,178164729.37473601,-0.00808800,extreme_perp_funding,Options model falls back to latest oil_opt_iv_30d from daily-valuations.csv. Hit/reach market uses tested one-touch probability model; incomplete rows fall back to 2x terminal probability. Polymarket quote refreshed from live CLOB during heatmap generation.
2026-05-12T22,relative_value_heatmap_v2_one_touch,OIL,cl-hit-jun-2026,1652690,Will Crude Oil (CL) hit (HIGH) $140 by end of June?,June 2026,above,140.00000000,2026-06-30T18:30:00Z,48.85416667,98.91200000,OIL_VALUATION_IV,98.91200000,,valuations_fallback,0.64800000,0.56300000,0.05538664,0.17397766,0.19500000,0.19000000,0.20000000,0.01000000,live_clob,57361.12570000,1023477.95389400,0.70651429,0.27600291,cheap_vs_underlying_cap_bearish,,,,,-2.60223449,1.60223449,sell_yes_or_buy_no,-1.60223449,-0.03279627,,true,false,false,near-fair,98.90400000,live_hyperliquid_xyz_cl,-0.72555313,178164729.37473601,-0.00808800,extreme_perp_funding;cheap_vs_underlying_cap_bearish,Options model falls back to latest oil_opt_iv_30d from daily-valuations.csv. Hit/reach market uses tested one-touch probability model; incomplete rows fall back to 2x terminal probability. Polymarket quote refreshed from live CLOB during heatmap generation. Underlying upside cap YES price is 70.7%; PM trades at 28% of cap.
2026-05-12T22,relative_value_heatmap_v2_one_touch,OIL,cl-hit-jun-2026,1032413,Will Crude Oil (CL) hit (LOW) $40 by end of June?,June 2026,below,40.00000000,2026-06-30T18:30:00Z,48.85416667,98.91200000,OIL_VALUATION_IV,98.91200000,,valuations_fallback,0.64800000,0.56300000,0.00009506,0.00009506,0.01700000,0.01600000,0.01800000,0.00200000,live_clob,15303.16432000,97475.81130800,,,,,,,,-1.79049367,1.59049367,sell_yes_or_buy_no,-1.59049367,-0.03255595,,true,false,false,near-fair,98.90400000,live_hyperliquid_xyz_cl,-0.72555313,178164729.37473601,-0.00808800,extreme_perp_funding,Options model falls back to latest oil_opt_iv_30d from daily-valuations.csv. Hit/reach market uses tested one-touch probability model; incomplete rows fall back to 2x terminal probability. Polymarket quote refreshed from live CLOB during heatmap generation.
2026-05-12T22,relative_value_heatmap_v2_one_touch,OIL,cl-over-under-jun-2026,1032418,Will Crude Oil (CL) settle over $75 on the final trading day of June 2026?,June 2026,above,75.00000000,2026-06-30T18:30:00Z,48.85416667,98.91200000,OIL_VALUATION_IV,98.91200000,,valuations_fallback,0.64800000,0.56300000,0.85521382,0.85521382,0.82500000,0.78000000,0.87000000,0.09000000,live_clob,322.72970000,15372.22029100,,,,,,,,-1.47861763,-7.52138237,avoid_buy_yes,-1.47861763,-0.03026595,,false,false,false,near-fair,98.90400000,live_hyperliquid_xyz_cl,-0.72555313,178164729.37473601,-0.00808800,wide_pm_spread;low_pm_liquidity;extreme_perp_funding,Options model falls back to latest oil_opt_iv_30d from daily-valuations.csv. Polymarket quote refreshed from live CLOB during heatmap generation.
2026-05-12T22,relative_value_heatmap_v2_one_touch,OIL,cl-over-under-jun-2026,1032419,Will Crude Oil (CL) settle over $70 on the final trading day of June 2026?,June 2026,above,70.00000000,2026-06-30T18:30:00Z,48.85416667,98.91200000,OIL_VALUATION_IV,98.91200000,,valuations_fallback,0.64800000,0.56300000,0.91187711,0.91187711,0.83700000,0.77600000,0.89800000,0.12200000,live_clob,667.06035000,19197.53496500,,,,,,,,1.38771054,-13.58771054,buy_yes,1.38771054,0.02840516,,false,false,false,near-fair,98.90400000,live_hyperliquid_xyz_cl,-0.72555313,178164729.37473601,-0.00808800,wide_pm_spread;low_pm_liquidity;extreme_perp_funding,Options model falls back to latest oil_opt_iv_30d from daily-valuations.csv. Polymarket quote refreshed from live CLOB during heatmap generation.
2026-05-12T22,relative_value_heatmap_v2_one_touch,OIL,cl-hit-jun-2026,1652685,Will Crude Oil (CL) hit (HIGH) $130 by end of June?,June 2026,above,130.00000000,2026-06-30T18:30:00Z,48.85416667,98.91200000,OIL_VALUATION_IV,98.91200000,,valuations_fallback,0.64800000,0.56300000,0.10033697,0.29628183,0.31500000,0.31000000,0.32000000,0.01000000,live_clob,26479.45940000,489001.11800800,0.76086154,0.41400437,mid_underlying_cap_ratio,,,,,-2.37181710,1.37181710,sell_yes_or_buy_no,-1.37181710,-0.02807984,,true,false,false,near-fair,98.90400000,live_hyperliquid_xyz_cl,-0.72555313,178164729.37473601,-0.00808800,extreme_perp_funding,Options model falls back to latest oil_opt_iv_30d from daily-valuations.csv. Hit/reach market uses tested one-touch probability model; incomplete rows fall back to 2x terminal probability. Polymarket quote refreshed from live CLOB during heatmap generation. Underlying upside cap YES price is 76.1%; PM trades at 41% of cap.
2026-05-12T22,relative_value_heatmap_v2_one_touch,OIL,cl-settle-jun-2026,1032397,Will Crude Oil (CL) settle at $63-$70 in June?,June 2026,above,66.50000000,2026-06-30T18:30:00Z,48.85416667,98.91200000,OIL_VALUATION_IV,98.91200000,,valuations_fallback,0.64800000,0.56300000,0.05222242,0.05222242,0.03650000,0.03400000,0.03900000,0.00500000,live_clob,1150.94644000,20199.94696300,,,,1.01800000,0.01800000,0.67000000,0.64000000,1.32224244,-1.82224244,buy_yes,1.32224244,0.02706509,,true,false,false,near-fair,98.90400000,live_hyperliquid_xyz_cl,-0.72555313,178164729.37473601,-0.00808800,extreme_perp_funding,Options model falls back to latest oil_opt_iv_30d from daily-valuations.csv. Settlement bucket modeled as probability between 63 and 70. Polymarket quote refreshed from live CLOB during heatmap generation.
2026-05-12T22,relative_value_heatmap_v2_one_touch,OIL,cl-settle-jun-2026,1032393,Will Crude Oil (CL) settle at <$42 in June?,June 2026,below,42.00000000,2026-06-30T18:30:00Z,48.85416667,98.91200000,OIL_VALUATION_IV,98.91200000,,valuations_fallback,0.64800000,0.56300000,0.00021227,0.00021227,0.01500000,0.01300000,0.01700000,0.00400000,live_clob,4197.46121000,17066.45356200,,,,1.01800000,0.01800000,0.67000000,0.64000000,-1.67877304,1.27877304,sell_yes_or_buy_no,-1.27877304,-0.02617531,,true,false,false,near-fair,98.90400000,live_hyperliquid_xyz_cl,-0.72555313,178164729.37473601,-0.00808800,extreme_perp_funding,Options model falls back to latest oil_opt_iv_30d from daily-valuations.csv. Polymarket quote refreshed from live CLOB during heatmap generation.
2026-05-12T22,relative_value_heatmap_v2_one_touch,OIL,cl-hit-jun-2026,1032414,Will Crude Oil (CL) hit (LOW) $35 by end of June?,June 2026,below,35.00000000,2026-06-30T18:30:00Z,48.85416667,98.91200000,OIL_VALUATION_IV,98.91200000,,valuations_fallback,0.64800000,0.56300000,0.00000856,0.00000856,0.01400000,0.01200000,0.01600000,0.00400000,live_clob,25319.66442000,36756.12286300,,,,,,,,-1.59914422,1.19914422,sell_yes_or_buy_no,-1.19914422,-0.02454538,,true,false,false,near-fair,98.90400000,live_hyperliquid_xyz_cl,-0.72555313,178164729.37473601,-0.00808800,extreme_perp_funding,Options model falls back to latest oil_opt_iv_30d from daily-valuations.csv. Hit/reach market uses tested one-touch probability model; incomplete rows fall back to 2x terminal probability. Polymarket quote refreshed from live CLOB during heatmap generation.
2026-05-12T22,relative_value_heatmap_v2_one_touch,OIL,cl-over-under-jun-2026,1032415,Will Crude Oil (CL) settle over $90 on the final trading day of June 2026?,June 2026,above,90.00000000,2026-06-30T18:30:00Z,48.85416667,98.91200000,OIL_VALUATION_IV,98.91200000,,valuations_fallback,0.64800000,0.56300000,0.61174235,0.61174235,0.58500000,0.57000000,0.60000000,0.03000000,live_clob,963.45580000,24772.13759200,,,,,,,,1.17423456,-4.17423456,buy_yes,1.17423456,0.02403550,,false,false,false,near-fair,98.90400000,live_hyperliquid_xyz_cl,-0.72555313,178164729.37473601,-0.00808800,low_pm_liquidity;extreme_perp_funding,Options model falls back to latest oil_opt_iv_30d from daily-valuations.csv. Polymarket quote refreshed from live CLOB during heatmap generation.
2026-05-12T22,relative_value_heatmap_v2_one_touch,OIL,cl-over-under-jun-2026,1032422,Will Crude Oil (CL) settle over $60 on the final trading day of June 2026?,June 2026,above,60.00000000,2026-06-30T18:30:00Z,48.85416667,98.91200000,OIL_VALUATION_IV,98.91200000,,valuations_fallback,0.64800000,0.56300000,0.97766905,0.97766905,0.95200000,0.93800000,0.96600000,0.02800000,live_clob,1114.97485000,20827.80712000,,,,,,,,1.16690464,-3.96690464,buy_yes,1.16690464,0.02388547,,true,false,false,near-fair,98.90400000,live_hyperliquid_xyz_cl,-0.72555313,178164729.37473601,-0.00808800,extreme_perp_funding,Options model falls back to latest oil_opt_iv_30d from daily-valuations.csv. Polymarket quote refreshed from live CLOB during heatmap generation.
2026-05-12T22,relative_value_heatmap_v2_one_touch,OIL,cl-hit-jun-2026,1032411,Will Crude Oil (CL) hit (LOW) $47 by end of June?,June 2026,below,47.00000000,2026-06-30T18:30:00Z,48.85416667,98.91200000,OIL_VALUATION_IV,98.91200000,,valuations_fallback,0.64800000,0.56300000,0.00115914,0.00115914,0.01400000,0.01100000,0.01700000,0.00600000,live_clob,5892.93978000,25043.76661100,,,,,,,,-1.58408643,0.98408643,sell_yes_or_buy_no,-0.98408643,-0.02014335,,true,false,false,near-fair,98.90400000,live_hyperliquid_xyz_cl,-0.72555313,178164729.37473601,-0.00808800,extreme_perp_funding,Options model falls back to latest oil_opt_iv_30d from daily-valuations.csv. Hit/reach market uses tested one-touch probability model; incomplete rows fall back to 2x terminal probability. Polymarket quote refreshed from live CLOB during heatmap generation.
2026-05-12T22,relative_value_heatmap_v2_one_touch,OIL,cl-hit-jun-2026,1652677,Will Crude Oil (CL) hit (HIGH) $120 by end of June?,June 2026,above,120.00000000,2026-06-30T18:30:00Z,48.85416667,98.91200000,OIL_VALUATION_IV,98.91200000,,valuations_fallback,0.64800000,0.56300000,0.17378651,0.48136212,0.47000000,0.45000000,0.49000000,0.04000000,live_clob,20694.33390000,612191.12199900,0.82426667,0.57020382,mid_underlying_cap_ratio,,,,,-0.86378836,-3.13621164,avoid_buy_yes,-0.86378836,-0.01768096,,false,false,false,near-fair,98.90400000,live_hyperliquid_xyz_cl,-0.72555313,178164729.37473601,-0.00808800,extreme_perp_funding,Options model falls back to latest oil_opt_iv_30d from daily-valuations.csv. Hit/reach market uses tested one-touch probability model; incomplete rows fall back to 2x terminal probability. Polymarket quote refreshed from live CLOB during heatmap generation. Underlying upside cap YES price is 82.4%; PM trades at 57% of cap.
2026-05-12T22,relative_value_heatmap_v2_one_touch,OIL,cl-over-under-jun-2026,1032425,Will Crude Oil (CL) settle over $52 on the final trading day of June 2026?,June 2026,above,52.00000000,2026-06-30T18:30:00Z,48.85416667,98.91200000,OIL_VALUATION_IV,98.91200000,,valuations_fallback,0.64800000,0.56300000,0.99555510,0.99555510,0.95150000,0.91500000,0.98800000,0.07300000,live_clob,1239.04213000,5288.38388500,,,,,,,,0.75550954,-8.05550954,buy_yes,0.75550954,0.01546459,,false,false,false,near-fair,98.90400000,live_hyperliquid_xyz_cl,-0.72555313,178164729.37473601,-0.00808800,wide_pm_spread;extreme_perp_funding,Options model falls back to latest oil_opt_iv_30d from daily-valuations.csv. Polymarket quote refreshed from live CLOB during heatmap generation.
2026-05-12T22,relative_value_heatmap_v2_one_touch,OIL,cl-over-under-jun-2026,1032424,Will Crude Oil (CL) settle over $55 on the final trading day of June 2026?,June 2026,above,55.00000000,2026-06-30T18:30:00Z,48.85416667,98.91200000,OIL_VALUATION_IV,98.91200000,,valuations_fallback,0.64800000,0.56300000,0.99129142,0.99129142,0.94400000,0.90200000,0.98600000,0.08400000,live_clob,664.41396000,2810.48207900,,,,,,,,0.52914153,-8.92914153,buy_yes,0.52914153,0.01083104,,false,false,false,near-fair,98.90400000,live_hyperliquid_xyz_cl,-0.72555313,178164729.37473601,-0.00808800,wide_pm_spread;low_pm_liquidity;extreme_perp_funding,Options model falls back to latest oil_opt_iv_30d from daily-valuations.csv. Polymarket quote refreshed from live CLOB during heatmap generation.
2026-05-12T22,relative_value_heatmap_v2_one_touch,OIL,cl-settle-jun-2026,1032398,Will Crude Oil (CL) settle at $70-$77 in June?,June 2026,above,73.50000000,2026-06-30T18:30:00Z,48.85416667,98.91200000,OIL_VALUATION_IV,98.91200000,,valuations_fallback,0.64800000,0.56300000,0.08365473,0.08365473,0.07250000,0.05700000,0.08800000,0.03100000,live_clob,1325.95461000,11820.64760200,,,,1.01800000,0.01800000,0.67000000,0.64000000,-0.43452749,-2.66547251,avoid_buy_yes,-0.43452749,-0.00889438,,false,false,false,near-fair,98.90400000,live_hyperliquid_xyz_cl,-0.72555313,178164729.37473601,-0.00808800,extreme_perp_funding,Options model falls back to latest oil_opt_iv_30d from daily-valuations.csv. Settlement bucket modeled as probability between 70 and 77. Polymarket quote refreshed from live CLOB during heatmap generation.
2026-05-12T22,relative_value_heatmap_v2_one_touch,OIL,cl-settle-jun-2026,1032394,Will Crude Oil (CL) settle at $42-$49 in June?,June 2026,above,45.50000000,2026-06-30T18:30:00Z,48.85416667,98.91200000,OIL_VALUATION_IV,98.91200000,,valuations_fallback,0.64800000,0.56300000,0.00184711,0.00184711,0.00800000,0.00600000,0.01000000,0.00400000,live_clob,5756.50578000,5848.66717400,,,,1.01800000,0.01800000,0.67000000,0.64000000,-0.81528906,0.41528906,sell_yes_or_buy_no,-0.41528906,-0.00850059,,true,false,false,near-fair,98.90400000,live_hyperliquid_xyz_cl,-0.72555313,178164729.37473601,-0.00808800,extreme_perp_funding,Options model falls back to latest oil_opt_iv_30d from daily-valuations.csv. Settlement bucket modeled as probability between 42 and 49. Polymarket quote refreshed from live CLOB during heatmap generation.
2026-05-12T22,relative_value_heatmap_v2_one_touch,OIL,cl-over-under-jun-2026,1032426,Will Crude Oil (CL) settle over $50 on the final trading day of June 2026?,June 2026,above,50.00000000,2026-06-30T18:30:00Z,48.85416667,98.91200000,OIL_VALUATION_IV,98.91200000,,valuations_fallback,0.64800000,0.56300000,0.99730724,0.99730724,0.98650000,0.97800000,0.99500000,0.01700000,live_clob,744.46282000,7169.36558000,,,,,,,,0.23072422,-1.93072422,buy_yes,0.23072422,0.00472271,,false,false,false,near-fair,98.90400000,live_hyperliquid_xyz_cl,-0.72555313,178164729.37473601,-0.00808800,low_pm_liquidity;extreme_perp_funding,Options model falls back to latest oil_opt_iv_30d from daily-valuations.csv. Polymarket quote refreshed from live CLOB during heatmap generation.
2026-05-12T22,relative_value_heatmap_v2_one_touch,OIL,cl-settle-jun-2026,1032396,Will Crude Oil (CL) settle at $56-$63 in June?,June 2026,above,59.50000000,2026-06-30T18:30:00Z,48.85416667,98.91200000,OIL_VALUATION_IV,98.91200000,,valuations_fallback,0.64800000,0.56300000,0.02520945,0.02520945,0.02200000,0.01700000,0.02700000,0.01000000,live_clob,2462.31202000,6660.41044700,,,,1.01800000,0.01800000,0.67000000,0.64000000,-0.17905523,-0.82094477,avoid_buy_yes,-0.17905523,-0.00366510,,false,false,false,near-fair,98.90400000,live_hyperliquid_xyz_cl,-0.72555313,178164729.37473601,-0.00808800,extreme_perp_funding,Options model falls back to latest oil_opt_iv_30d from daily-valuations.csv. Settlement bucket modeled as probability between 56 and 63. Polymarket quote refreshed from live CLOB during heatmap generation.
2026-05-12T22,relative_value_heatmap_v2_one_touch,OIL,cl-settle-jun-2026,1032395,Will Crude Oil (CL) settle at $49-$56 in June?,June 2026,above,52.50000000,2026-06-30T18:30:00Z,48.85416667,98.91200000,OIL_VALUATION_IV,98.91200000,,valuations_fallback,0.64800000,0.56300000,0.00863164,0.00863164,0.00850000,0.00700000,0.01000000,0.00300000,live_clob,5502.23806000,7021.81074300,,,,1.01800000,0.01800000,0.67000000,0.64000000,-0.13683566,-0.16316434,avoid_buy_yes,-0.13683566,-0.00280090,,false,false,false,near-fair,98.90400000,live_hyperliquid_xyz_cl,-0.72555313,178164729.37473601,-0.00808800,extreme_perp_funding,Options model falls back to latest oil_opt_iv_30d from daily-valuations.csv. Settlement bucket modeled as probability between 49 and 56. Polymarket quote refreshed from live CLOB during heatmap generation.
2026-05-12T22,relative_value_heatmap_v2_one_touch,OIL,cl-over-under-jun-2026,1032416,Will Crude Oil (CL) settle over $85 on the final trading day of June 2026?,June 2026,above,85.00000000,2026-06-30T18:30:00Z,48.85416667,98.91200000,OIL_VALUATION_IV,98.91200000,,valuations_fallback,0.64800000,0.56300000,0.70086500,0.70086500,0.63500000,0.57000000,0.70000000,0.13000000,live_clob,333.31490000,5079.10532000,,,,,,,,0.08649978,-13.08649978,buy_yes,0.08649978,0.00177057,,false,false,false,near-fair,98.90400000,live_hyperliquid_xyz_cl,-0.72555313,178164729.37473601,-0.00808800,wide_pm_spread;low_pm_liquidity;extreme_perp_funding,Options model falls back to latest oil_opt_iv_30d from daily-valuations.csv. Polymarket quote refreshed from live CLOB during heatmap generation.
2026-05-12T22,relative_value_heatmap_v2_one_touch,GOLD,what-will-gold-gc-hit-by-end-of-december,1294368,"Will Gold (GC) hit (HIGH) $6,000 by end of December?",December 2026,above,6000.00000000,2026-12-31T00:00:00Z,232.08333333,4714.80000000,GOLD_VALUATION_IV,4714.80000000,,valuations_fallback,0.23400000,0.21800000,0.08299988,0.23069086,0.32500000,0.32000000,0.33000000,0.01000000,live_clob,12469.85660000,136445.16591200,0.78580000,0.41359124,mid_underlying_cap_ratio,,,,,-9.93091351,8.93091351,sell_yes_or_buy_no,-8.93091351,-0.03848149,,true,false,true,mild-short-rich-tail,4714.80000000,snapshot,0.05475000,127862542.41000000,0.00000000,,Options model falls back to latest gold_opt_iv_90d from daily-valuations.csv. Hit/reach market uses tested one-touch probability model; incomplete rows fall back to 2x terminal probability. Polymarket quote refreshed from live CLOB during heatmap generation. Underlying upside cap YES price is 78.6%; PM trades at 41% of cap.
2026-05-12T22,relative_value_heatmap_v2_one_touch,GOLD,what-will-gold-gc-hit-by-end-of-december,1294367,"Will Gold (GC) hit (HIGH) $7,000 by end of December?",December 2026,above,7000.00000000,2026-12-31T00:00:00Z,232.08333333,4714.80000000,GOLD_VALUATION_IV,4714.80000000,,valuations_fallback,0.23400000,0.21800000,0.01350708,0.04289593,0.12000000,0.11000000,0.13000000,0.02000000,live_clob,24157.45780000,43618.29378500,0.67354286,0.17816238,cheap_vs_underlying_cap_bearish,,,,,-8.71040675,6.71040675,sell_yes_or_buy_no,-6.71040675,-0.02891378,,true,false,false,mild-short-rich-tail,4714.80000000,snapshot,0.05475000,127862542.41000000,0.00000000,cheap_vs_underlying_cap_bearish,Options model falls back to latest gold_opt_iv_90d from daily-valuations.csv. Hit/reach market uses tested one-touch probability model; incomplete rows fall back to 2x terminal probability. Polymarket quote refreshed from live CLOB during heatmap generation. Underlying upside cap YES price is 67.4%; PM trades at 18% of cap.
2026-05-12T22,relative_value_heatmap_v2_one_touch,GOLD,what-will-gold-gc-hit-by-end-of-december,1294366,"Will Gold (GC) hit (HIGH) $8,000 by end of December?",December 2026,above,8000.00000000,2026-12-31T00:00:00Z,232.08333333,4714.80000000,GOLD_VALUATION_IV,4714.80000000,,valuations_fallback,0.23400000,0.21800000,0.00171153,0.00613724,0.07500000,0.07000000,0.08000000,0.01000000,live_clob,26477.14300000,21435.14387200,0.58935000,0.12725884,cheap_vs_underlying_cap_bearish,,,,,-7.38627616,6.38627616,sell_yes_or_buy_no,-6.38627616,-0.02751717,,true,true,true,mild-short-rich-tail,4714.80000000,snapshot,0.05475000,127862542.41000000,0.00000000,cheap_vs_underlying_cap_bearish,Options model falls back to latest gold_opt_iv_90d from daily-valuations.csv. Hit/reach market uses tested one-touch probability model; incomplete rows fall back to 2x terminal probability. Polymarket quote refreshed from live CLOB during heatmap generation. Underlying upside cap YES price is 58.9%; PM trades at 13% of cap.
2026-05-12T22,relative_value_heatmap_v2_one_touch,GOLD,what-will-gold-gc-hit-by-end-of-december,1294365,"Will Gold (GC) hit (HIGH) $10,000 by end of December?",December 2026,above,10000.00000000,2026-12-31T00:00:00Z,232.08333333,4714.80000000,GOLD_VALUATION_IV,4714.80000000,,valuations_fallback,0.23400000,0.21800000,0.00001871,0.00008276,0.05500000,0.05000000,0.06000000,0.01000000,live_clob,29850.48240000,21968.06387300,0.47148000,0.11665394,cheap_vs_underlying_cap_bearish,,,,,-5.99172360,4.99172360,sell_yes_or_buy_no,-4.99172360,-0.02150832,,true,false,false,near-fair,4714.80000000,snapshot,0.05475000,127862542.41000000,0.00000000,cheap_vs_underlying_cap_bearish,Options model falls back to latest gold_opt_iv_90d from daily-valuations.csv. Hit/reach market uses tested one-touch probability model; incomplete rows fall back to 2x terminal probability. Polymarket quote refreshed from live CLOB during heatmap generation. Underlying upside cap YES price is 47.1%; PM trades at 12% of cap.
2026-05-12T22,relative_value_heatmap_v2_one_touch,GOLD,what-will-gold-gc-hit-by-end-of-december,1294364,"Will Gold (GC) hit (HIGH) $12,000 by end of December?",December 2026,above,12000.00000000,2026-12-31T00:00:00Z,232.08333333,4714.80000000,GOLD_VALUATION_IV,4714.80000000,,valuations_fallback,0.23400000,0.21800000,0.00000017,0.00000090,0.05000000,0.04900000,0.05100000,0.00200000,live_clob,26369.24344000,37664.79638700,0.39290000,0.12725884,cheap_vs_underlying_cap_bearish,,,,,-5.09991048,4.89991048,sell_yes_or_buy_no,-4.89991048,-0.02111272,,true,false,false,near-fair,4714.80000000,snapshot,0.05475000,127862542.41000000,0.00000000,cheap_vs_underlying_cap_bearish,Options model falls back to latest gold_opt_iv_90d from daily-valuations.csv. Hit/reach market uses tested one-touch probability model; incomplete rows fall back to 2x terminal probability. Polymarket quote refreshed from live CLOB during heatmap generation. Underlying upside cap YES price is 39.3%; PM trades at 13% of cap.
2026-05-12T22,relative_value_heatmap_v2_one_touch,GOLD,what-will-gold-gc-hit-by-end-of-december,1294363,"Will Gold (GC) hit (HIGH) $15,000 by end of December?",December 2026,above,15000.00000000,2026-12-31T00:00:00Z,232.08333333,4714.80000000,GOLD_VALUATION_IV,4714.80000000,,valuations_fallback,0.23400000,0.21800000,0.00000000,0.00000000,0.04200000,0.04100000,0.04300000,0.00200000,live_clob,35234.55367000,24582.03133300,0.31432000,0.13362179,cheap_vs_underlying_cap_bearish,,,,,-4.29999990,4.09999990,sell_yes_or_buy_no,-4.09999990,-0.01766607,,true,false,false,near-fair,4714.80000000,snapshot,0.05475000,127862542.41000000,0.00000000,cheap_vs_underlying_cap_bearish,Options model falls back to latest gold_opt_iv_90d from daily-valuations.csv. Hit/reach market uses tested one-touch probability model; incomplete rows fall back to 2x terminal probability. Polymarket quote refreshed from live CLOB during heatmap generation. Underlying upside cap YES price is 31.4%; PM trades at 13% of cap.
2026-05-12T22,relative_value_heatmap_v2_one_touch,BTC,what-price-will-bitcoin-hit-before-2027,701496,"Will Bitcoin reach $100,000 by December 31, 2026?",December 2026,above,100000.00000000,2027-01-01T05:00:00Z,233.29166667,80618.00000000,IBIT,45.62000000,CBOE delayed,cme_snapshot,0.43855000,0.36800000,0.21448791,0.65903474,0.42500000,0.42000000,0.43000000,0.01000000,live_clob,95078.66170000,1569877.05281600,0.80618000,0.52717755,mid_underlying_cap_ratio,,,,,22.90347399,-23.90347399,buy_yes,22.90347399,0.09817528,,true,false,true,strong-long-tail,80618.00000000,snapshot,0.06262300,2345790502.21999979,0.00000000,,"Options model uses IBIT CBOE delayed; target month-end expiry 2026-12-31, IV expiry 2026-12-18, closest-strike IV sample. Hit/reach market uses tested one-touch probability model; incomplete rows fall back to 2x terminal probability. Strike scaled from underlying options proxy. Polymarket quote refreshed from live CLOB during heatmap generation. Underlying upside cap YES price is 80.6%; PM trades at 53% of cap."
2026-05-12T22,relative_value_heatmap_v2_one_touch,BTC,what-price-will-bitcoin-hit-before-2027,1345531,"Will Bitcoin reach $90,000 by December 31, 2026?",December 2026,above,90000.00000000,2027-01-01T05:00:00Z,233.29166667,80618.00000000,IBIT,45.62000000,CBOE delayed,cme_snapshot,0.44155000,0.36800000,0.31252220,0.89132935,0.68000000,0.67000000,0.69000000,0.02000000,live_clob,42162.03240000,581588.44253400,0.89575556,0.75913568,mid_underlying_cap_ratio,,,,,20.13293481,-22.13293481,buy_yes,20.13293481,0.08629942,,true,false,true,strong-long-tail,80618.00000000,snapshot,0.06262300,2345790502.21999979,0.00000000,,"Options model uses IBIT CBOE delayed; target month-end expiry 2026-12-31, IV expiry 2026-12-18, closest-strike IV sample. Hit/reach market uses tested one-touch probability model; incomplete rows fall back to 2x terminal probability. Strike scaled from underlying options proxy. Polymarket quote refreshed from live CLOB during heatmap generation. Underlying upside cap YES price is 89.6%; PM trades at 76% of cap."
2026-05-12T22,relative_value_heatmap_v2_one_touch,BTC,what-price-will-bitcoin-hit-before-2027,701495,"Will Bitcoin reach $110,000 by December 31, 2026?",December 2026,above,110000.00000000,2027-01-01T05:00:00Z,233.29166667,80618.00000000,IBIT,45.62000000,CBOE delayed,cme_snapshot,0.44495000,0.36800000,0.14610996,0.48488854,0.29500000,0.29000000,0.30000000,0.01000000,live_clob,31196.38640000,864193.66637800,0.73289091,0.40251557,mid_underlying_cap_ratio,,,,,18.48885385,-19.48885385,buy_yes,18.48885385,0.07925210,,true,false,true,long-tail,80618.00000000,snapshot,0.06262300,2345790502.21999979,0.00000000,,"Options model uses IBIT CBOE delayed; target month-end expiry 2026-12-31, IV expiry 2026-12-18, closest-strike IV sample. Hit/reach market uses tested one-touch probability model; incomplete rows fall back to 2x terminal probability. Strike scaled from underlying options proxy. Polymarket quote refreshed from live CLOB during heatmap generation. Underlying upside cap YES price is 73.3%; PM trades at 40% of cap."
2026-05-12T22,relative_value_heatmap_v2_one_touch,BTC,what-price-will-bitcoin-hit-before-2027,701494,"Will Bitcoin reach $120,000 by December 31, 2026?",December 2026,above,120000.00000000,2027-01-01T05:00:00Z,233.29166667,80618.00000000,IBIT,45.62000000,CBOE delayed,cme_snapshot,0.44997500,0.36800000,0.09887527,0.35279717,0.17500000,0.17000000,0.18000000,0.01000000,live_clob,47191.47260000,720483.70572300,0.67181667,0.26048773,cheap_vs_underlying_cap_bearish,,,,,17.27971731,-18.27971731,buy_yes,17.27971731,0.07406916,,true,true,true,long-tail,80618.00000000,snapshot,0.06262300,2345790502.21999979,0.00000000,cheap_vs_underlying_cap_bearish,"Options model uses IBIT CBOE delayed; target month-end expiry 2026-12-31, IV expiry 2026-12-18, closest-strike IV sample. Hit/reach market uses tested one-touch probability model; incomplete rows fall back to 2x terminal probability. Strike scaled from underlying options proxy. Polymarket quote refreshed from live CLOB during heatmap generation. Underlying upside cap YES price is 67.2%; PM trades at 26% of cap."
2026-05-12T22,relative_value_heatmap_v2_one_touch,BTC,what-price-will-bitcoin-hit-before-2027,701501,"Will Bitcoin dip to $55,000 by December 31, 2026?",December 2026,below,55000.00000000,2027-01-01T05:00:00Z,233.29166667,80618.00000000,IBIT,45.62000000,CBOE delayed,cme_snapshot,0.54467500,0.36800000,0.25358108,0.27238526,0.43500000,0.43000000,0.44000000,0.01000000,live_clob,53797.02870000,2810281.31633200,,,,,,,,-16.76147408,15.76147408,sell_yes_or_buy_no,-15.76147408,-0.06756124,,true,false,true,short-rich-tail,80618.00000000,snapshot,0.06262300,2345790502.21999979,0.00000000,,"Options model uses IBIT CBOE delayed; target month-end expiry 2026-12-31, IV expiry 2026-12-18, closest-strike IV sample. Hit/reach market uses tested one-touch probability model; incomplete rows fall back to 2x terminal probability. Strike scaled from underlying options proxy. Polymarket quote refreshed from live CLOB during heatmap generation."
2026-05-12T22,relative_value_heatmap_v2_one_touch,BTC,what-price-will-bitcoin-hit-before-2027,1339767,"Will Bitcoin dip to $50,000 by December 31, 2026?",December 2026,below,50000.00000000,2027-01-01T05:00:00Z,233.29166667,80618.00000000,IBIT,45.62000000,CBOE delayed,cme_snapshot,0.57892500,0.36800000,0.21070340,0.21070340,0.35000000,0.34000000,0.36000000,0.02000000,live_clob,43651.77430000,1065534.40109000,,,,,,,,-14.92966027,12.92966027,sell_yes_or_buy_no,-12.92966027,-0.05542273,,true,false,true,short-rich-tail,80618.00000000,snapshot,0.06262300,2345790502.21999979,0.00000000,,"Options model uses IBIT CBOE delayed; target month-end expiry 2026-12-31, IV expiry 2026-12-18, closest-strike IV sample. Hit/reach market uses tested one-touch probability model; incomplete rows fall back to 2x terminal probability. Strike scaled from underlying options proxy. Polymarket quote refreshed from live CLOB during heatmap generation."
2026-05-12T22,relative_value_heatmap_v2_one_touch,BTC,what-price-will-bitcoin-hit-before-2027,701493,"Will Bitcoin reach $130,000 by December 31, 2026?",December 2026,above,130000.00000000,2027-01-01T05:00:00Z,233.29166667,80618.00000000,IBIT,45.62000000,CBOE delayed,cme_snapshot,0.46100000,0.36800000,0.06895569,0.26441654,0.13500000,0.13000000,0.14000000,0.01000000,live_clob,38423.50020000,935808.68815100,0.62013846,0.21769332,cheap_vs_underlying_cap_bearish,,,,,12.44165381,-13.44165381,buy_yes,12.44165381,0.05333090,,true,false,true,long-tail,80618.00000000,snapshot,0.06262300,2345790502.21999979,0.00000000,cheap_vs_underlying_cap_bearish,"Options model uses IBIT CBOE delayed; target month-end expiry 2026-12-31, IV expiry 2026-12-18, closest-strike IV sample. Hit/reach market uses tested one-touch probability model; incomplete rows fall back to 2x terminal probability. Strike scaled from underlying options proxy. Polymarket quote refreshed from live CLOB during heatmap generation. Underlying upside cap YES price is 62.0%; PM trades at 22% of cap."
2026-05-12T22,relative_value_heatmap_v2_one_touch,BTC,what-price-will-bitcoin-hit-before-2027,701502,"Will Bitcoin dip to $45,000 by December 31, 2026?",December 2026,below,45000.00000000,2027-01-01T05:00:00Z,233.29166667,80618.00000000,IBIT,45.62000000,CBOE delayed,cme_snapshot,0.61685000,0.36800000,0.17375176,0.17375176,0.26500000,0.26000000,0.27000000,0.01000000,live_clob,49821.65540000,2366814.12039600,,,,,,,,-9.62482425,8.62482425,sell_yes_or_buy_no,-8.62482425,-0.03697013,,true,false,true,mild-short-rich-tail,80618.00000000,snapshot,0.06262300,2345790502.21999979,0.00000000,,"Options model uses IBIT CBOE delayed; target month-end expiry 2026-12-31, IV expiry 2026-12-18, closest-strike IV sample. Hit/reach market uses tested one-touch probability model; incomplete rows fall back to 2x terminal probability. Strike scaled from underlying options proxy. Polymarket quote refreshed from live CLOB during heatmap generation."
2026-05-12T22,relative_value_heatmap_v2_one_touch,BTC,what-price-will-bitcoin-hit-before-2027,701491,"Will Bitcoin reach $150,000 by December 31, 2026?",December 2026,above,150000.00000000,2027-01-01T05:00:00Z,233.29166667,80618.00000000,IBIT,45.62000000,CBOE delayed,cme_snapshot,0.47680000,0.36800000,0.03413473,0.14901363,0.06500000,0.06000000,0.07000000,0.01000000,live_clob,41618.89290000,890083.04149900,0.53745333,0.12094073,cheap_vs_underlying_cap_bearish,,,,,7.90136272,-8.90136272,buy_yes,7.90136272,0.03386903,,true,false,true,mild-long-tail,80618.00000000,snapshot,0.06262300,2345790502.21999979,0.00000000,cheap_vs_underlying_cap_bearish,"Options model uses IBIT CBOE delayed; target month-end expiry 2026-12-31, IV expiry 2026-12-18, closest-strike IV sample. Hit/reach market uses tested one-touch probability model; incomplete rows fall back to 2x terminal probability. Strike scaled from underlying options proxy. Polymarket quote refreshed from live CLOB during heatmap generation. Underlying upside cap YES price is 53.7%; PM trades at 12% of cap."
2026-05-12T22,relative_value_heatmap_v2_one_touch,BTC,what-price-will-bitcoin-hit-before-2027,701492,"Will Bitcoin reach $140,000 by December 31, 2026?",December 2026,above,140000.00000000,2027-01-01T05:00:00Z,233.29166667,80618.00000000,IBIT,45.62000000,CBOE delayed,cme_snapshot,0.46347500,0.36800000,0.04665578,0.19066729,0.11000000,0.10000000,0.12000000,0.02000000,live_clob,31783.78280000,822726.90058700,0.57584286,0.19102434,cheap_vs_underlying_cap_bearish,,,,,7.06672883,-9.06672883,buy_yes,7.06672883,0.03029139,,true,false,true,mild-long-tail,80618.00000000,snapshot,0.06262300,2345790502.21999979,0.00000000,cheap_vs_underlying_cap_bearish,"Options model uses IBIT CBOE delayed; target month-end expiry 2026-12-31, IV expiry 2026-12-18, closest-strike IV sample. Hit/reach market uses tested one-touch probability model; incomplete rows fall back to 2x terminal probability. Strike scaled from underlying options proxy. Polymarket quote refreshed from live CLOB during heatmap generation. Underlying upside cap YES price is 57.6%; PM trades at 19% of cap."
2026-05-12T22,relative_value_heatmap_v2_one_touch,BTC,what-price-will-bitcoin-hit-before-2027,1339768,"Will Bitcoin dip to $40,000 by December 31, 2026?",December 2026,below,40000.00000000,2027-01-01T05:00:00Z,233.29166667,80618.00000000,IBIT,45.62000000,CBOE delayed,cme_snapshot,0.66550000,0.36800000,0.14563419,0.14563419,0.20500000,0.20000000,0.21000000,0.01000000,live_clob,38839.24670000,578264.72312800,,,,,,,,-6.43658057,5.43658057,sell_yes_or_buy_no,-5.43658057,-0.02330379,,true,true,true,mild-short-rich-tail,80618.00000000,snapshot,0.06262300,2345790502.21999979,0.00000000,,"Options model uses IBIT CBOE delayed; target month-end expiry 2026-12-31, IV expiry 2026-12-18, closest-strike IV sample. Hit/reach market uses tested one-touch probability model; incomplete rows fall back to 2x terminal probability. Strike scaled from underlying options proxy. Polymarket quote refreshed from live CLOB during heatmap generation."
2026-05-12T22,relative_value_heatmap_v2_one_touch,BTC,what-price-will-bitcoin-hit-before-2027,1343220,"Will Bitcoin dip to $10,000 by December 31, 2026?",December 2026,below,10000.00000000,2027-01-01T05:00:00Z,233.29166667,80618.00000000,IBIT,45.62000000,CBOE delayed,cme_snapshot,0.92282500,0.36800000,0.00678601,0.00678601,0.03550000,0.03500000,0.03600000,0.00100000,live_clob,39340.26171000,590617.65367300,,,,,,,,-2.92139864,2.82139864,sell_yes_or_buy_no,-2.82139864,-0.01209387,,true,false,false,near-fair,80618.00000000,snapshot,0.06262300,2345790502.21999979,0.00000000,,"Options model uses IBIT CBOE delayed; target month-end expiry 2026-12-31, IV expiry 2026-12-18, closest-strike IV sample. Hit/reach market uses tested one-touch probability model; incomplete rows fall back to 2x terminal probability. Strike scaled from underlying options proxy. Polymarket quote refreshed from live CLOB during heatmap generation."
2026-05-12T22,relative_value_heatmap_v2_one_touch,BTC,what-price-will-bitcoin-hit-before-2027,701490,"Will Bitcoin reach $160,000 by December 31, 2026?",December 2026,above,160000.00000000,2027-01-01T05:00:00Z,233.29166667,80618.00000000,IBIT,45.62000000,CBOE delayed,cme_snapshot,0.47680000,0.36800000,0.02313220,0.10679377,0.07500000,0.07000000,0.08000000,0.01000000,live_clob,47478.22320000,445509.53955600,0.50386250,0.14885013,cheap_vs_underlying_cap_bearish,,,,,2.67937703,-3.67937703,buy_yes,2.67937703,0.01148510,,true,false,false,near-fair,80618.00000000,snapshot,0.06262300,2345790502.21999979,0.00000000,cheap_vs_underlying_cap_bearish,"Options model uses IBIT CBOE delayed; target month-end expiry 2026-12-31, IV expiry 2026-12-18, closest-strike IV sample. Hit/reach market uses tested one-touch probability model; incomplete rows fall back to 2x terminal probability. Strike scaled from underlying options proxy. Polymarket quote refreshed from live CLOB during heatmap generation. Underlying upside cap YES price is 50.4%; PM trades at 15% of cap."
2026-05-12T22,relative_value_heatmap_v2_one_touch,BTC,what-price-will-bitcoin-hit-before-2027,1057883,"Will Bitcoin reach $250,000 by December 31, 2026?",December 2026,above,250000.00000000,2027-01-01T05:00:00Z,233.29166667,80618.00000000,IBIT,45.62000000,CBOE delayed,cme_snapshot,0.47680000,0.36800000,0.00077064,0.00532648,0.03150000,0.03100000,0.03200000,0.00100000,live_clob,142084.67388000,4900680.76343195,0.32247200,0.09768290,cheap_vs_underlying_cap_bearish,,,,,-2.66735179,2.56735179,sell_yes_or_buy_no,-2.56735179,-0.01100490,,true,false,false,near-fair,80618.00000000,snapshot,0.06262300,2345790502.21999979,0.00000000,cheap_vs_underlying_cap_bearish,"Options model uses IBIT CBOE delayed; target month-end expiry 2026-12-31, IV expiry 2026-12-18, closest-strike IV sample. Hit/reach market uses tested one-touch probability model; incomplete rows fall back to 2x terminal probability. Strike scaled from underlying options proxy. Polymarket quote refreshed from live CLOB during heatmap generation. Underlying upside cap YES price is 32.2%; PM trades at 10% of cap."
2026-05-12T22,relative_value_heatmap_v2_one_touch,BTC,what-price-will-bitcoin-hit-before-2027,1057916,"Will Bitcoin dip to $15,000 by December 31, 2026?",December 2026,below,15000.00000000,2027-01-01T05:00:00Z,233.29166667,80618.00000000,IBIT,45.62000000,CBOE delayed,cme_snapshot,0.92282500,0.36800000,0.02759442,0.02759442,0.05350000,0.05300000,0.05400000,0.00100000,live_clob,65953.96156000,4748365.50536790,,,,,,,,-2.64055845,2.54055845,sell_yes_or_buy_no,-2.54055845,-0.01089005,,true,false,false,near-fair,80618.00000000,snapshot,0.06262300,2345790502.21999979,0.00000000,,"Options model uses IBIT CBOE delayed; target month-end expiry 2026-12-31, IV expiry 2026-12-18, closest-strike IV sample. Hit/reach market uses tested one-touch probability model; incomplete rows fall back to 2x terminal probability. Strike scaled from underlying options proxy. Polymarket quote refreshed from live CLOB during heatmap generation."
2026-05-12T22,relative_value_heatmap_v2_one_touch,BTC,what-price-will-bitcoin-hit-before-2027,1343228,"Will Bitcoin dip to $5,000 by December 31, 2026?",December 2026,below,5000.00000000,2027-01-01T05:00:00Z,233.29166667,80618.00000000,IBIT,45.62000000,CBOE delayed,cme_snapshot,0.92282500,0.36800000,0.00032440,0.00032440,0.02550000,0.02500000,0.02600000,0.00100000,live_clob,52701.19351000,526573.54419900,,,,,,,,-2.56756039,2.46756039,sell_yes_or_buy_no,-2.46756039,-0.01057715,,true,false,false,near-fair,80618.00000000,snapshot,0.06262300,2345790502.21999979,0.00000000,,"Options model uses IBIT CBOE delayed; target month-end expiry 2026-12-31, IV expiry 2026-12-18, closest-strike IV sample. Hit/reach market uses tested one-touch probability model; incomplete rows fall back to 2x terminal probability. Strike scaled from underlying options proxy. Polymarket quote refreshed from live CLOB during heatmap generation."
2026-05-12T22,relative_value_heatmap_v2_one_touch,BTC,what-price-will-bitcoin-hit-before-2027,701503,"Will Bitcoin dip to $35,000 by December 31, 2026?",December 2026,below,35000.00000000,2027-01-01T05:00:00Z,233.29166667,80618.00000000,IBIT,45.62000000,CBOE delayed,cme_snapshot,0.66550000,0.36800000,0.09561117,0.09561117,0.12500000,0.12000000,0.13000000,0.01000000,live_clob,41574.25400000,2047534.93985100,,,,,,,,-3.43888337,2.43888337,sell_yes_or_buy_no,-2.43888337,-0.01045422,,true,false,false,near-fair,80618.00000000,snapshot,0.06262300,2345790502.21999979,0.00000000,,"Options model uses IBIT CBOE delayed; target month-end expiry 2026-12-31, IV expiry 2026-12-18, closest-strike IV sample. Hit/reach market uses tested one-touch probability model; incomplete rows fall back to 2x terminal probability. Strike scaled from underlying options proxy. Polymarket quote refreshed from live CLOB during heatmap generation."
2026-05-12T22,relative_value_heatmap_v2_one_touch,BTC,what-price-will-bitcoin-hit-before-2027,1393068,"Will Bitcoin reach $500,000 by December 31, 2026?",December 2026,above,500000.00000000,2027-01-01T05:00:00Z,233.29166667,80618.00000000,IBIT,45.62000000,CBOE delayed,cme_snapshot,0.47680000,0.36800000,0.00000030,0.00000403,0.02050000,0.02000000,0.02100000,0.00100000,live_clob,65970.71764000,1064395.37064700,0.16123600,0.12714282,cheap_vs_underlying_cap_bearish,,,,,-2.09959677,1.99959677,sell_yes_or_buy_no,-1.99959677,-0.00857123,,true,false,false,near-fair,80618.00000000,snapshot,0.06262300,2345790502.21999979,0.00000000,cheap_vs_underlying_cap_bearish,"Options model uses IBIT CBOE delayed; target month-end expiry 2026-12-31, IV expiry 2026-12-18, closest-strike IV sample. Hit/reach market uses tested one-touch probability model; incomplete rows fall back to 2x terminal probability. Strike scaled from underlying options proxy. Polymarket quote refreshed from live CLOB during heatmap generation. Underlying upside cap YES price is 16.1%; PM trades at 13% of cap."
2026-05-12T22,relative_value_heatmap_v2_one_touch,BTC,what-price-will-bitcoin-hit-before-2027,1393070,"Will Bitcoin reach $1,000,000 by December 31, 2026?",December 2026,above,1000000.00000000,2027-01-01T05:00:00Z,233.29166667,80618.00000000,IBIT,45.62000000,CBOE delayed,cme_snapshot,0.47680000,0.36800000,0.00000000,0.00000000,0.01550000,0.01500000,0.01600000,0.00100000,live_clob,97191.62796000,1050255.69668600,0.08061800,0.19226475,cheap_vs_underlying_cap_bearish,,,,,-1.59999999,1.49999999,sell_yes_or_buy_no,-1.49999999,-0.00642972,,true,false,false,near-fair,80618.00000000,snapshot,0.06262300,2345790502.21999979,0.00000000,cheap_vs_underlying_cap_bearish,"Options model uses IBIT CBOE delayed; target month-end expiry 2026-12-31, IV expiry 2026-12-18, closest-strike IV sample. Hit/reach market uses tested one-touch probability model; incomplete rows fall back to 2x terminal probability. Strike scaled from underlying options proxy. Polymarket quote refreshed from live CLOB during heatmap generation. Underlying upside cap YES price is 8.1%; PM trades at 19% of cap."
2026-05-12T22,relative_value_heatmap_v2_one_touch,BTC,what-price-will-bitcoin-hit-before-2027,701486,"Will Bitcoin reach $200,000 by December 31, 2026?",December 2026,above,200000.00000000,2027-01-01T05:00:00Z,233.29166667,80618.00000000,IBIT,45.62000000,CBOE delayed,cme_snapshot,0.47680000,0.36800000,0.00494167,0.02782927,0.04250000,0.04200000,0.04300000,0.00100000,live_clob,90975.18581000,1599094.50227300,0.40309000,0.10543551,cheap_vs_underlying_cap_bearish,,,,,-1.51707269,1.41707269,sell_yes_or_buy_no,-1.41707269,-0.00607425,,true,false,false,near-fair,80618.00000000,snapshot,0.06262300,2345790502.21999979,0.00000000,cheap_vs_underlying_cap_bearish,"Options model uses IBIT CBOE delayed; target month-end expiry 2026-12-31, IV expiry 2026-12-18, closest-strike IV sample. Hit/reach market uses tested one-touch probability model; incomplete rows fall back to 2x terminal probability. Strike scaled from underlying options proxy. Polymarket quote refreshed from live CLOB during heatmap generation. Underlying upside cap YES price is 40.3%; PM trades at 11% of cap."
2026-05-12T22,relative_value_heatmap_v2_one_touch,BTC,what-price-will-bitcoin-hit-before-2027,701489,"Will Bitcoin reach $170,000 by December 31, 2026?",December 2026,above,170000.00000000,2027-01-01T05:00:00Z,233.29166667,80618.00000000,IBIT,45.62000000,CBOE delayed,cme_snapshot,0.47680000,0.36800000,0.01568184,0.07635672,0.06050000,0.05800000,0.06300000,0.00500000,live_clob,68569.16093000,280631.27959400,0.47422353,0.12757697,cheap_vs_underlying_cap_bearish,,,,,1.33567230,-1.83567230,buy_yes,1.33567230,0.00572533,,true,false,false,near-fair,80618.00000000,snapshot,0.06262300,2345790502.21999979,0.00000000,cheap_vs_underlying_cap_bearish,"Options model uses IBIT CBOE delayed; target month-end expiry 2026-12-31, IV expiry 2026-12-18, closest-strike IV sample. Hit/reach market uses tested one-touch probability model; incomplete rows fall back to 2x terminal probability. Strike scaled from underlying options proxy. Polymarket quote refreshed from live CLOB during heatmap generation. Underlying upside cap YES price is 47.4%; PM trades at 13% of cap."
2026-05-12T22,relative_value_heatmap_v2_one_touch,BTC,what-price-will-bitcoin-hit-before-2027,701504,"Will Bitcoin dip to $25,000 by December 31, 2026?",December 2026,below,25000.00000000,2027-01-01T05:00:00Z,233.29166667,80618.00000000,IBIT,45.62000000,CBOE delayed,cme_snapshot,0.77702500,0.36800000,0.05706660,0.05706660,0.07500000,0.07000000,0.08000000,0.01000000,live_clob,37288.04630000,785517.01703300,,,,,,,,-2.29334043,1.29334043,sell_yes_or_buy_no,-1.29334043,-0.00554388,,true,false,false,near-fair,80618.00000000,snapshot,0.06262300,2345790502.21999979,0.00000000,,"Options model uses IBIT CBOE delayed; target month-end expiry 2026-12-31, IV expiry 2026-12-18, closest-strike IV sample. Hit/reach market uses tested one-touch probability model; incomplete rows fall back to 2x terminal probability. Strike scaled from underlying options proxy. Polymarket quote refreshed from live CLOB during heatmap generation."
2026-05-12T22,relative_value_heatmap_v2_one_touch,BTC,what-price-will-bitcoin-hit-before-2027,1339769,"Will Bitcoin dip to $30,000 by December 31, 2026?",December 2026,below,30000.00000000,2027-01-01T05:00:00Z,233.29166667,80618.00000000,IBIT,45.62000000,CBOE delayed,cme_snapshot,0.77702500,0.36800000,0.09928653,0.09928653,0.10000000,0.09000000,0.11000000,0.02000000,live_clob,72265.33400000,319600.87718900,,,,,,,,-1.07134698,-0.92865302,avoid_buy_yes,-1.07134698,-0.00459231,,false,false,false,near-fair,80618.00000000,snapshot,0.06262300,2345790502.21999979,0.00000000,,"Options model uses IBIT CBOE delayed; target month-end expiry 2026-12-31, IV expiry 2026-12-18, closest-strike IV sample. Hit/reach market uses tested one-touch probability model; incomplete rows fall back to 2x terminal probability. Strike scaled from underlying options proxy. Polymarket quote refreshed from live CLOB during heatmap generation."
2026-05-12T22,relative_value_heatmap_v2_one_touch,BTC,what-price-will-bitcoin-hit-before-2027,1343219,"Will Bitcoin dip to $20,000 by December 31, 2026?",December 2026,below,20000.00000000,2027-01-01T05:00:00Z,233.29166667,80618.00000000,IBIT,45.62000000,CBOE delayed,cme_snapshot,0.92282500,0.36800000,0.06345021,0.06345021,0.06500000,0.06000000,0.07000000,0.01000000,live_clob,56281.72540000,336272.33378400,,,,,,,,-0.65497913,-0.34502087,avoid_buy_yes,-0.65497913,-0.00280755,,false,false,false,near-fair,80618.00000000,snapshot,0.06262300,2345790502.21999979,0.00000000,,"Options model uses IBIT CBOE delayed; target month-end expiry 2026-12-31, IV expiry 2026-12-18, closest-strike IV sample. Hit/reach market uses tested one-touch probability model; incomplete rows fall back to 2x terminal probability. Strike scaled from underlying options proxy. Polymarket quote refreshed from live CLOB during heatmap generation."
2026-05-12T22,relative_value_heatmap_v2_one_touch,BTC,what-price-will-bitcoin-hit-before-2027,701487,"Will Bitcoin reach $190,000 by December 31, 2026?",December 2026,above,190000.00000000,2027-01-01T05:00:00Z,233.29166667,80618.00000000,IBIT,45.62000000,CBOE delayed,cme_snapshot,0.47680000,0.36800000,0.00724315,0.03894446,0.04350000,0.04100000,0.04600000,0.00500000,live_clob,74634.83921000,468256.81236000,0.42430526,0.10252053,cheap_vs_underlying_cap_bearish,,,,,-0.70555401,0.20555401,sell_yes_or_buy_no,-0.20555401,-0.00088110,,true,false,false,near-fair,80618.00000000,snapshot,0.06262300,2345790502.21999979,0.00000000,cheap_vs_underlying_cap_bearish,"Options model uses IBIT CBOE delayed; target month-end expiry 2026-12-31, IV expiry 2026-12-18, closest-strike IV sample. Hit/reach market uses tested one-touch probability model; incomplete rows fall back to 2x terminal probability. Strike scaled from underlying options proxy. Polymarket quote refreshed from live CLOB during heatmap generation. Underlying upside cap YES price is 42.4%; PM trades at 10% of cap."
2026-05-12T22,relative_value_heatmap_v2_one_touch,BTC,what-price-will-bitcoin-hit-before-2027,701488,"Will Bitcoin reach $180,000 by December 31, 2026?",December 2026,above,180000.00000000,2027-01-01T05:00:00Z,233.29166667,80618.00000000,IBIT,45.62000000,CBOE delayed,cme_snapshot,0.47680000,0.36800000,0.01064602,0.05453460,0.05350000,0.05200000,0.05500000,0.00300000,live_clob,65417.06956000,381570.17300700,0.44787778,0.11945223,cheap_vs_underlying_cap_bearish,,,,,-0.04654014,-0.25345986,avoid_buy_yes,-0.04654014,-0.00019949,,false,false,false,near-fair,80618.00000000,snapshot,0.06262300,2345790502.21999979,0.00000000,cheap_vs_underlying_cap_bearish,"Options model uses IBIT CBOE delayed; target month-end expiry 2026-12-31, IV expiry 2026-12-18, closest-strike IV sample. Hit/reach market uses tested one-touch probability model; incomplete rows fall back to 2x terminal probability. Strike scaled from underlying options proxy. Polymarket quote refreshed from live CLOB during heatmap generation. Underlying upside cap YES price is 44.8%; PM trades at 12% of cap."
2026-05-12T22,relative_value_heatmap_v2_one_touch,HYPE,what-price-will-hyperliquid-hit-before-2027,701744,"Will Hyperliquid dip to $8 by December 31, 2026?",December 2026,below,8.00000000,2027-01-01T05:00:00Z,233.29166667,40.52300000,,40.52300000,,,,0.66100000,,,0.05500000,0.05000000,0.06000000,0.01000000,live_clob,42709.64540000,152256.36521600,,,,,,,,,,no-options-model,,,,false,false,false,no-options,40.52300000,snapshot,0.10950000,830540332.20000005,0.00000000,no_listed_options_mapping;extreme_perp_funding,No listed options model is used for this asset. Polymarket quote refreshed from live CLOB during heatmap generation.
2026-05-12T22,relative_value_heatmap_v2_one_touch,HYPE,what-price-will-hyperliquid-hit-before-2027,701743,"Will Hyperliquid dip to $12 by December 31, 2026?",December 2026,below,12.00000000,2027-01-01T05:00:00Z,233.29166667,40.52300000,,40.52300000,,,,0.66100000,,,0.10000000,0.09000000,0.11000000,0.02000000,live_clob,10845.10290000,121967.34947700,,,,,,,,,,no-options-model,,,,false,false,false,no-options,40.52300000,snapshot,0.10950000,830540332.20000005,0.00000000,no_listed_options_mapping;extreme_perp_funding,No listed options model is used for this asset. Polymarket quote refreshed from live CLOB during heatmap generation.
2026-05-12T22,relative_value_heatmap_v2_one_touch,HYPE,what-price-will-hyperliquid-hit-before-2027,701742,"Will Hyperliquid dip to $16 by December 31, 2026?",December 2026,below,16.00000000,2027-01-01T05:00:00Z,233.29166667,40.52300000,,40.52300000,,,,0.66100000,,,0.16500000,0.15000000,0.18000000,0.03000000,live_clob,18396.65060000,77292.72062400,,,,,,,,,,no-options-model,,,,false,false,false,no-options,40.52300000,snapshot,0.10950000,830540332.20000005,0.00000000,no_listed_options_mapping;extreme_perp_funding,No listed options model is used for this asset. Polymarket quote refreshed from live CLOB during heatmap generation.
2026-05-12T22,relative_value_heatmap_v2_one_touch,HYPE,what-price-will-hyperliquid-hit-before-2027,701741,"Will Hyperliquid dip to $20 by December 31, 2026?",December 2026,below,20.00000000,2027-01-01T05:00:00Z,233.29166667,40.52300000,,40.52300000,,,,0.66100000,,,0.29150000,0.28300000,0.30000000,0.01700000,live_clob,9029.21499000,87658.02176600,,,,,,,,,,no-options-model,,,,false,false,false,no-options,40.52300000,snapshot,0.10950000,830540332.20000005,0.00000000,no_listed_options_mapping;extreme_perp_funding,No listed options model is used for this asset. Polymarket quote refreshed from live CLOB during heatmap generation.
2026-05-12T22,relative_value_heatmap_v2_one_touch,HYPE,what-price-will-hyperliquid-hit-before-2027,701734,"Will Hyperliquid reach $46 by December 31, 2026?",December 2026,above,46.00000000,2027-01-01T05:00:00Z,233.29166667,40.52300000,,40.52300000,,,,0.66100000,,,0.87550000,0.87200000,0.87900000,0.00700000,live_clob,1958.98428000,12068.48271300,0.88093478,0.99383066,near_underlying_cap_bullish,,,,,,,no-options-model,,,,false,false,false,no-options,40.52300000,snapshot,0.10950000,830540332.20000005,0.00000000,no_listed_options_mapping;extreme_perp_funding;near_underlying_cap_bullish,No listed options model is used for this asset. Polymarket quote refreshed from live CLOB during heatmap generation. Underlying upside cap YES price is 88.1%; PM trades at 99% of cap.
2026-05-12T22,relative_value_heatmap_v2_one_touch,HYPE,what-price-will-hyperliquid-hit-before-2027,701733,"Will Hyperliquid reach $50 by December 31, 2026?",December 2026,above,50.00000000,2027-01-01T05:00:00Z,233.29166667,40.52300000,,40.52300000,,,,0.66100000,,,0.84000000,0.82000000,0.86000000,0.04000000,live_clob,2657.84710000,19942.58028100,0.81046000,1.03644844,above_underlying_cap,,,,,,,no-options-model,,,,false,false,false,no-options,40.52300000,snapshot,0.10950000,830540332.20000005,0.00000000,no_listed_options_mapping;extreme_perp_funding;above_underlying_cap,No listed options model is used for this asset. Polymarket quote refreshed from live CLOB during heatmap generation. Underlying upside cap YES price is 81.0%; PM trades at 104% of cap.
2026-05-12T22,relative_value_heatmap_v2_one_touch,HYPE,what-price-will-hyperliquid-hit-before-2027,701732,"Will Hyperliquid reach $54 by December 31, 2026?",December 2026,above,54.00000000,2027-01-01T05:00:00Z,233.29166667,40.52300000,,40.52300000,,,,0.66100000,,,0.66500000,0.66000000,0.67000000,0.01000000,live_clob,6012.01070000,44817.39795000,0.75042593,0.88616341,near_underlying_cap_bullish,,,,,,,no-options-model,,,,false,false,false,no-options,40.52300000,snapshot,0.10950000,830540332.20000005,0.00000000,no_listed_options_mapping;extreme_perp_funding;near_underlying_cap_bullish,No listed options model is used for this asset. Polymarket quote refreshed from live CLOB during heatmap generation. Underlying upside cap YES price is 75.0%; PM trades at 89% of cap.
2026-05-12T22,relative_value_heatmap_v2_one_touch,HYPE,what-price-will-hyperliquid-hit-before-2027,701731,"Will Hyperliquid reach $58 by December 31, 2026?",December 2026,above,58.00000000,2027-01-01T05:00:00Z,233.29166667,40.52300000,,40.52300000,,,,0.66100000,,,0.50000000,0.36000000,0.64000000,0.28000000,live_clob,166.35240000,5637.79949400,0.69867241,0.71564297,mid_underlying_cap_ratio,,,,,,,no-options-model,,,,false,false,false,no-options,40.52300000,snapshot,0.10950000,830540332.20000005,0.00000000,wide_pm_spread;low_pm_liquidity;no_listed_options_mapping;extreme_perp_funding,No listed options model is used for this asset. Polymarket quote refreshed from live CLOB during heatmap generation. Underlying upside cap YES price is 69.9%; PM trades at 72% of cap.
2026-05-12T22,relative_value_heatmap_v2_one_touch,HYPE,what-price-will-hyperliquid-hit-before-2027,701730,"Will Hyperliquid reach $62 by December 31, 2026?",December 2026,above,62.00000000,2027-01-01T05:00:00Z,233.29166667,40.52300000,,40.52300000,,,,0.66100000,,,0.42000000,0.25000000,0.59000000,0.34000000,live_clob,289.67770000,9481.85613700,0.65359677,0.64259803,mid_underlying_cap_ratio,,,,,,,no-options-model,,,,false,false,false,no-options,40.52300000,snapshot,0.10950000,830540332.20000005,0.00000000,wide_pm_spread;low_pm_liquidity;no_listed_options_mapping;extreme_perp_funding,No listed options model is used for this asset. Polymarket quote refreshed from live CLOB during heatmap generation. Underlying upside cap YES price is 65.4%; PM trades at 64% of cap.
2026-05-12T22,relative_value_heatmap_v2_one_touch,HYPE,what-price-will-hyperliquid-hit-before-2027,701729,"Will Hyperliquid reach $66 by December 31, 2026?",December 2026,above,66.00000000,2027-01-01T05:00:00Z,233.29166667,40.52300000,,40.52300000,,,,0.66100000,,,0.33000000,0.26000000,0.40000000,0.14000000,live_clob,830.36270000,32217.13350900,0.61398485,0.53747255,mid_underlying_cap_ratio,,,,,,,no-options-model,,,,false,false,false,no-options,40.52300000,snapshot,0.10950000,830540332.20000005,0.00000000,wide_pm_spread;low_pm_liquidity;no_listed_options_mapping;extreme_perp_funding,No listed options model is used for this asset. Polymarket quote refreshed from live CLOB during heatmap generation. Underlying upside cap YES price is 61.4%; PM trades at 54% of cap.
2026-05-12T22,relative_value_heatmap_v2_one_touch,HYPE,what-price-will-hyperliquid-hit-before-2027,701728,"Will Hyperliquid reach $70 by December 31, 2026?",December 2026,above,70.00000000,2027-01-01T05:00:00Z,233.29166667,40.52300000,,40.52300000,,,,0.66100000,,,0.43000000,0.34000000,0.52000000,0.18000000,live_clob,3421.96460000,24707.01907900,0.57890000,0.74278805,mid_underlying_cap_ratio,,,,,,,no-options-model,,,,false,false,false,no-options,40.52300000,snapshot,0.10950000,830540332.20000005,0.00000000,wide_pm_spread;no_listed_options_mapping;extreme_perp_funding,No listed options model is used for this asset. Polymarket quote refreshed from live CLOB during heatmap generation. Underlying upside cap YES price is 57.9%; PM trades at 74% of cap.
2026-05-12T22,relative_value_heatmap_v2_one_touch,HYPE,what-price-will-hyperliquid-hit-before-2027,701727,"Will Hyperliquid reach $80 by December 31, 2026?",December 2026,above,80.00000000,2027-01-01T05:00:00Z,233.29166667,40.52300000,,40.52300000,,,,0.66100000,,,0.25500000,0.25000000,0.26000000,0.01000000,live_clob,5742.04250000,23613.35934700,0.50653750,0.50341781,mid_underlying_cap_ratio,,,,,,,no-options-model,,,,false,false,false,no-options,40.52300000,snapshot,0.10950000,830540332.20000005,0.00000000,no_listed_options_mapping;extreme_perp_funding,No listed options model is used for this asset. Polymarket quote refreshed from live CLOB during heatmap generation. Underlying upside cap YES price is 50.7%; PM trades at 50% of cap.
2026-05-12T22,relative_value_heatmap_v2_one_touch,HYPE,what-price-will-hyperliquid-hit-before-2027,701726,"Will Hyperliquid reach $100 by December 31, 2026?",December 2026,above,100.00000000,2027-01-01T05:00:00Z,233.29166667,40.52300000,,40.52300000,,,,0.66100000,,,0.17500000,0.17000000,0.18000000,0.01000000,live_clob,12826.49380000,200471.56031300,0.40523000,0.43185352,mid_underlying_cap_ratio,,,,,,,no-options-model,,,,false,false,false,no-options,40.52300000,snapshot,0.10950000,830540332.20000005,0.00000000,no_listed_options_mapping;extreme_perp_funding,No listed options model is used for this asset. Polymarket quote refreshed from live CLOB during heatmap generation. Underlying upside cap YES price is 40.5%; PM trades at 43% of cap.
