asset,signal_type,filter_mode,threshold,target_pct,stop_pct,hold_hours,raw_hits,dedup_trades,win_rate,avg_market_pnl_pct,avg_funding_pnl_pct,avg_total_pnl_pct,median_total_pnl_pct,max_drawdown_pct,sharpe_like,hard_blocked
BTC,FUNDING_EXTREME_LONG,filter_off,10,3.0,2.0,24,14,14,0.35714285714285715,-0.6009933441389416,0.0070014677103718195,-0.5939918764285698,-0.753620282312824,-8.315886269999977,-0.4088923651556031,no
BTC,FUNDING_EXTREME_LONG,filter_default,10,3.0,2.0,24,10,10,0.3,-0.6448945576237186,0.011233675799086757,-0.6336608818246319,-0.753620282312824,-6.336608818246319,-0.44069216231194364,no
BTC,FUNDING_EXTREME_LONG,filter_blocked,10,3.0,2.0,24,4,4,0.5,-0.4912403104269991,-0.0035790525114155255,-0.4948193629384146,-0.8271375804370668,-3.747080241587565,-0.33333916070187414,no
BTC,FUNDING_EXTREME_LONG,filter_off,10,4.0,2.5,24,14,14,0.35714285714285715,-0.6827775695941436,0.007306425309849967,-0.6754711442842936,-0.753620282312824,-9.456596019980111,-0.4315825776125057,no
BTC,FUNDING_EXTREME_LONG,filter_default,10,4.0,2.5,24,10,10,0.3,-0.7593924732610013,0.011660616438356164,-0.7477318568226452,-0.753620282312824,-7.477318568226451,-0.4701252077405572,no
BTC,FUNDING_EXTREME_LONG,filter_blocked,10,4.0,2.5,24,4,4,0.5,-0.4912403104269991,-0.0035790525114155255,-0.4948193629384146,-0.8271375804370668,-3.747080241587565,-0.33333916070187414,no
BTC,FUNDING_EXTREME_LONG,filter_off,10,5.0,2.5,24,14,14,0.35714285714285715,-0.6827775695941436,0.007306425309849967,-0.6754711442842936,-0.753620282312824,-9.456596019980111,-0.4315825776125057,no
BTC,FUNDING_EXTREME_LONG,filter_default,10,5.0,2.5,24,10,10,0.3,-0.7593924732610013,0.011660616438356164,-0.7477318568226452,-0.753620282312824,-7.477318568226451,-0.4701252077405572,no
BTC,FUNDING_EXTREME_LONG,filter_blocked,10,5.0,2.5,24,4,4,0.5,-0.4912403104269991,-0.0035790525114155255,-0.4948193629384146,-0.8271375804370668,-3.747080241587565,-0.33333916070187414,no
BTC,FUNDING_EXTREME_LONG,filter_off,10,6.0,3.0,24,14,14,0.35714285714285715,-0.6932860847821442,0.008288568166992824,-0.6849975166151513,-0.753620282312824,-9.58996523261212,-0.4336952919265486,no
BTC,FUNDING_EXTREME_LONG,filter_default,10,6.0,3.0,24,10,10,0.3,-0.7741043945242021,0.013035616438356164,-0.7610687780858459,-0.753620282312824,-7.610687780858459,-0.4728291745095728,no
BTC,FUNDING_EXTREME_LONG,filter_blocked,10,6.0,3.0,24,4,4,0.5,-0.4912403104269991,-0.0035790525114155255,-0.4948193629384146,-0.8271375804370668,-3.747080241587565,-0.33333916070187414,no
BTC,FUNDING_EXTREME_LONG,filter_off,10,3.0,2.0,48,14,14,0.35714285714285715,-0.9653102589872976,0.007247635355512067,-0.9580626236317856,-1.8812206344043694,-13.412876730845001,-0.5384204363362852,no
BTC,FUNDING_EXTREME_LONG,filter_default,10,3.0,2.0,48,10,10,0.4,-0.9102074331306498,0.013092123287671231,-0.8971153098429786,-1.8812206344043694,-9.210446057100093,-0.5195130942252777,no
BTC,FUNDING_EXTREME_LONG,filter_blocked,10,3.0,2.0,48,4,4,0.25,-1.1030673236289172,-0.007363584474885844,-1.1104309081038033,-1.3906101303441203,-6.096386452051192,-0.5857017062696946,no
BTC,FUNDING_EXTREME_LONG,filter_off,10,4.0,2.5,48,14,14,0.35714285714285715,-0.9560797219902899,0.008315639269406393,-0.9477640827208835,-1.0140041104360755,-13.26869715809237,-0.5013177461612461,no
BTC,FUNDING_EXTREME_LONG,filter_default,10,4.0,2.5,48,10,10,0.4,-1.1133726114474907,0.013239269406392693,-1.100133342041098,-1.8226618378950363,-11.00133342041098,-0.5754699568890195,no
BTC,FUNDING_EXTREME_LONG,filter_blocked,10,4.0,2.5,48,4,4,0.25,-0.5628474983472881,-0.003993436073059361,-0.5668409344203474,-0.3034301829772088,-3.922026557317369,-0.31837908004320115,no
BTC,FUNDING_EXTREME_LONG,filter_off,10,5.0,2.5,48,14,14,0.35714285714285715,-0.9560797219902899,0.008315639269406393,-0.9477640827208835,-1.0140041104360755,-13.26869715809237,-0.5013177461612461,no
BTC,FUNDING_EXTREME_LONG,filter_default,10,5.0,2.5,48,10,10,0.4,-1.1133726114474907,0.013239269406392693,-1.100133342041098,-1.8226618378950363,-11.00133342041098,-0.5754699568890195,no
BTC,FUNDING_EXTREME_LONG,filter_blocked,10,5.0,2.5,48,4,4,0.25,-0.5628474983472881,-0.003993436073059361,-0.5668409344203474,-0.3034301829772088,-3.922026557317369,-0.31837908004320115,no
BTC,FUNDING_EXTREME_LONG,filter_off,10,6.0,3.0,48,14,14,0.35714285714285715,-1.01640102219375,0.009546151337247228,-1.0068548708565028,-1.0140041104360755,-14.095968191991041,-0.5158884843588373,no
BTC,FUNDING_EXTREME_LONG,filter_default,10,6.0,3.0,48,10,10,0.4,-1.197822431732335,0.014961986301369863,-1.182860445430965,-1.8226618378950363,-11.828604454309652,-0.5946809231579208,no
BTC,FUNDING_EXTREME_LONG,filter_blocked,10,6.0,3.0,48,4,4,0.25,-0.5628474983472881,-0.003993436073059361,-0.5668409344203474,-0.3034301829772088,-3.922026557317369,-0.31837908004320115,no
BTC,FUNDING_EXTREME_LONG,filter_off,10,3.0,2.0,72,14,14,0.35714285714285715,-0.8478731336363803,0.007567025440313111,-0.8403061081960672,-2.1557388435887157,-11.764285514744943,-0.42507159824737406,no
BTC,FUNDING_EXTREME_LONG,filter_default,10,3.0,2.0,72,10,10,0.4,-0.7619531882127029,0.014479908675799086,-0.7474732795369038,-2.1557388435887157,-9.210446057100091,-0.3745882225579406,no
BTC,FUNDING_EXTREME_LONG,filter_blocked,10,3.0,2.0,72,4,4,0.25,-1.062672997195574,-0.009715182648401828,-1.0723881798439758,-1.3145246738244656,-5.944215539011882,-0.5614757211329157,no
BTC,FUNDING_EXTREME_LONG,filter_off,10,4.0,2.5,72,14,14,0.35714285714285715,-0.9518722393728521,0.008278538812785388,-0.9435937005600668,-1.2151658197577628,-13.210311807840933,-0.46747594830394945,no
BTC,FUNDING_EXTREME_LONG,filter_default,10,4.0,2.5,72,10,10,0.4,-1.123639866356415,0.01412796803652968,-1.1095118983198855,-2.4263121439537216,-11.443025568677758,-0.5328969355924991,no
BTC,FUNDING_EXTREME_LONG,filter_blocked,10,4.0,2.5,72,4,4,0.25,-0.5224531719139447,-0.0063450342465753455,-0.5287982061605201,-0.22734472645755394,-3.7698556442780595,-0.2964461131466265,no
BTC,FUNDING_EXTREME_LONG,filter_off,10,5.0,2.5,72,14,14,0.35714285714285715,-0.9518722393728521,0.008278538812785388,-0.9435937005600668,-1.2151658197577628,-13.210311807840933,-0.46747594830394945,no
BTC,FUNDING_EXTREME_LONG,filter_default,10,5.0,2.5,72,10,10,0.4,-1.123639866356415,0.01412796803652968,-1.1095118983198855,-2.4263121439537216,-11.443025568677758,-0.5328969355924991,no
BTC,FUNDING_EXTREME_LONG,filter_blocked,10,5.0,2.5,72,4,4,0.25,-0.5224531719139447,-0.0063450342465753455,-0.5287982061605201,-0.22734472645755394,-3.7698556442780595,-0.2964461131466265,no
BTC,FUNDING_EXTREME_LONG,filter_off,10,6.0,3.0,72,14,14,0.35714285714285715,-1.0420510626695887,0.009517938682322244,-1.0325331239872666,-1.2151658197577628,-14.45546373582173,-0.4904371922587975,no
BTC,FUNDING_EXTREME_LONG,filter_default,10,6.0,3.0,72,10,10,0.4,-1.2498902189718464,0.01586312785388128,-1.2340270911179652,-2.5707568481656033,-12.554808284026548,-0.5638103467109936,no
BTC,FUNDING_EXTREME_LONG,filter_blocked,10,6.0,3.0,72,4,4,0.25,-0.5224531719139447,-0.0063450342465753455,-0.5287982061605201,-0.22734472645755394,-3.7698556442780595,-0.2964461131466265,no
BTC,FUNDING_EXTREME_LONG,filter_off,15,3.0,2.0,24,0,0,,,,,,,,no
BTC,FUNDING_EXTREME_LONG,filter_default,15,3.0,2.0,24,0,0,,,,,,,,no
BTC,FUNDING_EXTREME_LONG,filter_blocked,15,3.0,2.0,24,0,0,,,,,,,,no
BTC,FUNDING_EXTREME_LONG,filter_off,15,4.0,2.5,24,0,0,,,,,,,,no
BTC,FUNDING_EXTREME_LONG,filter_default,15,4.0,2.5,24,0,0,,,,,,,,no
BTC,FUNDING_EXTREME_LONG,filter_blocked,15,4.0,2.5,24,0,0,,,,,,,,no
BTC,FUNDING_EXTREME_LONG,filter_off,15,5.0,2.5,24,0,0,,,,,,,,no
BTC,FUNDING_EXTREME_LONG,filter_default,15,5.0,2.5,24,0,0,,,,,,,,no
BTC,FUNDING_EXTREME_LONG,filter_blocked,15,5.0,2.5,24,0,0,,,,,,,,no
BTC,FUNDING_EXTREME_LONG,filter_off,15,6.0,3.0,24,0,0,,,,,,,,no
BTC,FUNDING_EXTREME_LONG,filter_default,15,6.0,3.0,24,0,0,,,,,,,,no
BTC,FUNDING_EXTREME_LONG,filter_blocked,15,6.0,3.0,24,0,0,,,,,,,,no
BTC,FUNDING_EXTREME_LONG,filter_off,15,3.0,2.0,48,0,0,,,,,,,,no
BTC,FUNDING_EXTREME_LONG,filter_default,15,3.0,2.0,48,0,0,,,,,,,,no
BTC,FUNDING_EXTREME_LONG,filter_blocked,15,3.0,2.0,48,0,0,,,,,,,,no
BTC,FUNDING_EXTREME_LONG,filter_off,15,4.0,2.5,48,0,0,,,,,,,,no
BTC,FUNDING_EXTREME_LONG,filter_default,15,4.0,2.5,48,0,0,,,,,,,,no
BTC,FUNDING_EXTREME_LONG,filter_blocked,15,4.0,2.5,48,0,0,,,,,,,,no
BTC,FUNDING_EXTREME_LONG,filter_off,15,5.0,2.5,48,0,0,,,,,,,,no
BTC,FUNDING_EXTREME_LONG,filter_default,15,5.0,2.5,48,0,0,,,,,,,,no
BTC,FUNDING_EXTREME_LONG,filter_blocked,15,5.0,2.5,48,0,0,,,,,,,,no
BTC,FUNDING_EXTREME_LONG,filter_off,15,6.0,3.0,48,0,0,,,,,,,,no
BTC,FUNDING_EXTREME_LONG,filter_default,15,6.0,3.0,48,0,0,,,,,,,,no
BTC,FUNDING_EXTREME_LONG,filter_blocked,15,6.0,3.0,48,0,0,,,,,,,,no
BTC,FUNDING_EXTREME_LONG,filter_off,15,3.0,2.0,72,0,0,,,,,,,,no
BTC,FUNDING_EXTREME_LONG,filter_default,15,3.0,2.0,72,0,0,,,,,,,,no
BTC,FUNDING_EXTREME_LONG,filter_blocked,15,3.0,2.0,72,0,0,,,,,,,,no
BTC,FUNDING_EXTREME_LONG,filter_off,15,4.0,2.5,72,0,0,,,,,,,,no
BTC,FUNDING_EXTREME_LONG,filter_default,15,4.0,2.5,72,0,0,,,,,,,,no
BTC,FUNDING_EXTREME_LONG,filter_blocked,15,4.0,2.5,72,0,0,,,,,,,,no
BTC,FUNDING_EXTREME_LONG,filter_off,15,5.0,2.5,72,0,0,,,,,,,,no
BTC,FUNDING_EXTREME_LONG,filter_default,15,5.0,2.5,72,0,0,,,,,,,,no
BTC,FUNDING_EXTREME_LONG,filter_blocked,15,5.0,2.5,72,0,0,,,,,,,,no
BTC,FUNDING_EXTREME_LONG,filter_off,15,6.0,3.0,72,0,0,,,,,,,,no
BTC,FUNDING_EXTREME_LONG,filter_default,15,6.0,3.0,72,0,0,,,,,,,,no
BTC,FUNDING_EXTREME_LONG,filter_blocked,15,6.0,3.0,72,0,0,,,,,,,,no
BTC,FUNDING_EXTREME_LONG,filter_off,20,3.0,2.0,24,0,0,,,,,,,,no
BTC,FUNDING_EXTREME_LONG,filter_default,20,3.0,2.0,24,0,0,,,,,,,,no
BTC,FUNDING_EXTREME_LONG,filter_blocked,20,3.0,2.0,24,0,0,,,,,,,,no
BTC,FUNDING_EXTREME_LONG,filter_off,20,4.0,2.5,24,0,0,,,,,,,,no
BTC,FUNDING_EXTREME_LONG,filter_default,20,4.0,2.5,24,0,0,,,,,,,,no
BTC,FUNDING_EXTREME_LONG,filter_blocked,20,4.0,2.5,24,0,0,,,,,,,,no
BTC,FUNDING_EXTREME_LONG,filter_off,20,5.0,2.5,24,0,0,,,,,,,,no
BTC,FUNDING_EXTREME_LONG,filter_default,20,5.0,2.5,24,0,0,,,,,,,,no
BTC,FUNDING_EXTREME_LONG,filter_blocked,20,5.0,2.5,24,0,0,,,,,,,,no
BTC,FUNDING_EXTREME_LONG,filter_off,20,6.0,3.0,24,0,0,,,,,,,,no
BTC,FUNDING_EXTREME_LONG,filter_default,20,6.0,3.0,24,0,0,,,,,,,,no
BTC,FUNDING_EXTREME_LONG,filter_blocked,20,6.0,3.0,24,0,0,,,,,,,,no
BTC,FUNDING_EXTREME_LONG,filter_off,20,3.0,2.0,48,0,0,,,,,,,,no
BTC,FUNDING_EXTREME_LONG,filter_default,20,3.0,2.0,48,0,0,,,,,,,,no
BTC,FUNDING_EXTREME_LONG,filter_blocked,20,3.0,2.0,48,0,0,,,,,,,,no
BTC,FUNDING_EXTREME_LONG,filter_off,20,4.0,2.5,48,0,0,,,,,,,,no
BTC,FUNDING_EXTREME_LONG,filter_default,20,4.0,2.5,48,0,0,,,,,,,,no
BTC,FUNDING_EXTREME_LONG,filter_blocked,20,4.0,2.5,48,0,0,,,,,,,,no
BTC,FUNDING_EXTREME_LONG,filter_off,20,5.0,2.5,48,0,0,,,,,,,,no
BTC,FUNDING_EXTREME_LONG,filter_default,20,5.0,2.5,48,0,0,,,,,,,,no
BTC,FUNDING_EXTREME_LONG,filter_blocked,20,5.0,2.5,48,0,0,,,,,,,,no
BTC,FUNDING_EXTREME_LONG,filter_off,20,6.0,3.0,48,0,0,,,,,,,,no
BTC,FUNDING_EXTREME_LONG,filter_default,20,6.0,3.0,48,0,0,,,,,,,,no
BTC,FUNDING_EXTREME_LONG,filter_blocked,20,6.0,3.0,48,0,0,,,,,,,,no
BTC,FUNDING_EXTREME_LONG,filter_off,20,3.0,2.0,72,0,0,,,,,,,,no
BTC,FUNDING_EXTREME_LONG,filter_default,20,3.0,2.0,72,0,0,,,,,,,,no
BTC,FUNDING_EXTREME_LONG,filter_blocked,20,3.0,2.0,72,0,0,,,,,,,,no
BTC,FUNDING_EXTREME_LONG,filter_off,20,4.0,2.5,72,0,0,,,,,,,,no
BTC,FUNDING_EXTREME_LONG,filter_default,20,4.0,2.5,72,0,0,,,,,,,,no
BTC,FUNDING_EXTREME_LONG,filter_blocked,20,4.0,2.5,72,0,0,,,,,,,,no
BTC,FUNDING_EXTREME_LONG,filter_off,20,5.0,2.5,72,0,0,,,,,,,,no
BTC,FUNDING_EXTREME_LONG,filter_default,20,5.0,2.5,72,0,0,,,,,,,,no
BTC,FUNDING_EXTREME_LONG,filter_blocked,20,5.0,2.5,72,0,0,,,,,,,,no
BTC,FUNDING_EXTREME_LONG,filter_off,20,6.0,3.0,72,0,0,,,,,,,,no
BTC,FUNDING_EXTREME_LONG,filter_default,20,6.0,3.0,72,0,0,,,,,,,,no
BTC,FUNDING_EXTREME_LONG,filter_blocked,20,6.0,3.0,72,0,0,,,,,,,,no
BTC,FUNDING_EXTREME_LONG,filter_off,30,3.0,2.0,24,0,0,,,,,,,,no
BTC,FUNDING_EXTREME_LONG,filter_default,30,3.0,2.0,24,0,0,,,,,,,,no
BTC,FUNDING_EXTREME_LONG,filter_blocked,30,3.0,2.0,24,0,0,,,,,,,,no
BTC,FUNDING_EXTREME_LONG,filter_off,30,4.0,2.5,24,0,0,,,,,,,,no
BTC,FUNDING_EXTREME_LONG,filter_default,30,4.0,2.5,24,0,0,,,,,,,,no
BTC,FUNDING_EXTREME_LONG,filter_blocked,30,4.0,2.5,24,0,0,,,,,,,,no
BTC,FUNDING_EXTREME_LONG,filter_off,30,5.0,2.5,24,0,0,,,,,,,,no
BTC,FUNDING_EXTREME_LONG,filter_default,30,5.0,2.5,24,0,0,,,,,,,,no
BTC,FUNDING_EXTREME_LONG,filter_blocked,30,5.0,2.5,24,0,0,,,,,,,,no
BTC,FUNDING_EXTREME_LONG,filter_off,30,6.0,3.0,24,0,0,,,,,,,,no
BTC,FUNDING_EXTREME_LONG,filter_default,30,6.0,3.0,24,0,0,,,,,,,,no
BTC,FUNDING_EXTREME_LONG,filter_blocked,30,6.0,3.0,24,0,0,,,,,,,,no
BTC,FUNDING_EXTREME_LONG,filter_off,30,3.0,2.0,48,0,0,,,,,,,,no
BTC,FUNDING_EXTREME_LONG,filter_default,30,3.0,2.0,48,0,0,,,,,,,,no
BTC,FUNDING_EXTREME_LONG,filter_blocked,30,3.0,2.0,48,0,0,,,,,,,,no
BTC,FUNDING_EXTREME_LONG,filter_off,30,4.0,2.5,48,0,0,,,,,,,,no
BTC,FUNDING_EXTREME_LONG,filter_default,30,4.0,2.5,48,0,0,,,,,,,,no
BTC,FUNDING_EXTREME_LONG,filter_blocked,30,4.0,2.5,48,0,0,,,,,,,,no
BTC,FUNDING_EXTREME_LONG,filter_off,30,5.0,2.5,48,0,0,,,,,,,,no
BTC,FUNDING_EXTREME_LONG,filter_default,30,5.0,2.5,48,0,0,,,,,,,,no
BTC,FUNDING_EXTREME_LONG,filter_blocked,30,5.0,2.5,48,0,0,,,,,,,,no
BTC,FUNDING_EXTREME_LONG,filter_off,30,6.0,3.0,48,0,0,,,,,,,,no
BTC,FUNDING_EXTREME_LONG,filter_default,30,6.0,3.0,48,0,0,,,,,,,,no
BTC,FUNDING_EXTREME_LONG,filter_blocked,30,6.0,3.0,48,0,0,,,,,,,,no
BTC,FUNDING_EXTREME_LONG,filter_off,30,3.0,2.0,72,0,0,,,,,,,,no
BTC,FUNDING_EXTREME_LONG,filter_default,30,3.0,2.0,72,0,0,,,,,,,,no
BTC,FUNDING_EXTREME_LONG,filter_blocked,30,3.0,2.0,72,0,0,,,,,,,,no
BTC,FUNDING_EXTREME_LONG,filter_off,30,4.0,2.5,72,0,0,,,,,,,,no
BTC,FUNDING_EXTREME_LONG,filter_default,30,4.0,2.5,72,0,0,,,,,,,,no
BTC,FUNDING_EXTREME_LONG,filter_blocked,30,4.0,2.5,72,0,0,,,,,,,,no
BTC,FUNDING_EXTREME_LONG,filter_off,30,5.0,2.5,72,0,0,,,,,,,,no
BTC,FUNDING_EXTREME_LONG,filter_default,30,5.0,2.5,72,0,0,,,,,,,,no
BTC,FUNDING_EXTREME_LONG,filter_blocked,30,5.0,2.5,72,0,0,,,,,,,,no
BTC,FUNDING_EXTREME_LONG,filter_off,30,6.0,3.0,72,0,0,,,,,,,,no
BTC,FUNDING_EXTREME_LONG,filter_default,30,6.0,3.0,72,0,0,,,,,,,,no
BTC,FUNDING_EXTREME_LONG,filter_blocked,30,6.0,3.0,72,0,0,,,,,,,,no
BTC,FUNDING_EXTREME_LONG,filter_off,50,3.0,2.0,24,0,0,,,,,,,,no
BTC,FUNDING_EXTREME_LONG,filter_default,50,3.0,2.0,24,0,0,,,,,,,,no
BTC,FUNDING_EXTREME_LONG,filter_blocked,50,3.0,2.0,24,0,0,,,,,,,,no
BTC,FUNDING_EXTREME_LONG,filter_off,50,4.0,2.5,24,0,0,,,,,,,,no
BTC,FUNDING_EXTREME_LONG,filter_default,50,4.0,2.5,24,0,0,,,,,,,,no
BTC,FUNDING_EXTREME_LONG,filter_blocked,50,4.0,2.5,24,0,0,,,,,,,,no
BTC,FUNDING_EXTREME_LONG,filter_off,50,5.0,2.5,24,0,0,,,,,,,,no
BTC,FUNDING_EXTREME_LONG,filter_default,50,5.0,2.5,24,0,0,,,,,,,,no
BTC,FUNDING_EXTREME_LONG,filter_blocked,50,5.0,2.5,24,0,0,,,,,,,,no
BTC,FUNDING_EXTREME_LONG,filter_off,50,6.0,3.0,24,0,0,,,,,,,,no
BTC,FUNDING_EXTREME_LONG,filter_default,50,6.0,3.0,24,0,0,,,,,,,,no
BTC,FUNDING_EXTREME_LONG,filter_blocked,50,6.0,3.0,24,0,0,,,,,,,,no
BTC,FUNDING_EXTREME_LONG,filter_off,50,3.0,2.0,48,0,0,,,,,,,,no
BTC,FUNDING_EXTREME_LONG,filter_default,50,3.0,2.0,48,0,0,,,,,,,,no
BTC,FUNDING_EXTREME_LONG,filter_blocked,50,3.0,2.0,48,0,0,,,,,,,,no
BTC,FUNDING_EXTREME_LONG,filter_off,50,4.0,2.5,48,0,0,,,,,,,,no
BTC,FUNDING_EXTREME_LONG,filter_default,50,4.0,2.5,48,0,0,,,,,,,,no
BTC,FUNDING_EXTREME_LONG,filter_blocked,50,4.0,2.5,48,0,0,,,,,,,,no
BTC,FUNDING_EXTREME_LONG,filter_off,50,5.0,2.5,48,0,0,,,,,,,,no
BTC,FUNDING_EXTREME_LONG,filter_default,50,5.0,2.5,48,0,0,,,,,,,,no
BTC,FUNDING_EXTREME_LONG,filter_blocked,50,5.0,2.5,48,0,0,,,,,,,,no
BTC,FUNDING_EXTREME_LONG,filter_off,50,6.0,3.0,48,0,0,,,,,,,,no
BTC,FUNDING_EXTREME_LONG,filter_default,50,6.0,3.0,48,0,0,,,,,,,,no
BTC,FUNDING_EXTREME_LONG,filter_blocked,50,6.0,3.0,48,0,0,,,,,,,,no
BTC,FUNDING_EXTREME_LONG,filter_off,50,3.0,2.0,72,0,0,,,,,,,,no
BTC,FUNDING_EXTREME_LONG,filter_default,50,3.0,2.0,72,0,0,,,,,,,,no
BTC,FUNDING_EXTREME_LONG,filter_blocked,50,3.0,2.0,72,0,0,,,,,,,,no
BTC,FUNDING_EXTREME_LONG,filter_off,50,4.0,2.5,72,0,0,,,,,,,,no
BTC,FUNDING_EXTREME_LONG,filter_default,50,4.0,2.5,72,0,0,,,,,,,,no
BTC,FUNDING_EXTREME_LONG,filter_blocked,50,4.0,2.5,72,0,0,,,,,,,,no
BTC,FUNDING_EXTREME_LONG,filter_off,50,5.0,2.5,72,0,0,,,,,,,,no
BTC,FUNDING_EXTREME_LONG,filter_default,50,5.0,2.5,72,0,0,,,,,,,,no
BTC,FUNDING_EXTREME_LONG,filter_blocked,50,5.0,2.5,72,0,0,,,,,,,,no
BTC,FUNDING_EXTREME_LONG,filter_off,50,6.0,3.0,72,0,0,,,,,,,,no
BTC,FUNDING_EXTREME_LONG,filter_default,50,6.0,3.0,72,0,0,,,,,,,,no
BTC,FUNDING_EXTREME_LONG,filter_blocked,50,6.0,3.0,72,0,0,,,,,,,,no
BTC,FUNDING_EXTREME_SHORT,filter_off,10,3.0,2.0,24,15,15,0.6,0.24222718604676027,0.01994322678843227,0.26217041283519255,0.34840292425695524,-6.581635319983825,0.15932153486568537,no
BTC,FUNDING_EXTREME_SHORT,filter_default,10,3.0,2.0,24,15,15,0.6,0.24222718604676027,0.01994322678843227,0.26217041283519255,0.34840292425695524,-6.581635319983825,0.15932153486568537,no
BTC,FUNDING_EXTREME_SHORT,filter_blocked,10,3.0,2.0,24,0,0,,,,,,,,no
BTC,FUNDING_EXTREME_SHORT,filter_off,10,4.0,2.5,24,15,15,0.6,0.45784082223633726,0.019407762557077626,0.47724858479341487,0.34840292425695524,-4.358215046944526,0.2982642307732573,no
BTC,FUNDING_EXTREME_SHORT,filter_default,10,4.0,2.5,24,15,15,0.6,0.45784082223633726,0.019407762557077626,0.47724858479341487,0.34840292425695524,-4.358215046944526,0.2982642307732573,no
BTC,FUNDING_EXTREME_SHORT,filter_blocked,10,4.0,2.5,24,0,0,,,,,,,,no
BTC,FUNDING_EXTREME_SHORT,filter_off,10,5.0,2.5,24,15,15,0.6,0.45784082223633726,0.019407762557077626,0.47724858479341487,0.34840292425695524,-4.358215046944526,0.2982642307732573,no
BTC,FUNDING_EXTREME_SHORT,filter_default,10,5.0,2.5,24,15,15,0.6,0.45784082223633726,0.019407762557077626,0.47724858479341487,0.34840292425695524,-4.358215046944526,0.2982642307732573,no
BTC,FUNDING_EXTREME_SHORT,filter_blocked,10,5.0,2.5,24,0,0,,,,,,,,no
BTC,FUNDING_EXTREME_SHORT,filter_off,10,6.0,3.0,24,15,15,0.6,0.45784082223633726,0.019407762557077626,0.47724858479341487,0.34840292425695524,-4.358215046944526,0.2982642307732573,no
BTC,FUNDING_EXTREME_SHORT,filter_default,10,6.0,3.0,24,15,15,0.6,0.45784082223633726,0.019407762557077626,0.47724858479341487,0.34840292425695524,-4.358215046944526,0.2982642307732573,no
BTC,FUNDING_EXTREME_SHORT,filter_blocked,10,6.0,3.0,24,0,0,,,,,,,,no
BTC,FUNDING_EXTREME_SHORT,filter_off,10,3.0,2.0,48,15,15,0.6,0.6503086089734947,0.024076864535768645,0.6743854735092634,0.516963849012991,-7.104989437637743,0.3100250253315318,no
BTC,FUNDING_EXTREME_SHORT,filter_default,10,3.0,2.0,48,15,15,0.6,0.6503086089734947,0.024076864535768645,0.6743854735092634,0.516963849012991,-7.104989437637743,0.3100250253315318,no
BTC,FUNDING_EXTREME_SHORT,filter_blocked,10,3.0,2.0,48,0,0,,,,,,,,no
BTC,FUNDING_EXTREME_SHORT,filter_off,10,4.0,2.5,48,15,15,0.6666666666666666,0.8897255107734314,0.025849771689497716,0.9155752824629292,0.516963849012991,-5.005701847071675,0.42525086788609345,no
BTC,FUNDING_EXTREME_SHORT,filter_default,10,4.0,2.5,48,15,15,0.6666666666666666,0.8897255107734314,0.025849771689497716,0.9155752824629292,0.516963849012991,-5.005701847071675,0.42525086788609345,no
BTC,FUNDING_EXTREME_SHORT,filter_blocked,10,4.0,2.5,48,0,0,,,,,,,,no
BTC,FUNDING_EXTREME_SHORT,filter_off,10,5.0,2.5,48,15,15,0.6666666666666666,0.8283804071600565,0.025959436834094365,0.8543398439941509,0.516963849012991,-5.005701847071675,0.41362710729903973,no
BTC,FUNDING_EXTREME_SHORT,filter_default,10,5.0,2.5,48,15,15,0.6666666666666666,0.8283804071600565,0.025959436834094365,0.8543398439941509,0.516963849012991,-5.005701847071675,0.41362710729903973,no
BTC,FUNDING_EXTREME_SHORT,filter_blocked,10,5.0,2.5,48,0,0,,,,,,,,no
BTC,FUNDING_EXTREME_SHORT,filter_off,10,6.0,3.0,48,15,15,0.6666666666666666,0.9006901728660491,0.026062328767123284,0.9267525016331725,0.516963849012991,-3.91951198248635,0.47374485652139414,no
BTC,FUNDING_EXTREME_SHORT,filter_default,10,6.0,3.0,48,15,15,0.6666666666666666,0.9006901728660491,0.026062328767123284,0.9267525016331725,0.516963849012991,-3.91951198248635,0.47374485652139414,no
BTC,FUNDING_EXTREME_SHORT,filter_blocked,10,6.0,3.0,48,0,0,,,,,,,,no
BTC,FUNDING_EXTREME_SHORT,filter_off,10,3.0,2.0,72,15,15,0.6,1.1546456315754046,0.02552709284627093,1.1801727244216755,2.389238305060849,-6.0743953332514895,0.4905875594495406,no
BTC,FUNDING_EXTREME_SHORT,filter_default,10,3.0,2.0,72,15,15,0.6,1.1546456315754046,0.02552709284627093,1.1801727244216755,2.389238305060849,-6.0743953332514895,0.4905875594495406,no
BTC,FUNDING_EXTREME_SHORT,filter_blocked,10,3.0,2.0,72,0,0,,,,,,,,no
BTC,FUNDING_EXTREME_SHORT,filter_off,10,4.0,2.5,72,15,15,0.6666666666666666,1.1379251628960045,0.02707108066971081,1.1649962435657153,1.5622036679699165,-4.851467056800935,0.5326670137139208,no
BTC,FUNDING_EXTREME_SHORT,filter_default,10,4.0,2.5,72,15,15,0.6666666666666666,1.1379251628960045,0.02707108066971081,1.1649962435657153,1.5622036679699165,-4.851467056800935,0.5326670137139208,no
BTC,FUNDING_EXTREME_SHORT,filter_blocked,10,4.0,2.5,72,0,0,,,,,,,,no
BTC,FUNDING_EXTREME_SHORT,filter_off,10,5.0,2.5,72,15,15,0.6666666666666666,1.3126093888746089,0.027024581430745813,1.3396339703053548,1.5622036679699165,-4.851467056800935,0.5356818430951441,no
BTC,FUNDING_EXTREME_SHORT,filter_default,10,5.0,2.5,72,15,15,0.6666666666666666,1.3126093888746089,0.027024581430745813,1.3396339703053548,1.5622036679699165,-4.851467056800935,0.5356818430951441,no
BTC,FUNDING_EXTREME_SHORT,filter_blocked,10,5.0,2.5,72,0,0,,,,,,,,no
BTC,FUNDING_EXTREME_SHORT,filter_off,10,6.0,3.0,72,15,15,0.6666666666666666,1.278225533736037,0.02746476407914764,1.3056902978151848,1.5622036679699165,-5.3606221441534885,0.5104301504895798,no
BTC,FUNDING_EXTREME_SHORT,filter_default,10,6.0,3.0,72,15,15,0.6666666666666666,1.278225533736037,0.02746476407914764,1.3056902978151848,1.5622036679699165,-5.3606221441534885,0.5104301504895798,no
BTC,FUNDING_EXTREME_SHORT,filter_blocked,10,6.0,3.0,72,0,0,,,,,,,,no
BTC,FUNDING_EXTREME_SHORT,filter_off,15,3.0,2.0,24,8,8,0.25,-0.4880566207918699,0.025070490867579908,-0.46298612992429,-1.1075406550725708,-7.149837917500948,-0.2101801584807364,no
BTC,FUNDING_EXTREME_SHORT,filter_default,15,3.0,2.0,24,8,8,0.25,-0.4880566207918699,0.025070490867579908,-0.46298612992429,-1.1075406550725708,-7.149837917500948,-0.2101801584807364,no
BTC,FUNDING_EXTREME_SHORT,filter_blocked,15,3.0,2.0,24,0,0,,,,,,,,no
BTC,FUNDING_EXTREME_SHORT,filter_off,15,4.0,2.5,24,8,8,0.25,-0.5860536736606775,0.02484046803652968,-0.5612132056241478,-1.1075406550725708,-7.831402316908429,-0.24749803629263598,no
BTC,FUNDING_EXTREME_SHORT,filter_default,15,4.0,2.5,24,8,8,0.25,-0.5860536736606775,0.02484046803652968,-0.5612132056241478,-1.1075406550725708,-7.831402316908429,-0.24749803629263598,no
BTC,FUNDING_EXTREME_SHORT,filter_blocked,15,4.0,2.5,24,0,0,,,,,,,,no
BTC,FUNDING_EXTREME_SHORT,filter_off,15,5.0,2.5,24,8,8,0.25,-0.5860536736606775,0.02484046803652968,-0.5612132056241478,-1.1075406550725708,-7.831402316908429,-0.24749803629263598,no
BTC,FUNDING_EXTREME_SHORT,filter_default,15,5.0,2.5,24,8,8,0.25,-0.5860536736606775,0.02484046803652968,-0.5612132056241478,-1.1075406550725708,-7.831402316908429,-0.24749803629263598,no
BTC,FUNDING_EXTREME_SHORT,filter_blocked,15,5.0,2.5,24,0,0,,,,,,,,no
BTC,FUNDING_EXTREME_SHORT,filter_off,15,6.0,3.0,24,8,8,0.25,-0.5650155901225945,0.024581763698630136,-0.5404338264239643,-1.1075406550725708,-7.665167283306962,-0.2405203133627865,no
BTC,FUNDING_EXTREME_SHORT,filter_default,15,6.0,3.0,24,8,8,0.25,-0.5650155901225945,0.024581763698630136,-0.5404338264239643,-1.1075406550725708,-7.665167283306962,-0.2405203133627865,no
BTC,FUNDING_EXTREME_SHORT,filter_blocked,15,6.0,3.0,24,0,0,,,,,,,,no
BTC,FUNDING_EXTREME_SHORT,filter_off,15,3.0,2.0,48,8,8,0.375,-0.3194807098137298,0.025086900684931506,-0.29439380912879826,-1.0093278733038664,-5.8010993511370135,-0.1273754922209037,no
BTC,FUNDING_EXTREME_SHORT,filter_default,15,3.0,2.0,48,8,8,0.375,-0.3194807098137298,0.025086900684931506,-0.29439380912879826,-1.0093278733038664,-5.8010993511370135,-0.1273754922209037,no
BTC,FUNDING_EXTREME_SHORT,filter_blocked,15,3.0,2.0,48,0,0,,,,,,,,no
BTC,FUNDING_EXTREME_SHORT,filter_off,15,4.0,2.5,48,8,8,0.375,-0.3785663985124296,0.029272973744292236,-0.3492934247681374,-1.0093278733038664,-7.243741080088038,-0.1325685897564361,no
BTC,FUNDING_EXTREME_SHORT,filter_default,15,4.0,2.5,48,8,8,0.375,-0.3785663985124296,0.029272973744292236,-0.3492934247681374,-1.0093278733038664,-7.243741080088038,-0.1325685897564361,no
BTC,FUNDING_EXTREME_SHORT,filter_blocked,15,4.0,2.5,48,0,0,,,,,,,,no
BTC,FUNDING_EXTREME_SHORT,filter_off,15,5.0,2.5,48,8,8,0.375,-0.6166295526246326,0.029632277397260272,-0.5869972752273723,-1.0093278733038664,-7.243741080088039,-0.26104427840379096,no
BTC,FUNDING_EXTREME_SHORT,filter_default,15,5.0,2.5,48,8,8,0.375,-0.6166295526246326,0.029632277397260272,-0.5869972752273723,-1.0093278733038664,-7.243741080088039,-0.26104427840379096,no
BTC,FUNDING_EXTREME_SHORT,filter_blocked,15,5.0,2.5,48,0,0,,,,,,,,no
BTC,FUNDING_EXTREME_SHORT,filter_off,15,6.0,3.0,48,8,8,0.375,-0.6880205596324671,0.0305386700913242,-0.6574818895411428,-1.0093278733038664,-7.807617994598202,-0.2835071000671059,no
BTC,FUNDING_EXTREME_SHORT,filter_default,15,6.0,3.0,48,8,8,0.375,-0.6880205596324671,0.0305386700913242,-0.6574818895411428,-1.0093278733038664,-7.807617994598202,-0.2835071000671059,no
BTC,FUNDING_EXTREME_SHORT,filter_blocked,15,6.0,3.0,48,0,0,,,,,,,,no
BTC,FUNDING_EXTREME_SHORT,filter_off,15,3.0,2.0,72,8,8,0.375,0.16309222983109384,0.025931221461187214,0.1890234512922811,-0.20299821871166085,-4.568628369304095,0.07783334992566628,no
BTC,FUNDING_EXTREME_SHORT,filter_default,15,3.0,2.0,72,8,8,0.375,0.16309222983109384,0.025931221461187214,0.1890234512922811,-0.20299821871166085,-4.568628369304095,0.07783334992566628,no
BTC,FUNDING_EXTREME_SHORT,filter_blocked,15,3.0,2.0,72,0,0,,,,,,,,no
BTC,FUNDING_EXTREME_SHORT,filter_off,15,4.0,2.5,72,8,8,0.375,0.1480217822308047,0.029053510273972603,0.17707529250477733,-0.20299821871166085,-5.7665965387778755,0.06336510601006252,no
BTC,FUNDING_EXTREME_SHORT,filter_default,15,4.0,2.5,72,8,8,0.375,0.1480217822308047,0.029053510273972603,0.17707529250477733,-0.20299821871166085,-5.7665965387778755,0.06336510601006252,no
BTC,FUNDING_EXTREME_SHORT,filter_blocked,15,4.0,2.5,72,0,0,,,,,,,,no
BTC,FUNDING_EXTREME_SHORT,filter_off,15,5.0,2.5,72,8,8,0.375,0.4480337602511389,0.02758804223744292,0.4756218024885818,-0.20299821871166085,-5.7665965387778755,0.14350818065162016,no
BTC,FUNDING_EXTREME_SHORT,filter_default,15,5.0,2.5,72,8,8,0.375,0.4480337602511389,0.02758804223744292,0.4756218024885818,-0.20299821871166085,-5.7665965387778755,0.14350818065162016,no
BTC,FUNDING_EXTREME_SHORT,filter_blocked,15,5.0,2.5,72,0,0,,,,,,,,no
BTC,FUNDING_EXTREME_SHORT,filter_off,15,6.0,3.0,72,8,8,0.375,0.28878291552559276,0.029030964611872146,0.3178138801374649,-0.20299821871166085,-6.930121822249374,0.09149174266809933,no
BTC,FUNDING_EXTREME_SHORT,filter_default,15,6.0,3.0,72,8,8,0.375,0.28878291552559276,0.029030964611872146,0.3178138801374649,-0.20299821871166085,-6.930121822249374,0.09149174266809933,no
BTC,FUNDING_EXTREME_SHORT,filter_blocked,15,6.0,3.0,72,0,0,,,,,,,,no
BTC,FUNDING_EXTREME_SHORT,filter_off,20,3.0,2.0,24,4,4,0.25,0.169637870572234,0.03335359589041096,0.20299146646264493,-0.563889890805217,-2.3453919590101804,0.11716018673356234,no
BTC,FUNDING_EXTREME_SHORT,filter_default,20,3.0,2.0,24,4,4,0.25,0.169637870572234,0.03335359589041096,0.20299146646264493,-0.563889890805217,-2.3453919590101804,0.11716018673356234,no
BTC,FUNDING_EXTREME_SHORT,filter_blocked,20,3.0,2.0,24,0,0,,,,,,,,no
BTC,FUNDING_EXTREME_SHORT,filter_off,20,4.0,2.5,24,4,4,0.25,0.14388083778241467,0.033118150684931506,0.17699898846734624,-0.563889890805217,-2.3453919590101804,0.1048389189574767,no
BTC,FUNDING_EXTREME_SHORT,filter_default,20,4.0,2.5,24,4,4,0.25,0.14388083778241467,0.033118150684931506,0.17699898846734624,-0.563889890805217,-2.3453919590101804,0.1048389189574767,no
BTC,FUNDING_EXTREME_SHORT,filter_blocked,20,4.0,2.5,24,0,0,,,,,,,,no
BTC,FUNDING_EXTREME_SHORT,filter_off,20,5.0,2.5,24,4,4,0.25,0.14388083778241467,0.033118150684931506,0.17699898846734624,-0.563889890805217,-2.3453919590101804,0.1048389189574767,no
BTC,FUNDING_EXTREME_SHORT,filter_default,20,5.0,2.5,24,4,4,0.25,0.14388083778241467,0.033118150684931506,0.17699898846734624,-0.563889890805217,-2.3453919590101804,0.1048389189574767,no
BTC,FUNDING_EXTREME_SHORT,filter_blocked,20,5.0,2.5,24,0,0,,,,,,,,no
BTC,FUNDING_EXTREME_SHORT,filter_off,20,6.0,3.0,24,4,4,0.25,0.14388083778241467,0.033118150684931506,0.17699898846734624,-0.563889890805217,-2.3453919590101804,0.1048389189574767,no
BTC,FUNDING_EXTREME_SHORT,filter_default,20,6.0,3.0,24,4,4,0.25,0.14388083778241467,0.033118150684931506,0.17699898846734624,-0.563889890805217,-2.3453919590101804,0.1048389189574767,no
BTC,FUNDING_EXTREME_SHORT,filter_blocked,20,6.0,3.0,24,0,0,,,,,,,,no
BTC,FUNDING_EXTREME_SHORT,filter_off,20,3.0,2.0,48,4,4,0.5,0.5266072842712716,0.033666666666666664,0.5602739509379382,0.011208308741597922,-0.938678638592203,0.3567295903478285,no
BTC,FUNDING_EXTREME_SHORT,filter_default,20,3.0,2.0,48,4,4,0.5,0.5266072842712716,0.033666666666666664,0.5602739509379382,0.011208308741597922,-0.938678638592203,0.3567295903478285,no
BTC,FUNDING_EXTREME_SHORT,filter_blocked,20,3.0,2.0,48,0,0,,,,,,,,no
BTC,FUNDING_EXTREME_SHORT,filter_off,20,4.0,2.5,48,4,4,0.5,0.7774583862243306,0.03298944063926941,0.8104478268636001,0.011208308741597922,-0.938678638592203,0.40757725573262915,no
BTC,FUNDING_EXTREME_SHORT,filter_default,20,4.0,2.5,48,4,4,0.5,0.7774583862243306,0.03298944063926941,0.8104478268636001,0.011208308741597922,-0.938678638592203,0.40757725573262915,no
BTC,FUNDING_EXTREME_SHORT,filter_blocked,20,4.0,2.5,48,0,0,,,,,,,,no
BTC,FUNDING_EXTREME_SHORT,filter_off,20,5.0,2.5,48,4,4,0.5,0.5478848330976477,0.033400684931506844,0.5812855180291545,0.011208308741597922,-0.938678638592203,0.36208926013911225,no
BTC,FUNDING_EXTREME_SHORT,filter_default,20,5.0,2.5,48,4,4,0.5,0.5478848330976477,0.033400684931506844,0.5812855180291545,0.011208308741597922,-0.938678638592203,0.36208926013911225,no
BTC,FUNDING_EXTREME_SHORT,filter_blocked,20,5.0,2.5,48,0,0,,,,,,,,no
BTC,FUNDING_EXTREME_SHORT,filter_off,20,6.0,3.0,48,4,4,0.5,0.5478848330976477,0.033400684931506844,0.5812855180291545,0.011208308741597922,-0.938678638592203,0.36208926013911225,no
BTC,FUNDING_EXTREME_SHORT,filter_default,20,6.0,3.0,48,4,4,0.5,0.5478848330976477,0.033400684931506844,0.5812855180291545,0.011208308741597922,-0.938678638592203,0.36208926013911225,no
BTC,FUNDING_EXTREME_SHORT,filter_blocked,20,6.0,3.0,48,0,0,,,,,,,,no
BTC,FUNDING_EXTREME_SHORT,filter_off,20,3.0,2.0,72,4,4,0.5,1.4997004745775673,0.03535530821917808,1.5350557827967453,1.5545665486528677,-0.4059964374233216,0.8804860690504442,no
BTC,FUNDING_EXTREME_SHORT,filter_default,20,3.0,2.0,72,4,4,0.5,1.4997004745775673,0.03535530821917808,1.5350557827967453,1.5545665486528677,-0.4059964374233216,0.8804860690504442,no
BTC,FUNDING_EXTREME_SHORT,filter_blocked,20,3.0,2.0,72,0,0,,,,,,,,no
BTC,FUNDING_EXTREME_SHORT,filter_off,20,4.0,2.5,72,4,4,0.5,1.8268741666783188,0.035617294520547946,1.862491461198867,1.8248421130501788,-0.4059964374233216,0.8976835501256188,no
BTC,FUNDING_EXTREME_SHORT,filter_default,20,4.0,2.5,72,4,4,0.5,1.8268741666783188,0.035617294520547946,1.862491461198867,1.8248421130501788,-0.4059964374233216,0.8976835501256188,no
BTC,FUNDING_EXTREME_SHORT,filter_blocked,20,4.0,2.5,72,0,0,,,,,,,,no
BTC,FUNDING_EXTREME_SHORT,filter_off,20,5.0,2.5,72,4,4,0.5,2.425258566128832,0.03268635844748858,2.4579449245763207,1.8248421130501788,-0.4059964374233207,0.8635172655642384,no
BTC,FUNDING_EXTREME_SHORT,filter_default,20,5.0,2.5,72,4,4,0.5,2.425258566128832,0.03268635844748858,2.4579449245763207,1.8248421130501788,-0.4059964374233207,0.8635172655642384,no
BTC,FUNDING_EXTREME_SHORT,filter_blocked,20,5.0,2.5,72,0,0,,,,,,,,no
BTC,FUNDING_EXTREME_SHORT,filter_off,20,6.0,3.0,72,4,4,0.5,2.425258566128832,0.03268635844748858,2.4579449245763207,1.8248421130501788,-0.4059964374233207,0.8635172655642384,no
BTC,FUNDING_EXTREME_SHORT,filter_default,20,6.0,3.0,72,4,4,0.5,2.425258566128832,0.03268635844748858,2.4579449245763207,1.8248421130501788,-0.4059964374233207,0.8635172655642384,no
BTC,FUNDING_EXTREME_SHORT,filter_blocked,20,6.0,3.0,72,0,0,,,,,,,,no
BTC,FUNDING_EXTREME_SHORT,filter_off,30,3.0,2.0,24,1,1,1.0,1.0387643032975458,0.0374337899543379,1.0761980932518838,1.0761980932518838,0.0,,no
BTC,FUNDING_EXTREME_SHORT,filter_default,30,3.0,2.0,24,1,1,1.0,1.0387643032975458,0.0374337899543379,1.0761980932518838,1.0761980932518838,0.0,,no
BTC,FUNDING_EXTREME_SHORT,filter_blocked,30,3.0,2.0,24,0,0,,,,,,,,no
BTC,FUNDING_EXTREME_SHORT,filter_off,30,4.0,2.5,24,1,1,1.0,1.0387643032975458,0.0374337899543379,1.0761980932518838,1.0761980932518838,0.0,,no
BTC,FUNDING_EXTREME_SHORT,filter_default,30,4.0,2.5,24,1,1,1.0,1.0387643032975458,0.0374337899543379,1.0761980932518838,1.0761980932518838,0.0,,no
BTC,FUNDING_EXTREME_SHORT,filter_blocked,30,4.0,2.5,24,0,0,,,,,,,,no
BTC,FUNDING_EXTREME_SHORT,filter_off,30,5.0,2.5,24,1,1,1.0,1.0387643032975458,0.0374337899543379,1.0761980932518838,1.0761980932518838,0.0,,no
BTC,FUNDING_EXTREME_SHORT,filter_default,30,5.0,2.5,24,1,1,1.0,1.0387643032975458,0.0374337899543379,1.0761980932518838,1.0761980932518838,0.0,,no
BTC,FUNDING_EXTREME_SHORT,filter_blocked,30,5.0,2.5,24,0,0,,,,,,,,no
BTC,FUNDING_EXTREME_SHORT,filter_off,30,6.0,3.0,24,1,1,1.0,1.0387643032975458,0.0374337899543379,1.0761980932518838,1.0761980932518838,0.0,,no
BTC,FUNDING_EXTREME_SHORT,filter_default,30,6.0,3.0,24,1,1,1.0,1.0387643032975458,0.0374337899543379,1.0761980932518838,1.0761980932518838,0.0,,no
BTC,FUNDING_EXTREME_SHORT,filter_blocked,30,6.0,3.0,24,0,0,,,,,,,,no
BTC,FUNDING_EXTREME_SHORT,filter_off,30,3.0,2.0,48,1,1,1.0,1.3457948981524082,0.0458675799086758,1.391662478061084,1.391662478061084,0.0,,no
BTC,FUNDING_EXTREME_SHORT,filter_default,30,3.0,2.0,48,1,1,1.0,1.3457948981524082,0.0458675799086758,1.391662478061084,1.391662478061084,0.0,,no
BTC,FUNDING_EXTREME_SHORT,filter_blocked,30,3.0,2.0,48,0,0,,,,,,,,no
BTC,FUNDING_EXTREME_SHORT,filter_off,30,4.0,2.5,48,1,1,1.0,1.3457948981524082,0.0458675799086758,1.391662478061084,1.391662478061084,0.0,,no
BTC,FUNDING_EXTREME_SHORT,filter_default,30,4.0,2.5,48,1,1,1.0,1.3457948981524082,0.0458675799086758,1.391662478061084,1.391662478061084,0.0,,no
BTC,FUNDING_EXTREME_SHORT,filter_blocked,30,4.0,2.5,48,0,0,,,,,,,,no
BTC,FUNDING_EXTREME_SHORT,filter_off,30,5.0,2.5,48,1,1,1.0,1.3457948981524082,0.0458675799086758,1.391662478061084,1.391662478061084,0.0,,no
BTC,FUNDING_EXTREME_SHORT,filter_default,30,5.0,2.5,48,1,1,1.0,1.3457948981524082,0.0458675799086758,1.391662478061084,1.391662478061084,0.0,,no
BTC,FUNDING_EXTREME_SHORT,filter_blocked,30,5.0,2.5,48,0,0,,,,,,,,no
BTC,FUNDING_EXTREME_SHORT,filter_off,30,6.0,3.0,48,1,1,1.0,1.3457948981524082,0.0458675799086758,1.391662478061084,1.391662478061084,0.0,,no
BTC,FUNDING_EXTREME_SHORT,filter_default,30,6.0,3.0,48,1,1,1.0,1.3457948981524082,0.0458675799086758,1.391662478061084,1.391662478061084,0.0,,no
BTC,FUNDING_EXTREME_SHORT,filter_blocked,30,6.0,3.0,48,0,0,,,,,,,,no
BTC,FUNDING_EXTREME_SHORT,filter_off,30,3.0,2.0,72,1,1,1.0,4.374171558416973,0.047834474885844754,4.422006033302817,4.422006033302817,0.0,,no
BTC,FUNDING_EXTREME_SHORT,filter_default,30,3.0,2.0,72,1,1,1.0,4.374171558416973,0.047834474885844754,4.422006033302817,4.422006033302817,0.0,,no
BTC,FUNDING_EXTREME_SHORT,filter_blocked,30,3.0,2.0,72,0,0,,,,,,,,no
BTC,FUNDING_EXTREME_SHORT,filter_off,30,4.0,2.5,72,1,1,1.0,4.374171558416973,0.047834474885844754,4.422006033302817,4.422006033302817,0.0,,no
BTC,FUNDING_EXTREME_SHORT,filter_default,30,4.0,2.5,72,1,1,1.0,4.374171558416973,0.047834474885844754,4.422006033302817,4.422006033302817,0.0,,no
BTC,FUNDING_EXTREME_SHORT,filter_blocked,30,4.0,2.5,72,0,0,,,,,,,,no
BTC,FUNDING_EXTREME_SHORT,filter_off,30,5.0,2.5,72,1,1,1.0,4.595991019016954,0.05886073059360731,4.654851749610561,4.654851749610561,0.0,,no
BTC,FUNDING_EXTREME_SHORT,filter_default,30,5.0,2.5,72,1,1,1.0,4.595991019016954,0.05886073059360731,4.654851749610561,4.654851749610561,0.0,,no
BTC,FUNDING_EXTREME_SHORT,filter_blocked,30,5.0,2.5,72,0,0,,,,,,,,no
BTC,FUNDING_EXTREME_SHORT,filter_off,30,6.0,3.0,72,1,1,1.0,4.595991019016954,0.05886073059360731,4.654851749610561,4.654851749610561,0.0,,no
BTC,FUNDING_EXTREME_SHORT,filter_default,30,6.0,3.0,72,1,1,1.0,4.595991019016954,0.05886073059360731,4.654851749610561,4.654851749610561,0.0,,no
BTC,FUNDING_EXTREME_SHORT,filter_blocked,30,6.0,3.0,72,0,0,,,,,,,,no
BTC,FUNDING_EXTREME_SHORT,filter_off,50,3.0,2.0,24,0,0,,,,,,,,no
BTC,FUNDING_EXTREME_SHORT,filter_default,50,3.0,2.0,24,0,0,,,,,,,,no
BTC,FUNDING_EXTREME_SHORT,filter_blocked,50,3.0,2.0,24,0,0,,,,,,,,no
BTC,FUNDING_EXTREME_SHORT,filter_off,50,4.0,2.5,24,0,0,,,,,,,,no
BTC,FUNDING_EXTREME_SHORT,filter_default,50,4.0,2.5,24,0,0,,,,,,,,no
BTC,FUNDING_EXTREME_SHORT,filter_blocked,50,4.0,2.5,24,0,0,,,,,,,,no
BTC,FUNDING_EXTREME_SHORT,filter_off,50,5.0,2.5,24,0,0,,,,,,,,no
BTC,FUNDING_EXTREME_SHORT,filter_default,50,5.0,2.5,24,0,0,,,,,,,,no
BTC,FUNDING_EXTREME_SHORT,filter_blocked,50,5.0,2.5,24,0,0,,,,,,,,no
BTC,FUNDING_EXTREME_SHORT,filter_off,50,6.0,3.0,24,0,0,,,,,,,,no
BTC,FUNDING_EXTREME_SHORT,filter_default,50,6.0,3.0,24,0,0,,,,,,,,no
BTC,FUNDING_EXTREME_SHORT,filter_blocked,50,6.0,3.0,24,0,0,,,,,,,,no
BTC,FUNDING_EXTREME_SHORT,filter_off,50,3.0,2.0,48,0,0,,,,,,,,no
BTC,FUNDING_EXTREME_SHORT,filter_default,50,3.0,2.0,48,0,0,,,,,,,,no
BTC,FUNDING_EXTREME_SHORT,filter_blocked,50,3.0,2.0,48,0,0,,,,,,,,no
BTC,FUNDING_EXTREME_SHORT,filter_off,50,4.0,2.5,48,0,0,,,,,,,,no
BTC,FUNDING_EXTREME_SHORT,filter_default,50,4.0,2.5,48,0,0,,,,,,,,no
BTC,FUNDING_EXTREME_SHORT,filter_blocked,50,4.0,2.5,48,0,0,,,,,,,,no
BTC,FUNDING_EXTREME_SHORT,filter_off,50,5.0,2.5,48,0,0,,,,,,,,no
BTC,FUNDING_EXTREME_SHORT,filter_default,50,5.0,2.5,48,0,0,,,,,,,,no
BTC,FUNDING_EXTREME_SHORT,filter_blocked,50,5.0,2.5,48,0,0,,,,,,,,no
BTC,FUNDING_EXTREME_SHORT,filter_off,50,6.0,3.0,48,0,0,,,,,,,,no
BTC,FUNDING_EXTREME_SHORT,filter_default,50,6.0,3.0,48,0,0,,,,,,,,no
BTC,FUNDING_EXTREME_SHORT,filter_blocked,50,6.0,3.0,48,0,0,,,,,,,,no
BTC,FUNDING_EXTREME_SHORT,filter_off,50,3.0,2.0,72,0,0,,,,,,,,no
BTC,FUNDING_EXTREME_SHORT,filter_default,50,3.0,2.0,72,0,0,,,,,,,,no
BTC,FUNDING_EXTREME_SHORT,filter_blocked,50,3.0,2.0,72,0,0,,,,,,,,no
BTC,FUNDING_EXTREME_SHORT,filter_off,50,4.0,2.5,72,0,0,,,,,,,,no
BTC,FUNDING_EXTREME_SHORT,filter_default,50,4.0,2.5,72,0,0,,,,,,,,no
BTC,FUNDING_EXTREME_SHORT,filter_blocked,50,4.0,2.5,72,0,0,,,,,,,,no
BTC,FUNDING_EXTREME_SHORT,filter_off,50,5.0,2.5,72,0,0,,,,,,,,no
BTC,FUNDING_EXTREME_SHORT,filter_default,50,5.0,2.5,72,0,0,,,,,,,,no
BTC,FUNDING_EXTREME_SHORT,filter_blocked,50,5.0,2.5,72,0,0,,,,,,,,no
BTC,FUNDING_EXTREME_SHORT,filter_off,50,6.0,3.0,72,0,0,,,,,,,,no
BTC,FUNDING_EXTREME_SHORT,filter_default,50,6.0,3.0,72,0,0,,,,,,,,no
BTC,FUNDING_EXTREME_SHORT,filter_blocked,50,6.0,3.0,72,0,0,,,,,,,,no
OIL,FUNDING_EXTREME_LONG,filter_off,10,3.0,2.0,24,16,16,0.625,0.2114492547547142,0.13746354166666666,0.3489127964213809,0.11028767123287671,-2.75549753493733,0.2895382524455384,yes
OIL,FUNDING_EXTREME_LONG,filter_default,10,3.0,2.0,24,14,14,0.6428571428571429,0.2840497769813647,0.13616731898238746,0.4202170959637522,0.11028767123287671,-2.259613534165645,0.332014119998663,yes
OIL,FUNDING_EXTREME_LONG,filter_blocked,10,3.0,2.0,24,2,2,0.5,-0.296754400831839,0.146537100456621,-0.15021730037521802,-0.15021730037521802,-0.4958840007716847,-0.43457266841996767,yes
OIL,FUNDING_EXTREME_LONG,filter_off,10,4.0,2.5,24,16,16,0.625,0.016249967671144033,0.14274051084474884,0.15899047851589287,0.11028767123287671,-5.361621218915792,0.09993695580576664,yes
OIL,FUNDING_EXTREME_LONG,filter_default,10,4.0,2.5,24,14,14,0.6428571428571429,0.06096487745728447,0.14219814090019567,0.20316301835748016,0.11028767123287671,-4.865737218144107,0.12013537171955609,yes
OIL,FUNDING_EXTREME_LONG,filter_blocked,10,4.0,2.5,24,2,2,0.5,-0.296754400831839,0.146537100456621,-0.15021730037521802,-0.15021730037521802,-0.4958840007716847,-0.43457266841996767,yes
OIL,FUNDING_EXTREME_LONG,filter_off,10,5.0,2.5,24,16,16,0.625,0.016249967671144033,0.14274051084474884,0.15899047851589287,0.11028767123287671,-5.361621218915792,0.09993695580576664,yes
OIL,FUNDING_EXTREME_LONG,filter_default,10,5.0,2.5,24,14,14,0.6428571428571429,0.06096487745728447,0.14219814090019567,0.20316301835748016,0.11028767123287671,-4.865737218144107,0.12013537171955609,yes
OIL,FUNDING_EXTREME_LONG,filter_blocked,10,5.0,2.5,24,2,2,0.5,-0.296754400831839,0.146537100456621,-0.15021730037521802,-0.15021730037521802,-0.4958840007716847,-0.43457266841996767,yes
OIL,FUNDING_EXTREME_LONG,filter_off,10,6.0,3.0,24,16,16,0.625,0.016249967671144033,0.14274051084474884,0.15899047851589287,0.11028767123287671,-5.361621218915792,0.09993695580576664,yes
OIL,FUNDING_EXTREME_LONG,filter_default,10,6.0,3.0,24,14,14,0.6428571428571429,0.06096487745728447,0.14219814090019567,0.20316301835748016,0.11028767123287671,-4.865737218144107,0.12013537171955609,yes
OIL,FUNDING_EXTREME_LONG,filter_blocked,10,6.0,3.0,24,2,2,0.5,-0.296754400831839,0.146537100456621,-0.15021730037521802,-0.15021730037521802,-0.4958840007716847,-0.43457266841996767,yes
OIL,FUNDING_EXTREME_LONG,filter_off,10,3.0,2.0,48,16,16,0.6875,-0.012386200539506148,0.10967744006849314,0.09729123952898701,0.21082549358336994,-7.12569997104233,0.04456277991359704,yes
OIL,FUNDING_EXTREME_LONG,filter_default,10,3.0,2.0,48,14,14,0.7142857142857143,0.024736853785324024,0.11255275603392041,0.13728960981924446,0.39453990590810695,-6.676433491586227,0.0589463627471047,yes
OIL,FUNDING_EXTREME_LONG,filter_blocked,10,3.0,2.0,48,2,2,0.5,-0.27224758081331735,0.08955022831050229,-0.18269735250281505,-0.18269735250281505,-0.44926647945610254,-0.6853657608100664,yes
OIL,FUNDING_EXTREME_LONG,filter_off,10,4.0,2.5,48,16,16,0.6875,-0.0976658152957256,0.11593186358447488,0.018266048288749323,0.21082549358336994,-9.731823655020792,0.006948780402004856,yes
OIL,FUNDING_EXTREME_LONG,filter_default,10,4.0,2.5,48,14,14,0.7142857142857143,-0.07272556307892677,0.11970066862361381,0.04697510554468709,0.39453990590810695,-9.28255717556469,0.016733882211115308,yes
OIL,FUNDING_EXTREME_LONG,filter_blocked,10,4.0,2.5,48,2,2,0.5,-0.27224758081331735,0.08955022831050229,-0.18269735250281505,-0.18269735250281505,-0.44926647945610254,-0.6853657608100664,yes
OIL,FUNDING_EXTREME_LONG,filter_off,10,5.0,2.5,48,16,16,0.6875,-0.1301844269251624,0.12141088755707762,-0.008773539368084768,0.21082549358336994,-9.731823655020792,-0.0033894057188966244,yes
OIL,FUNDING_EXTREME_LONG,filter_default,10,5.0,2.5,48,14,14,0.7142857142857143,-0.10988969065542599,0.1259624103065884,0.016072719651162415,0.39453990590810695,-9.28255717556469,0.005813938767543725,yes
OIL,FUNDING_EXTREME_LONG,filter_blocked,10,5.0,2.5,48,2,2,0.5,-0.27224758081331735,0.08955022831050229,-0.18269735250281505,-0.18269735250281505,-0.44926647945610254,-0.6853657608100664,yes
OIL,FUNDING_EXTREME_LONG,filter_off,10,6.0,3.0,48,16,16,0.6875,-0.16782596911920006,0.12463919805936072,-0.043186771059839354,0.21082549358336994,-9.731823655020792,-0.017034290371537596,yes
OIL,FUNDING_EXTREME_LONG,filter_default,10,6.0,3.0,48,14,14,0.7142857142857143,-0.15290859602004045,0.12965190802348336,-0.023256687996557113,0.39453990590810695,-9.28255717556469,-0.008588544515672864,yes
OIL,FUNDING_EXTREME_LONG,filter_blocked,10,6.0,3.0,48,2,2,0.5,-0.27224758081331735,0.08955022831050229,-0.18269735250281505,-0.18269735250281505,-0.44926647945610254,-0.6853657608100664,yes
OIL,FUNDING_EXTREME_LONG,filter_off,10,3.0,2.0,72,16,16,0.4375,-1.3381000981256421,-0.024120505136986322,-1.3622206032626283,-0.4422160348389079,-27.30397235665068,-0.3224981476293186,yes
OIL,FUNDING_EXTREME_LONG,filter_default,10,3.0,2.0,72,14,14,0.42857142857142855,-1.60076179833935,-0.08352552185257667,-1.6842873201919266,-1.2516253511265776,-26.854705877194576,-0.38334936594244046,yes
OIL,FUNDING_EXTREME_LONG,filter_blocked,10,3.0,2.0,72,2,2,0.5,0.5005318033703132,0.3917146118721461,0.8922464152424594,0.8922464152424594,-0.44926647945610254,0.6651046134319472,yes
OIL,FUNDING_EXTREME_LONG,filter_off,10,4.0,2.5,72,16,16,0.4375,-1.4378765337355979,-0.021951127283105047,-1.4598276610187029,-0.4422160348389079,-30.50682129252648,-0.3281010019503873,yes
OIL,FUNDING_EXTREME_LONG,filter_default,10,4.0,2.5,72,14,14,0.42857142857142855,-1.7147920104650136,-0.08104623287671235,-1.795838243341726,-1.2513239812635637,-30.05755481307038,-0.38762297842421023,yes
OIL,FUNDING_EXTREME_LONG,filter_blocked,10,4.0,2.5,72,2,2,0.5,0.5005318033703132,0.3917146118721461,0.8922464152424594,0.8922464152424594,-0.44926647945610254,0.6651046134319472,yes
OIL,FUNDING_EXTREME_LONG,filter_off,10,5.0,2.5,72,16,16,0.4375,-1.3415259953282022,-0.015768336187214634,-1.357294331515417,-0.4422160348389079,-30.506821292526478,-0.29553081470816767,yes
OIL,FUNDING_EXTREME_LONG,filter_default,10,5.0,2.5,72,14,14,0.42857142857142855,-1.6046771094279901,-0.07398018590998046,-1.6786572953379706,-1.2513239812635637,-30.057554813070375,-0.34984761055213714,yes
OIL,FUNDING_EXTREME_LONG,filter_blocked,10,5.0,2.5,72,2,2,0.5,0.5005318033703132,0.3917146118721461,0.8922464152424594,0.8922464152424594,-0.44926647945610254,0.6651046134319472,yes
OIL,FUNDING_EXTREME_LONG,filter_off,10,6.0,3.0,72,16,16,0.4375,-1.4517739880969258,-0.003964469178082212,-1.455738457275008,-0.4422160348389079,-31.080482300204068,-0.322994064838993,yes
OIL,FUNDING_EXTREME_LONG,filter_default,10,6.0,3.0,72,14,14,0.42857142857142855,-1.7306748154493885,-0.06049005218525769,-1.791164867634646,-1.2513239812635637,-30.631215820747965,-0.38137639618992014,yes
OIL,FUNDING_EXTREME_LONG,filter_blocked,10,6.0,3.0,72,2,2,0.5,0.5005318033703132,0.3917146118721461,0.8922464152424594,0.8922464152424594,-0.44926647945610254,0.6651046134319472,yes
OIL,FUNDING_EXTREME_LONG,filter_off,15,3.0,2.0,24,15,15,0.6666666666666666,0.37582041176340786,0.1469941400304414,0.5228145517938493,0.14961986301369862,-0.5061667207292597,0.5065785075278911,yes
OIL,FUNDING_EXTREME_LONG,filter_default,15,3.0,2.0,24,13,13,0.6923076923076923,0.4792934598549843,0.14706445381102914,0.6263579136660135,0.14961986301369862,-0.5061667207292597,0.5891752257065448,yes
OIL,FUNDING_EXTREME_LONG,filter_blocked,15,3.0,2.0,24,2,2,0.5,-0.296754400831839,0.146537100456621,-0.15021730037521802,-0.15021730037521802,-0.4958840007716847,-0.43457266841996767,yes
OIL,FUNDING_EXTREME_LONG,filter_off,15,4.0,2.5,24,15,15,0.6666666666666666,0.3411338926920086,0.15283843226788432,0.4939723249598929,0.14961986301369862,-0.5061667207292597,0.5194489183398489,yes
OIL,FUNDING_EXTREME_LONG,filter_default,15,4.0,2.5,24,13,13,0.6923076923076923,0.439270553234139,0.15380786793115558,0.5930784211652946,0.14961986301369862,-0.5061667207292597,0.6080401841406518,yes
OIL,FUNDING_EXTREME_LONG,filter_blocked,15,4.0,2.5,24,2,2,0.5,-0.296754400831839,0.146537100456621,-0.15021730037521802,-0.15021730037521802,-0.4958840007716847,-0.43457266841996767,yes
OIL,FUNDING_EXTREME_LONG,filter_off,15,5.0,2.5,24,15,15,0.6666666666666666,0.3411338926920086,0.15283843226788432,0.4939723249598929,0.14961986301369862,-0.5061667207292597,0.5194489183398489,yes
OIL,FUNDING_EXTREME_LONG,filter_default,15,5.0,2.5,24,13,13,0.6923076923076923,0.439270553234139,0.15380786793115558,0.5930784211652946,0.14961986301369862,-0.5061667207292597,0.6080401841406518,yes
OIL,FUNDING_EXTREME_LONG,filter_blocked,15,5.0,2.5,24,2,2,0.5,-0.296754400831839,0.146537100456621,-0.15021730037521802,-0.15021730037521802,-0.4958840007716847,-0.43457266841996767,yes
OIL,FUNDING_EXTREME_LONG,filter_off,15,6.0,3.0,24,15,15,0.6666666666666666,0.3411338926920086,0.15283843226788432,0.4939723249598929,0.14961986301369862,-0.5061667207292597,0.5194489183398489,yes
OIL,FUNDING_EXTREME_LONG,filter_default,15,6.0,3.0,24,13,13,0.6923076923076923,0.439270553234139,0.15380786793115558,0.5930784211652946,0.14961986301369862,-0.5061667207292597,0.6080401841406518,yes
OIL,FUNDING_EXTREME_LONG,filter_blocked,15,6.0,3.0,24,2,2,0.5,-0.296754400831839,0.146537100456621,-0.15021730037521802,-0.15021730037521802,-0.4958840007716847,-0.43457266841996767,yes
OIL,FUNDING_EXTREME_LONG,filter_off,15,3.0,2.0,48,15,15,0.7333333333333333,0.13706259278290614,0.11735563165905631,0.2544182244419625,0.32362587301148876,-4.866086436876685,0.1174883971006991,yes
OIL,FUNDING_EXTREME_LONG,filter_default,15,3.0,2.0,48,13,13,0.7692307692307693,0.2000333887207867,0.12163338602037231,0.321666774741159,0.46545393880472513,-4.416819957420582,0.13886297618173937,yes
OIL,FUNDING_EXTREME_LONG,filter_blocked,15,3.0,2.0,48,2,2,0.5,-0.27224758081331735,0.08955022831050229,-0.18269735250281505,-0.18269735250281505,-0.44926647945610254,-0.6853657608100664,yes
OIL,FUNDING_EXTREME_LONG,filter_off,15,4.0,2.5,48,15,15,0.7333333333333333,0.21962372419401432,0.1242425418569254,0.3438662660509398,0.32362587301148876,-4.866086436876685,0.1443553204554066,yes
OIL,FUNDING_EXTREME_LONG,filter_default,15,4.0,2.5,48,13,13,0.7692307692307693,0.2952962326566807,0.1295798208640674,0.4248760535207482,0.46545393880472513,-4.416819957420582,0.1668152419778764,yes
OIL,FUNDING_EXTREME_LONG,filter_blocked,15,4.0,2.5,48,2,2,0.5,-0.27224758081331735,0.08955022831050229,-0.18269735250281505,-0.18269735250281505,-0.44926647945610254,-0.6853657608100664,yes
OIL,FUNDING_EXTREME_LONG,filter_off,15,5.0,2.5,48,15,15,0.7333333333333333,0.18493720512261505,0.13008683409436833,0.3150240392169834,0.32362587301148876,-4.866086436876685,0.1346994136790803,yes
OIL,FUNDING_EXTREME_LONG,filter_default,15,5.0,2.5,48,13,13,0.7692307692307693,0.2552733260358354,0.13632323498419388,0.3915965610200293,0.46545393880472513,-4.416819957420582,0.1565612942766676,yes
OIL,FUNDING_EXTREME_LONG,filter_blocked,15,5.0,2.5,48,2,2,0.5,-0.27224758081331735,0.08955022831050229,-0.18269735250281505,-0.18269735250281505,-0.44926647945610254,-0.6853657608100664,yes
OIL,FUNDING_EXTREME_LONG,filter_off,15,6.0,3.0,48,15,15,0.7333333333333333,0.14478622678230824,0.13353036529680365,0.27831659207911186,0.32362587301148876,-4.866086436876685,0.12202235777623119,yes
OIL,FUNDING_EXTREME_LONG,filter_default,15,6.0,3.0,48,13,13,0.7692307692307693,0.20894527410471217,0.14029654021777307,0.34924181432248524,0.46545393880472513,-4.416819957420582,0.14312649707250957,yes
OIL,FUNDING_EXTREME_LONG,filter_blocked,15,6.0,3.0,48,2,2,0.5,-0.27224758081331735,0.08955022831050229,-0.18269735250281505,-0.18269735250281505,-0.44926647945610254,-0.6853657608100664,yes
OIL,FUNDING_EXTREME_LONG,filter_off,15,3.0,2.0,72,15,15,0.4666666666666667,-1.2770322313089721,-0.025362176560121786,-1.3023944078690939,-0.4351655902217133,-25.044358822485034,-0.2989939076395826,yes
OIL,FUNDING_EXTREME_LONG,filter_default,15,3.0,2.0,72,13,13,0.46153846153846156,-1.5505036212596315,-0.08952783631893223,-1.6400314575785637,-0.4351655902217133,-24.59509234302893,-0.3599357723247683,yes
OIL,FUNDING_EXTREME_LONG,filter_blocked,15,3.0,2.0,72,2,2,0.5,0.5005318033703132,0.3917146118721461,0.8922464152424594,0.8922464152424594,-0.44926647945610254,0.6651046134319472,yes
OIL,FUNDING_EXTREME_LONG,filter_off,15,4.0,2.5,72,15,15,0.4666666666666667,-1.2099343754751828,-0.02283264840182651,-1.2327670238770092,-0.4351655902217133,-25.641084074382373,-0.2736689904796975,yes
OIL,FUNDING_EXTREME_LONG,filter_default,15,4.0,2.5,72,13,13,0.46153846153846156,-1.4730830183744898,-0.08660914998243768,-1.5596921683569274,-0.4351655902217133,-25.19181759492627,-0.3300271045319638,yes
OIL,FUNDING_EXTREME_LONG,filter_blocked,15,4.0,2.5,72,2,2,0.5,0.5005318033703132,0.3917146118721461,0.8922464152424594,0.8922464152424594,-0.44926647945610254,0.6651046134319472,yes
OIL,FUNDING_EXTREME_LONG,filter_off,15,5.0,2.5,72,15,15,0.4666666666666667,-1.1071604678406273,-0.016237671232876734,-1.1233981390735042,-0.4351655902217133,-25.64108407438237,-0.2415820737136529,yes
OIL,FUNDING_EXTREME_LONG,filter_default,15,5.0,2.5,72,13,13,0.46153846153846156,-1.3544977403346183,-0.07899956094134179,-1.43349730127596,-0.4351655902217133,-25.191817594926267,-0.2928995694664634,yes
OIL,FUNDING_EXTREME_LONG,filter_blocked,15,5.0,2.5,72,2,2,0.5,0.5005318033703132,0.3917146118721461,0.8922464152424594,0.8922464152424594,-0.44926647945610254,0.6651046134319472,yes
OIL,FUNDING_EXTREME_LONG,filter_off,15,6.0,3.0,72,15,15,0.4666666666666667,-1.2247583267939326,-0.0036468797564688194,-1.2284052065504014,-0.4351655902217133,-26.21474508205996,-0.26908387626643326,yes
OIL,FUNDING_EXTREME_LONG,filter_default,15,6.0,3.0,72,13,13,0.46153846153846156,-1.490187577588432,-0.06447172462240958,-1.5546593022108415,-0.4351655902217133,-25.765478602603856,-0.3243696422697351,yes
OIL,FUNDING_EXTREME_LONG,filter_blocked,15,6.0,3.0,72,2,2,0.5,0.5005318033703132,0.3917146118721461,0.8922464152424594,0.8922464152424594,-0.44926647945610254,0.6651046134319472,yes
OIL,FUNDING_EXTREME_LONG,filter_off,20,3.0,2.0,24,15,15,0.7333333333333333,0.3490711571796079,0.14017389649923895,0.48924505367884685,0.19544940002124866,-0.5061667207292597,0.5449030263366597,yes
OIL,FUNDING_EXTREME_LONG,filter_default,20,3.0,2.0,24,14,14,0.7142857142857143,0.37981876475223697,0.13041169275929548,0.5102304575115325,0.36583561643835616,-0.5061667207292597,0.5511180956855406,yes
OIL,FUNDING_EXTREME_LONG,filter_blocked,20,3.0,2.0,24,1,1,1.0,-0.08139534883719879,0.27684474885844745,0.19544940002124866,0.19544940002124866,0.0,,yes
OIL,FUNDING_EXTREME_LONG,filter_off,20,4.0,2.5,24,15,15,0.7333333333333333,0.31438463810820866,0.14601818873668188,0.4604028268448905,0.19544940002124866,-0.5061667207292597,0.5739820248229378,yes
OIL,FUNDING_EXTREME_LONG,filter_default,20,4.0,2.5,24,14,14,0.7142857142857143,0.34265463717573774,0.13667343444227004,0.4793280716180078,0.36583561643835616,-0.5061667207292597,0.5795761764502187,yes
OIL,FUNDING_EXTREME_LONG,filter_blocked,20,4.0,2.5,24,1,1,1.0,-0.08139534883719879,0.27684474885844745,0.19544940002124866,0.19544940002124866,0.0,,yes
OIL,FUNDING_EXTREME_LONG,filter_off,20,5.0,2.5,24,15,15,0.7333333333333333,0.31438463810820866,0.14601818873668188,0.4604028268448905,0.19544940002124866,-0.5061667207292597,0.5739820248229378,yes
OIL,FUNDING_EXTREME_LONG,filter_default,20,5.0,2.5,24,14,14,0.7142857142857143,0.34265463717573774,0.13667343444227004,0.4793280716180078,0.36583561643835616,-0.5061667207292597,0.5795761764502187,yes
OIL,FUNDING_EXTREME_LONG,filter_blocked,20,5.0,2.5,24,1,1,1.0,-0.08139534883719879,0.27684474885844745,0.19544940002124866,0.19544940002124866,0.0,,yes
OIL,FUNDING_EXTREME_LONG,filter_off,20,6.0,3.0,24,15,15,0.7333333333333333,0.31438463810820866,0.14601818873668188,0.4604028268448905,0.19544940002124866,-0.5061667207292597,0.5739820248229378,yes
OIL,FUNDING_EXTREME_LONG,filter_default,20,6.0,3.0,24,14,14,0.7142857142857143,0.34265463717573774,0.13667343444227004,0.4793280716180078,0.36583561643835616,-0.5061667207292597,0.5795761764502187,yes
OIL,FUNDING_EXTREME_LONG,filter_blocked,20,6.0,3.0,24,1,1,1.0,-0.08139534883719879,0.27684474885844745,0.19544940002124866,0.19544940002124866,0.0,,yes
OIL,FUNDING_EXTREME_LONG,filter_off,20,3.0,2.0,48,15,15,0.6666666666666666,-0.8689342003112133,0.09482785388127853,-0.7741063464299347,0.09802511415525113,-18.656177213885915,-0.17785028823791424,yes
OIL,FUNDING_EXTREME_LONG,filter_default,20,3.0,2.0,48,14,14,0.6428571428571429,-0.9251869754165001,0.08979647749510761,-0.8353904979213924,0.17922069086354978,-18.65617721388592,-0.18568010902718585,yes
OIL,FUNDING_EXTREME_LONG,filter_blocked,20,3.0,2.0,48,1,1,1.0,-0.08139534883719879,0.16526712328767124,0.08387177445047245,0.08387177445047245,0.0,,yes
OIL,FUNDING_EXTREME_LONG,filter_off,20,4.0,2.5,48,15,15,0.6666666666666666,-0.7863730689001052,0.10171476407914762,-0.6846583048209575,0.09802511415525113,-18.95498986180383,-0.15266008087293387,yes
OIL,FUNDING_EXTREME_LONG,filter_default,20,4.0,2.5,48,14,14,0.6428571428571429,-0.8367286203331699,0.09717530984996736,-0.7395533104832025,0.17922069086354978,-18.954989861803835,-0.15947603183532225,yes
OIL,FUNDING_EXTREME_LONG,filter_blocked,20,4.0,2.5,48,1,1,1.0,-0.08139534883719879,0.16526712328767124,0.08387177445047245,0.08387177445047245,0.0,,yes
OIL,FUNDING_EXTREME_LONG,filter_off,20,5.0,2.5,48,15,15,0.6666666666666666,-0.8210595879715044,0.10755905631659055,-0.7135005316549138,0.09802511415525113,-18.95498986180383,-0.16014572035858987,yes
OIL,FUNDING_EXTREME_LONG,filter_default,20,5.0,2.5,48,14,14,0.6428571428571429,-0.8738927479096691,0.10343705153294193,-0.7704556963767272,0.17922069086354978,-18.95498986180383,-0.16725706616346508,yes
OIL,FUNDING_EXTREME_LONG,filter_blocked,20,5.0,2.5,48,1,1,1.0,-0.08139534883719879,0.16526712328767124,0.08387177445047245,0.08387177445047245,0.0,,yes
OIL,FUNDING_EXTREME_LONG,filter_off,20,6.0,3.0,48,15,15,0.6666666666666666,-0.8612105663118113,0.11100258751902585,-0.7502079787927853,0.09802511415525113,-18.954989861803835,-0.1698576662925216,yes
OIL,FUNDING_EXTREME_LONG,filter_default,20,6.0,3.0,48,14,14,0.6428571428571429,-0.9169116532742835,0.1071265492498369,-0.8097851040244467,0.17922069086354978,-18.954989861803835,-0.17735584625678502,yes
OIL,FUNDING_EXTREME_LONG,filter_blocked,20,6.0,3.0,48,1,1,1.0,-0.08139534883719879,0.16526712328767124,0.08387177445047245,0.08387177445047245,0.0,,yes
OIL,FUNDING_EXTREME_LONG,filter_off,20,3.0,2.0,72,15,15,0.4666666666666667,-1.2914193327076189,-0.03925449010654492,-1.3306738228141637,-0.04835542640679574,-24.57481822168962,-0.3058903085784169,yes
OIL,FUNDING_EXTREME_LONG,filter_default,20,3.0,2.0,72,14,14,0.42857142857142855,-1.4882466721531675,-0.09702951728636662,-1.5852761894395342,-0.6384745943159681,-24.57481822168962,-0.36081856311511884,yes
OIL,FUNDING_EXTREME_LONG,filter_blocked,20,3.0,2.0,72,1,1,1.0,1.4641634195300623,0.7695958904109589,2.2337593099410213,2.2337593099410213,0.0,,yes
OIL,FUNDING_EXTREME_LONG,filter_off,20,4.0,2.5,72,15,15,0.4666666666666667,-1.2243214768738293,-0.036724961948249646,-1.261046438822079,-0.04835542640679574,-25.171543473586954,-0.28026597615916593,yes
OIL,FUNDING_EXTREME_LONG,filter_default,20,4.0,2.5,72,14,14,0.42857142857142855,-1.4163561123312502,-0.09431930854533598,-1.510675420876586,-0.6384745943159681,-25.17154347358695,-0.3315841455310243,yes
OIL,FUNDING_EXTREME_LONG,filter_blocked,20,4.0,2.5,72,1,1,1.0,1.4641634195300623,0.7695958904109589,2.2337593099410213,2.2337593099410213,0.0,,yes
OIL,FUNDING_EXTREME_LONG,filter_off,20,5.0,2.5,72,15,15,0.4666666666666667,-1.121547569239274,-0.030129984779299873,-1.151677554018574,-0.04835542640679574,-25.17154347358695,-0.24789276962166454,yes
OIL,FUNDING_EXTREME_LONG,filter_default,20,5.0,2.5,72,14,14,0.42857142857142855,-1.3062412112942265,-0.08725326157860407,-1.3934944728728307,-0.6384745943159681,-25.17154347358695,-0.2954288838459487,yes
OIL,FUNDING_EXTREME_LONG,filter_blocked,20,5.0,2.5,72,1,1,1.0,1.4641634195300623,0.7695958904109589,2.2337593099410213,2.2337593099410213,0.0,,yes
OIL,FUNDING_EXTREME_LONG,filter_off,20,6.0,3.0,72,15,15,0.4666666666666667,-1.2391454281925791,-0.017539193302891956,-1.2566846214954712,-0.04835542640679574,-25.74520448126454,-0.2755823616472654,yes
OIL,FUNDING_EXTREME_LONG,filter_default,20,6.0,3.0,72,14,14,0.42857142857142855,-1.4322389173156251,-0.0737631278538813,-1.5060020451695064,-0.6384745943159681,-25.745204481264537,-0.3259508024044769,yes
OIL,FUNDING_EXTREME_LONG,filter_blocked,20,6.0,3.0,72,1,1,1.0,1.4641634195300623,0.7695958904109589,2.2337593099410213,2.2337593099410213,0.0,,yes
OIL,FUNDING_EXTREME_LONG,filter_off,30,3.0,2.0,24,14,14,0.7142857142857143,0.039512181692931615,0.15212369536855835,0.19163587706149,0.17931107305936073,-2.1975763059749602,0.23454939423499027,yes
OIL,FUNDING_EXTREME_LONG,filter_default,30,3.0,2.0,24,13,13,0.6923076923076923,0.042551580284695585,0.14774841938883032,0.19029999967352593,0.14961986301369862,-2.1975763059749602,0.22444580335143013,yes
OIL,FUNDING_EXTREME_LONG,filter_blocked,30,3.0,2.0,24,1,1,1.0,0.0,0.20900228310502283,0.20900228310502283,0.20900228310502283,0.0,,yes
OIL,FUNDING_EXTREME_LONG,filter_off,30,4.0,2.5,24,14,14,0.7142857142857143,-0.03858556665770856,0.1518029191128506,0.11321735245514204,0.17931107305936073,-3.2954356504638316,0.10723783250656313,yes
OIL,FUNDING_EXTREME_LONG,filter_default,30,4.0,2.5,24,13,13,0.6923076923076923,-0.04155368716983999,0.14740296803652966,0.10584928086668967,0.14961986301369862,-3.2954356504638316,0.09664249590680227,yes
OIL,FUNDING_EXTREME_LONG,filter_blocked,30,4.0,2.5,24,1,1,1.0,0.0,0.20900228310502283,0.20900228310502283,0.20900228310502283,0.0,,yes
OIL,FUNDING_EXTREME_LONG,filter_off,30,5.0,2.5,24,14,14,0.7142857142857143,-0.03858556665770856,0.1518029191128506,0.11321735245514204,0.17931107305936073,-3.2954356504638316,0.10723783250656313,yes
OIL,FUNDING_EXTREME_LONG,filter_default,30,5.0,2.5,24,13,13,0.6923076923076923,-0.04155368716983999,0.14740296803652966,0.10584928086668967,0.14961986301369862,-3.2954356504638316,0.09664249590680227,yes
OIL,FUNDING_EXTREME_LONG,filter_blocked,30,5.0,2.5,24,1,1,1.0,0.0,0.20900228310502283,0.20900228310502283,0.20900228310502283,0.0,,yes
OIL,FUNDING_EXTREME_LONG,filter_off,30,6.0,3.0,24,14,14,0.7142857142857143,-0.03858556665770856,0.1518029191128506,0.11321735245514204,0.17931107305936073,-3.2954356504638316,0.10723783250656313,yes
OIL,FUNDING_EXTREME_LONG,filter_default,30,6.0,3.0,24,13,13,0.6923076923076923,-0.04155368716983999,0.14740296803652966,0.10584928086668967,0.14961986301369862,-3.2954356504638316,0.09664249590680227,yes
OIL,FUNDING_EXTREME_LONG,filter_blocked,30,6.0,3.0,24,1,1,1.0,0.0,0.20900228310502283,0.20900228310502283,0.20900228310502283,0.0,,yes
OIL,FUNDING_EXTREME_LONG,filter_off,30,3.0,2.0,48,14,14,0.7142857142857143,-0.9126965251189065,0.1479720319634703,-0.7647244931554362,0.29202107029166857,-18.760933159332264,-0.18323235017203207,yes
OIL,FUNDING_EXTREME_LONG,filter_default,30,3.0,2.0,48,13,13,0.6923076923076923,-0.9829039501280532,0.10350184404636457,-0.8794021060816886,0.26041626757184844,-18.760933159332264,-0.20404885533474168,yes
OIL,FUNDING_EXTREME_LONG,filter_blocked,30,3.0,2.0,48,1,1,1.0,0.0,0.7260844748858447,0.7260844748858447,0.7260844748858447,0.0,,yes
OIL,FUNDING_EXTREME_LONG,filter_off,30,4.0,2.5,48,14,14,0.7142857142857143,-1.01245081942324,0.1479640410958904,-0.8644867783273498,0.29202107029166857,-20.157605151739055,-0.20504000694416613,yes
OIL,FUNDING_EXTREME_LONG,filter_default,30,4.0,2.5,48,13,13,0.6923076923076923,-1.0903316516865662,0.10349323849666313,-0.9868384131899032,0.26041626757184844,-20.157605151739055,-0.22679022470276272,yes
OIL,FUNDING_EXTREME_LONG,filter_blocked,30,4.0,2.5,48,1,1,1.0,0.0,0.7260844748858447,0.7260844748858447,0.7260844748858447,0.0,,yes
OIL,FUNDING_EXTREME_LONG,filter_off,30,5.0,2.5,48,14,14,0.7142857142857143,-1.0496149469997393,0.15435983365949116,-0.8952551133402481,0.29202107029166857,-20.157605151739055,-0.21408092959182268,yes
OIL,FUNDING_EXTREME_LONG,filter_default,30,5.0,2.5,48,13,13,0.6923076923076923,-1.1303545583074115,0.11038101510361782,-1.0199735432037937,0.26041626757184844,-20.157605151739055,-0.23640312823269238,yes
OIL,FUNDING_EXTREME_LONG,filter_blocked,30,5.0,2.5,48,1,1,1.0,0.0,0.7260844748858447,0.7260844748858447,0.7260844748858447,0.0,,yes
OIL,FUNDING_EXTREME_LONG,filter_off,30,6.0,3.0,48,14,14,0.7142857142857143,-1.0496149469997393,0.15435983365949116,-0.8952551133402481,0.29202107029166857,-20.157605151739055,-0.21408092959182268,yes
OIL,FUNDING_EXTREME_LONG,filter_default,30,6.0,3.0,48,13,13,0.6923076923076923,-1.1303545583074115,0.11038101510361782,-1.0199735432037937,0.26041626757184844,-20.157605151739055,-0.23640312823269238,yes
OIL,FUNDING_EXTREME_LONG,filter_blocked,30,6.0,3.0,48,1,1,1.0,0.0,0.7260844748858447,0.7260844748858447,0.7260844748858447,0.0,,yes
OIL,FUNDING_EXTREME_LONG,filter_off,30,3.0,2.0,72,14,14,0.42857142857142855,-1.1982289021533572,-0.0367698956294847,-1.234998797782842,-0.46218117812062387,-23.194592264771718,-0.28291309164938505,yes
OIL,FUNDING_EXTREME_LONG,filter_default,30,3.0,2.0,72,13,13,0.38461538461538464,-1.557886449664965,-0.09748928696873906,-1.655375736633704,-0.8760069298344519,-23.194592264771718,-0.3896610730953576,yes
OIL,FUNDING_EXTREME_LONG,filter_blocked,30,3.0,2.0,72,1,1,1.0,3.477319215497543,0.752582191780822,4.229901407278365,4.229901407278365,0.0,,yes
OIL,FUNDING_EXTREME_LONG,filter_off,30,4.0,2.5,72,14,14,0.42857142857142855,-1.3145509917191038,-0.041446510110893696,-1.3559975018299975,-0.46218117812062387,-24.88917686115792,-0.3080837133276734,yes
OIL,FUNDING_EXTREME_LONG,filter_default,30,4.0,2.5,72,13,13,0.38461538461538464,-1.6831563922742305,-0.10252564102564106,-1.7856820332998715,-0.8760069298344519,-24.88917686115792,-0.4176804755584779,yes
OIL,FUNDING_EXTREME_LONG,filter_blocked,30,4.0,2.5,72,1,1,1.0,3.477319215497543,0.752582191780822,4.229901407278365,4.229901407278365,0.0,,yes
OIL,FUNDING_EXTREME_LONG,filter_off,30,5.0,2.5,72,14,14,0.42857142857142855,-1.2416002182585795,-0.027984670580561016,-1.2695848888391403,-0.46218117812062387,-24.88917686115792,-0.28049547865301094,yes
OIL,FUNDING_EXTREME_LONG,filter_default,30,5.0,2.5,72,13,13,0.38461538461538464,-1.5645711142343588,-0.09491605198454517,-1.6594871662189041,-0.8760069298344519,-24.88917686115792,-0.3716840292531439,yes
OIL,FUNDING_EXTREME_LONG,filter_blocked,30,5.0,2.5,72,1,1,1.0,2.957021429426554,0.8421232876712329,3.799144717097787,3.799144717097787,0.0,,yes
OIL,FUNDING_EXTREME_LONG,filter_off,30,6.0,3.0,72,14,14,0.42857142857142855,-1.3200471537377199,-0.02480919765166343,-1.3448563513893832,-0.46218117812062387,-25.462837868835507,-0.29948633656564305,yes
OIL,FUNDING_EXTREME_LONG,filter_default,30,6.0,3.0,72,13,13,0.38461538461538464,-1.649052429365741,-0.09149631190727084,-1.7405487412730118,-0.8760069298344519,-25.462837868835507,-0.39391316398854803,yes
OIL,FUNDING_EXTREME_LONG,filter_blocked,30,6.0,3.0,72,1,1,1.0,2.957021429426554,0.8421232876712329,3.799144717097787,3.799144717097787,0.0,,yes
OIL,FUNDING_EXTREME_LONG,filter_off,50,3.0,2.0,24,11,11,0.7272727272727273,0.14085900757758327,0.1473590701535907,0.28821807773117397,0.3114099999055124,-2.1492208795681647,0.2820728539561222,yes
OIL,FUNDING_EXTREME_LONG,filter_default,50,3.0,2.0,24,10,10,0.7,0.15494490833534158,0.1411947488584475,0.2961396571937891,0.4142460958431671,-2.1492208795681647,0.27642088659119457,yes
OIL,FUNDING_EXTREME_LONG,filter_blocked,50,3.0,2.0,24,1,1,1.0,0.0,0.20900228310502283,0.20900228310502283,0.20900228310502283,0.0,,yes
OIL,FUNDING_EXTREME_LONG,filter_off,50,4.0,2.5,24,11,11,0.7272727272727273,0.04146187331313212,0.1469508094645081,0.1884126827776402,0.3114099999055124,-3.247080224057036,0.1475672945033964,yes
OIL,FUNDING_EXTREME_LONG,filter_default,50,4.0,2.5,24,10,10,0.7,0.045608060644445336,0.1407456621004566,0.18635372274490195,0.4142460958431671,-3.247080224057036,0.13916414602394,yes
OIL,FUNDING_EXTREME_LONG,filter_blocked,50,4.0,2.5,24,1,1,1.0,0.0,0.20900228310502283,0.20900228310502283,0.20900228310502283,0.0,,yes
OIL,FUNDING_EXTREME_LONG,filter_off,50,5.0,2.5,24,11,11,0.7272727272727273,0.04146187331313212,0.1469508094645081,0.1884126827776402,0.3114099999055124,-3.247080224057036,0.1475672945033964,yes
OIL,FUNDING_EXTREME_LONG,filter_default,50,5.0,2.5,24,10,10,0.7,0.045608060644445336,0.1407456621004566,0.18635372274490195,0.4142460958431671,-3.247080224057036,0.13916414602394,yes
OIL,FUNDING_EXTREME_LONG,filter_blocked,50,5.0,2.5,24,1,1,1.0,0.0,0.20900228310502283,0.20900228310502283,0.20900228310502283,0.0,,yes
OIL,FUNDING_EXTREME_LONG,filter_off,50,6.0,3.0,24,11,11,0.7272727272727273,0.04146187331313212,0.1469508094645081,0.1884126827776402,0.3114099999055124,-3.247080224057036,0.1475672945033964,yes
OIL,FUNDING_EXTREME_LONG,filter_default,50,6.0,3.0,24,10,10,0.7,0.045608060644445336,0.1407456621004566,0.18635372274490195,0.4142460958431671,-3.247080224057036,0.13916414602394,yes
OIL,FUNDING_EXTREME_LONG,filter_blocked,50,6.0,3.0,24,1,1,1.0,0.0,0.20900228310502283,0.20900228310502283,0.20900228310502283,0.0,,yes
OIL,FUNDING_EXTREME_LONG,filter_off,50,3.0,2.0,48,11,11,0.6363636363636364,-1.486218566230421,0.1189747820672478,-1.3672437841631733,0.1906646857968769,-19.127304280184674,-0.29373883943673573,yes
OIL,FUNDING_EXTREME_LONG,filter_default,50,3.0,2.0,48,10,10,0.6,-1.634840422853463,0.05826381278538812,-1.576576610068075,0.144344899976064,-19.127304280184674,-0.32626549915470826,yes
OIL,FUNDING_EXTREME_LONG,filter_blocked,50,3.0,2.0,48,1,1,1.0,0.0,0.7260844748858447,0.7260844748858447,0.7260844748858447,0.0,,yes
OIL,FUNDING_EXTREME_LONG,filter_off,50,4.0,2.5,48,11,11,0.6363636363636364,-1.6131785771632092,0.1189646118721461,-1.494213965291063,0.1906646857968769,-20.523976272591465,-0.31882405545321696,yes
OIL,FUNDING_EXTREME_LONG,filter_default,50,4.0,2.5,48,10,10,0.6,-1.77449643487953,0.05825262557077625,-1.716243809308754,0.144344899976064,-20.523976272591465,-0.3531425899013953,yes
OIL,FUNDING_EXTREME_LONG,filter_blocked,50,4.0,2.5,48,1,1,1.0,0.0,0.7260844748858447,0.7260844748858447,0.7260844748858447,0.0,,yes
OIL,FUNDING_EXTREME_LONG,filter_off,50,5.0,2.5,48,11,11,0.6363636363636364,-1.6604783758969355,0.1271047114985471,-1.5333736643983884,0.1906646857968769,-20.523976272591465,-0.33032733299890676,yes
OIL,FUNDING_EXTREME_LONG,filter_default,50,5.0,2.5,48,10,10,0.6,-1.826526213486629,0.06720673515981734,-1.7593194783268116,0.144344899976064,-20.523976272591465,-0.36572230993860183,yes
OIL,FUNDING_EXTREME_LONG,filter_blocked,50,5.0,2.5,48,1,1,1.0,0.0,0.7260844748858447,0.7260844748858447,0.7260844748858447,0.0,,yes
OIL,FUNDING_EXTREME_LONG,filter_off,50,6.0,3.0,48,11,11,0.6363636363636364,-1.6676678405504242,0.12800342465753423,-1.53966441589289,0.1906646857968769,-20.523976272591465,-0.33155427406843685,yes
OIL,FUNDING_EXTREME_LONG,filter_default,50,6.0,3.0,48,10,10,0.6,-1.8344346246054666,0.06819531963470318,-1.7662393049707634,0.144344899976064,-20.523976272591465,-0.36704019199599297,yes
OIL,FUNDING_EXTREME_LONG,filter_blocked,50,6.0,3.0,48,1,1,1.0,0.0,0.7260844748858447,0.7260844748858447,0.7260844748858447,0.0,,yes
OIL,FUNDING_EXTREME_LONG,filter_off,50,3.0,2.0,72,11,11,0.45454545454545453,-1.238358693822773,-0.012960875882108749,-1.2513195697048818,-0.3647614806326721,-19.390537700871256,-0.2579051152205971,yes
OIL,FUNDING_EXTREME_LONG,filter_default,50,3.0,2.0,72,10,10,0.4,-1.7099264847548046,-0.08951518264840182,-1.7994416674032065,-0.620384205233562,-19.390537700871256,-0.3786009612833673,yes
OIL,FUNDING_EXTREME_LONG,filter_blocked,50,3.0,2.0,72,1,1,1.0,3.477319215497543,0.752582191780822,4.229901407278365,4.229901407278365,0.0,,yes
OIL,FUNDING_EXTREME_LONG,filter_off,50,4.0,2.5,72,11,11,0.45454545454545453,-1.3864049896337232,-0.018967725197177245,-1.4053727148309005,-0.3647614806326721,-21.085122297257463,-0.28727002226215237,yes
OIL,FUNDING_EXTREME_LONG,filter_default,50,4.0,2.5,72,10,10,0.4,-1.8727774101468497,-0.09612271689497716,-1.968900127041827,-0.620384205233562,-21.085122297257463,-0.4120388376666022,yes
OIL,FUNDING_EXTREME_LONG,filter_blocked,50,4.0,2.5,72,1,1,1.0,3.477319215497543,0.752582191780822,4.229901407278365,4.229901407278365,0.0,,yes
OIL,FUNDING_EXTREME_LONG,filter_off,50,5.0,2.5,72,11,11,0.45454545454545453,-1.2935585506839649,-0.0018344748858447396,-1.2953930255698096,-0.3647614806326721,-21.085122297257463,-0.2572335408721217,yes
OIL,FUNDING_EXTREME_LONG,filter_default,50,5.0,2.5,72,10,10,0.4,-1.7186165486950167,-0.0862302511415525,-1.8048467998365694,-0.620384205233562,-21.08512229725746,-0.3606741621721828,yes
OIL,FUNDING_EXTREME_LONG,filter_blocked,50,5.0,2.5,72,1,1,1.0,2.957021429426554,0.8421232876712329,3.799144717097787,3.799144717097787,0.0,,yes
OIL,FUNDING_EXTREME_LONG,filter_off,50,6.0,3.0,72,11,11,0.45454545454545453,-1.4005895695836323,0.02576162308011624,-1.3748279465035163,-0.3647614806326721,-21.658783304935046,-0.275521364625321,yes
OIL,FUNDING_EXTREME_LONG,filter_default,50,6.0,3.0,72,10,10,0.4,-1.836350669484651,-0.055874543378995424,-1.8922252128636465,-0.620384205233562,-21.658783304935046,-0.38272120965616563,yes
OIL,FUNDING_EXTREME_LONG,filter_blocked,50,6.0,3.0,72,1,1,1.0,2.957021429426554,0.8421232876712329,3.799144717097787,3.799144717097787,0.0,,yes
OIL,FUNDING_EXTREME_SHORT,filter_off,10,3.0,2.0,24,28,28,0.5714285714285714,0.7133708705400341,0.2568730430528376,0.9702439135928718,0.08158618721461187,-8.807593959364858,0.25125902873980666,no
OIL,FUNDING_EXTREME_SHORT,filter_default,10,3.0,2.0,24,28,28,0.5714285714285714,0.7133708705400341,0.2568730430528376,0.9702439135928718,0.08158618721461187,-8.807593959364858,0.25125902873980666,no
OIL,FUNDING_EXTREME_SHORT,filter_blocked,10,3.0,2.0,24,0,0,,,,,,,,no
OIL,FUNDING_EXTREME_SHORT,filter_off,10,4.0,2.5,24,28,28,0.5714285714285714,0.8445245702932345,0.2647608039791259,1.1092853742723605,0.08158618721461187,-8.03709257101147,0.2747591128329394,no
OIL,FUNDING_EXTREME_SHORT,filter_default,10,4.0,2.5,24,28,28,0.5714285714285714,0.8445245702932345,0.2647608039791259,1.1092853742723605,0.08158618721461187,-8.03709257101147,0.2747591128329394,no
OIL,FUNDING_EXTREME_SHORT,filter_blocked,10,4.0,2.5,24,0,0,,,,,,,,no
OIL,FUNDING_EXTREME_SHORT,filter_off,10,5.0,2.5,24,28,28,0.5714285714285714,0.8772134004504193,0.2650324119373777,1.142245812387797,0.08158618721461187,-8.03709257101147,0.280864137517554,no
OIL,FUNDING_EXTREME_SHORT,filter_default,10,5.0,2.5,24,28,28,0.5714285714285714,0.8772134004504193,0.2650324119373777,1.142245812387797,0.08158618721461187,-8.03709257101147,0.280864137517554,no
OIL,FUNDING_EXTREME_SHORT,filter_blocked,10,5.0,2.5,24,0,0,,,,,,,,no
OIL,FUNDING_EXTREME_SHORT,filter_off,10,6.0,3.0,24,28,28,0.5714285714285714,0.8435195027192156,0.2661255707762557,1.1096450734954713,0.08158618721461187,-10.126055248232042,0.2641739706302402,no
OIL,FUNDING_EXTREME_SHORT,filter_default,10,6.0,3.0,24,28,28,0.5714285714285714,0.8435195027192156,0.2661255707762557,1.1096450734954713,0.08158618721461187,-10.126055248232042,0.2641739706302402,no
OIL,FUNDING_EXTREME_SHORT,filter_blocked,10,6.0,3.0,24,0,0,,,,,,,,no
OIL,FUNDING_EXTREME_SHORT,filter_off,10,3.0,2.0,48,28,28,0.5357142857142857,0.5713944284731757,0.3442585616438356,0.9156529901170113,0.10956752531859196,-9.438641468485386,0.23095562388289284,no
OIL,FUNDING_EXTREME_SHORT,filter_default,10,3.0,2.0,48,28,28,0.5357142857142857,0.5713944284731757,0.3442585616438356,0.9156529901170113,0.10956752531859196,-9.438641468485386,0.23095562388289284,no
OIL,FUNDING_EXTREME_SHORT,filter_blocked,10,3.0,2.0,48,0,0,,,,,,,,no
OIL,FUNDING_EXTREME_SHORT,filter_off,10,4.0,2.5,48,28,28,0.5357142857142857,0.7398159915478287,0.36943370841487283,1.1092496999627015,0.10956752531859196,-8.590730782393585,0.26573809414202515,no
OIL,FUNDING_EXTREME_SHORT,filter_default,10,4.0,2.5,48,28,28,0.5357142857142857,0.7398159915478287,0.36943370841487283,1.1092496999627015,0.10956752531859196,-8.590730782393585,0.26573809414202515,no
OIL,FUNDING_EXTREME_SHORT,filter_blocked,10,4.0,2.5,48,0,0,,,,,,,,no
OIL,FUNDING_EXTREME_SHORT,filter_off,10,5.0,2.5,48,28,28,0.5357142857142857,0.795854924951393,0.3817658594259622,1.1776207843773552,0.10956752531859196,-8.590730782393585,0.2779887502102662,no
OIL,FUNDING_EXTREME_SHORT,filter_default,10,5.0,2.5,48,28,28,0.5357142857142857,0.795854924951393,0.3817658594259622,1.1776207843773552,0.10956752531859196,-8.590730782393585,0.2779887502102662,no
OIL,FUNDING_EXTREME_SHORT,filter_blocked,10,5.0,2.5,48,0,0,,,,,,,,no
OIL,FUNDING_EXTREME_SHORT,filter_off,10,6.0,3.0,48,28,28,0.5714285714285714,0.9596494215588506,0.39294169928245276,1.3525911208413033,0.25592209154303713,-8.172186136972435,0.31183342963933347,no
OIL,FUNDING_EXTREME_SHORT,filter_default,10,6.0,3.0,48,28,28,0.5714285714285714,0.9596494215588506,0.39294169928245276,1.3525911208413033,0.25592209154303713,-8.172186136972435,0.31183342963933347,no
OIL,FUNDING_EXTREME_SHORT,filter_blocked,10,6.0,3.0,48,0,0,,,,,,,,no
OIL,FUNDING_EXTREME_SHORT,filter_off,10,3.0,2.0,72,28,28,0.5714285714285714,1.3485280675829714,0.3995199771689498,1.748048044751921,0.6171166290905543,-9.438641468485386,0.3507315821141097,no
OIL,FUNDING_EXTREME_SHORT,filter_default,10,3.0,2.0,72,28,28,0.5714285714285714,1.3485280675829714,0.3995199771689498,1.748048044751921,0.6171166290905543,-9.438641468485386,0.3507315821141097,no
OIL,FUNDING_EXTREME_SHORT,filter_blocked,10,3.0,2.0,72,0,0,,,,,,,,no
OIL,FUNDING_EXTREME_SHORT,filter_off,10,4.0,2.5,72,28,28,0.6071428571428571,1.647039827922307,0.43635620515329426,2.0833960330756014,0.763044386280378,-8.590730782393585,0.40381935101163924,no
OIL,FUNDING_EXTREME_SHORT,filter_default,10,4.0,2.5,72,28,28,0.6071428571428571,1.647039827922307,0.43635620515329426,2.0833960330756014,0.763044386280378,-8.590730782393585,0.40381935101163924,no
OIL,FUNDING_EXTREME_SHORT,filter_blocked,10,4.0,2.5,72,0,0,,,,,,,,no
OIL,FUNDING_EXTREME_SHORT,filter_off,10,5.0,2.5,72,28,28,0.6071428571428571,1.7094302746303722,0.45567645140247887,2.165106726032851,0.763044386280378,-8.590730782393585,0.4161262980783018,no
OIL,FUNDING_EXTREME_SHORT,filter_default,10,5.0,2.5,72,28,28,0.6071428571428571,1.7094302746303722,0.45567645140247887,2.165106726032851,0.763044386280378,-8.590730782393585,0.4161262980783018,no
OIL,FUNDING_EXTREME_SHORT,filter_blocked,10,5.0,2.5,72,0,0,,,,,,,,no
OIL,FUNDING_EXTREME_SHORT,filter_off,10,6.0,3.0,72,28,28,0.6071428571428571,1.7544094402273767,0.46672133887801703,2.2211307791053936,0.763044386280378,-8.759117114809612,0.42065324433129453,no
OIL,FUNDING_EXTREME_SHORT,filter_default,10,6.0,3.0,72,28,28,0.6071428571428571,1.7544094402273767,0.46672133887801703,2.2211307791053936,0.763044386280378,-8.759117114809612,0.42065324433129453,no
OIL,FUNDING_EXTREME_SHORT,filter_blocked,10,6.0,3.0,72,0,0,,,,,,,,no
OIL,FUNDING_EXTREME_SHORT,filter_off,15,3.0,2.0,24,28,27,0.5925925925925926,0.6501476414422558,0.2648529934043633,0.9150006348466191,0.11157762557077625,-11.269406399106554,0.22639478769507645,no
OIL,FUNDING_EXTREME_SHORT,filter_default,15,3.0,2.0,24,28,27,0.5925925925925926,0.6501476414422558,0.2648529934043633,0.9150006348466191,0.11157762557077625,-11.269406399106554,0.22639478769507645,no
OIL,FUNDING_EXTREME_SHORT,filter_blocked,15,3.0,2.0,24,0,0,,,,,,,,no
OIL,FUNDING_EXTREME_SHORT,filter_off,15,4.0,2.5,24,28,27,0.5925925925925926,0.8248143963892746,0.2722262387958735,1.097040635185148,0.11157762557077625,-8.03709257101147,0.26237292167308224,no
OIL,FUNDING_EXTREME_SHORT,filter_default,15,4.0,2.5,24,28,27,0.5925925925925926,0.8248143963892746,0.2722262387958735,1.097040635185148,0.11157762557077625,-8.03709257101147,0.26237292167308224,no
OIL,FUNDING_EXTREME_SHORT,filter_blocked,15,4.0,2.5,24,0,0,,,,,,,,no
OIL,FUNDING_EXTREME_SHORT,filter_off,15,5.0,2.5,24,28,27,0.5925925925925926,0.8587139239596884,0.27250790630813465,1.131221830267823,0.11157762557077625,-8.03709257101147,0.2686374620013987,no
OIL,FUNDING_EXTREME_SHORT,filter_default,15,5.0,2.5,24,28,27,0.5925925925925926,0.8587139239596884,0.27250790630813465,1.131221830267823,0.11157762557077625,-8.03709257101147,0.2686374620013987,no
OIL,FUNDING_EXTREME_SHORT,filter_blocked,15,5.0,2.5,24,0,0,,,,,,,,no
OIL,FUNDING_EXTREME_SHORT,filter_off,15,6.0,3.0,24,28,27,0.5925925925925926,0.8237721040902919,0.27364155251141553,1.0974136566017074,0.11157762557077625,-10.126055248232042,0.2525877354382051,no
OIL,FUNDING_EXTREME_SHORT,filter_default,15,6.0,3.0,24,28,27,0.5925925925925926,0.8237721040902919,0.27364155251141553,1.0974136566017074,0.11157762557077625,-10.126055248232042,0.2525877354382051,no
OIL,FUNDING_EXTREME_SHORT,filter_blocked,15,6.0,3.0,24,0,0,,,,,,,,no
OIL,FUNDING_EXTREME_SHORT,filter_off,15,3.0,2.0,48,28,27,0.5555555555555556,0.5029128126321802,0.3554750126839168,0.8583878253160971,0.20830022831050227,-11.900453908227082,0.20718637292452088,no
OIL,FUNDING_EXTREME_SHORT,filter_default,15,3.0,2.0,48,28,27,0.5555555555555556,0.5029128126321802,0.3554750126839168,0.8583878253160971,0.20830022831050227,-11.900453908227082,0.20718637292452088,no
OIL,FUNDING_EXTREME_SHORT,filter_blocked,15,3.0,2.0,48,0,0,,,,,,,,no
OIL,FUNDING_EXTREME_SHORT,filter_off,15,4.0,2.5,48,28,27,0.5555555555555556,0.7162277221347797,0.3807759174699814,1.097003639604761,0.20830022831050227,-8.590730782393585,0.2540298350645424,no
OIL,FUNDING_EXTREME_SHORT,filter_default,15,4.0,2.5,48,28,27,0.5555555555555556,0.7162277221347797,0.3807759174699814,1.097003639604761,0.20830022831050227,-8.590730782393585,0.2540298350645424,no
OIL,FUNDING_EXTREME_SHORT,filter_blocked,15,4.0,2.5,48,0,0,,,,,,,,no
OIL,FUNDING_EXTREME_SHORT,filter_off,15,5.0,2.5,48,28,27,0.5555555555555556,0.7743421715903278,0.39356481481481487,1.1679069864051428,0.20830022831050227,-8.590730782393585,0.26660027222992616,no
OIL,FUNDING_EXTREME_SHORT,filter_default,15,5.0,2.5,48,28,27,0.5555555555555556,0.7743421715903278,0.39356481481481487,1.1679069864051428,0.20830022831050227,-8.590730782393585,0.26660027222992616,no
OIL,FUNDING_EXTREME_SHORT,filter_blocked,15,5.0,2.5,48,0,0,,,,,,,,no
OIL,FUNDING_EXTREME_SHORT,filter_off,15,6.0,3.0,48,28,27,0.5925925925925926,0.9442031310350987,0.4051545746659902,1.3493577057010888,0.30354395477557206,-8.172186136972435,0.30101770206353995,no
OIL,FUNDING_EXTREME_SHORT,filter_default,15,6.0,3.0,48,28,27,0.5925925925925926,0.9442031310350987,0.4051545746659902,1.3493577057010888,0.30354395477557206,-8.172186136972435,0.30101770206353995,no
OIL,FUNDING_EXTREME_SHORT,filter_blocked,15,6.0,3.0,48,0,0,,,,,,,,no
OIL,FUNDING_EXTREME_SHORT,filter_off,15,3.0,2.0,72,28,27,0.5925925925925926,1.3088291791164128,0.4127831473025538,1.7216123264189667,0.6998252557792703,-11.900453908227078,0.33319821616448037,no
OIL,FUNDING_EXTREME_SHORT,filter_default,15,3.0,2.0,72,28,27,0.5925925925925926,1.3088291791164128,0.4127831473025538,1.7216123264189667,0.6998252557792703,-11.900453908227078,0.33319821616448037,no
OIL,FUNDING_EXTREME_SHORT,filter_blocked,15,3.0,2.0,72,0,0,,,,,,,,no
OIL,FUNDING_EXTREME_SHORT,filter_off,15,4.0,2.5,72,28,27,0.6296296296296297,1.6570524413379422,0.4501770251987148,2.107229466536657,0.8262635167814855,-8.590730782393585,0.39701902736027617,no
OIL,FUNDING_EXTREME_SHORT,filter_default,15,4.0,2.5,72,28,27,0.6296296296296297,1.6570524413379422,0.4501770251987148,2.107229466536657,0.8262635167814855,-8.590730782393585,0.39701902736027617,no
OIL,FUNDING_EXTREME_SHORT,filter_blocked,15,4.0,2.5,72,0,0,,,,,,,,no
OIL,FUNDING_EXTREME_SHORT,filter_off,15,5.0,2.5,72,28,27,0.6296296296296297,1.7217536453314914,0.4702128361237951,2.1919664814552866,0.8262635167814855,-8.590730782393585,0.40960932450040555,no
OIL,FUNDING_EXTREME_SHORT,filter_default,15,5.0,2.5,72,28,27,0.6296296296296297,1.7217536453314914,0.4702128361237951,2.1919664814552866,0.8262635167814855,-8.590730782393585,0.40960932450040555,no
OIL,FUNDING_EXTREME_SHORT,filter_blocked,15,5.0,2.5,72,0,0,,,,,,,,no
OIL,FUNDING_EXTREME_SHORT,filter_off,15,6.0,3.0,72,28,27,0.6296296296296297,1.7683987059506072,0.4816667935058347,2.2500654994564417,0.8262635167814855,-8.759117114809612,0.41446055254534686,no
OIL,FUNDING_EXTREME_SHORT,filter_default,15,6.0,3.0,72,28,27,0.6296296296296297,1.7683987059506072,0.4816667935058347,2.2500654994564417,0.8262635167814855,-8.759117114809612,0.41446055254534686,no
OIL,FUNDING_EXTREME_SHORT,filter_blocked,15,6.0,3.0,72,0,0,,,,,,,,no
OIL,FUNDING_EXTREME_SHORT,filter_off,20,3.0,2.0,24,27,26,0.6153846153846154,0.7353051354474227,0.2737907007376186,1.0090958361850413,0.3636589488896567,-9.667515152753236,0.24939986958922025,no
OIL,FUNDING_EXTREME_SHORT,filter_default,20,3.0,2.0,24,27,26,0.6153846153846154,0.7353051354474227,0.2737907007376186,1.0090958361850413,0.3636589488896567,-9.667515152753236,0.24939986958922025,no
OIL,FUNDING_EXTREME_SHORT,filter_blocked,20,3.0,2.0,24,0,0,,,,,,,,no
OIL,FUNDING_EXTREME_SHORT,filter_off,20,4.0,2.5,24,27,26,0.6153846153846154,0.911885432042862,0.28043207762557076,1.1923175096684329,0.3636589488896567,-6.843183636923005,0.2848363519636722,no
OIL,FUNDING_EXTREME_SHORT,filter_default,20,4.0,2.5,24,27,26,0.6153846153846154,0.911885432042862,0.28043207762557076,1.1923175096684329,0.3636589488896567,-6.843183636923005,0.2848363519636722,no
OIL,FUNDING_EXTREME_SHORT,filter_blocked,20,4.0,2.5,24,0,0,,,,,,,,no
OIL,FUNDING_EXTREME_SHORT,filter_off,20,5.0,2.5,24,27,26,0.6153846153846154,0.9557777099776928,0.28147686160871094,1.2372545715864038,0.3636589488896567,-6.843183636923005,0.29267269879483154,no
OIL,FUNDING_EXTREME_SHORT,filter_default,20,5.0,2.5,24,27,26,0.6153846153846154,0.9557777099776928,0.28147686160871094,1.2372545715864038,0.3636589488896567,-6.843183636923005,0.29267269879483154,no
OIL,FUNDING_EXTREME_SHORT,filter_blocked,20,5.0,2.5,24,0,0,,,,,,,,no
OIL,FUNDING_EXTREME_SHORT,filter_off,20,6.0,3.0,24,27,26,0.6153846153846154,0.8935269820225326,0.2816902880224798,1.1752172700450123,0.3636589488896567,-8.932146314143576,0.27088948955181996,no
OIL,FUNDING_EXTREME_SHORT,filter_default,20,6.0,3.0,24,27,26,0.6153846153846154,0.8935269820225326,0.2816902880224798,1.1752172700450123,0.3636589488896567,-8.932146314143576,0.27088948955181996,no
OIL,FUNDING_EXTREME_SHORT,filter_blocked,20,6.0,3.0,24,0,0,,,,,,,,no
OIL,FUNDING_EXTREME_SHORT,filter_off,20,3.0,2.0,48,27,26,0.5769230769230769,0.5824074286061904,0.36789818229715493,0.9503056109033453,0.25592209154303713,-10.298562661873763,0.22884551669423955,no
OIL,FUNDING_EXTREME_SHORT,filter_default,20,3.0,2.0,48,27,26,0.5769230769230769,0.5824074286061904,0.36789818229715493,0.9503056109033453,0.25592209154303713,-10.298562661873763,0.22884551669423955,no
OIL,FUNDING_EXTREME_SHORT,filter_blocked,20,3.0,2.0,48,0,0,,,,,,,,no
OIL,FUNDING_EXTREME_SHORT,filter_off,20,4.0,2.5,48,27,26,0.5769230769230769,0.8178840733189167,0.39568879522304184,1.2135728685419584,0.25592209154303713,-6.829251177555644,0.2814891366898497,no
OIL,FUNDING_EXTREME_SHORT,filter_default,20,4.0,2.5,48,27,26,0.5769230769230769,0.8178840733189167,0.39568879522304184,1.2135728685419584,0.25592209154303713,-6.829251177555644,0.2814891366898497,no
OIL,FUNDING_EXTREME_SHORT,filter_blocked,20,4.0,2.5,48,0,0,,,,,,,,no
OIL,FUNDING_EXTREME_SHORT,filter_off,20,5.0,2.5,48,27,26,0.5769230769230769,0.8869226162883099,0.4097218563400071,1.296644472628317,0.25592209154303713,-6.829251177555644,0.2957008560103273,no
OIL,FUNDING_EXTREME_SHORT,filter_default,20,5.0,2.5,48,27,26,0.5769230769230769,0.8869226162883099,0.4097218563400071,1.296644472628317,0.25592209154303713,-6.829251177555644,0.2957008560103273,no
OIL,FUNDING_EXTREME_SHORT,filter_blocked,20,5.0,2.5,48,0,0,,,,,,,,no
OIL,FUNDING_EXTREME_SHORT,filter_off,20,6.0,3.0,48,27,26,0.5769230769230769,0.8381021666640907,0.41807876712328773,1.2561809337873784,0.25592209154303713,-8.918213854776216,0.2782133156404684,no
OIL,FUNDING_EXTREME_SHORT,filter_default,20,6.0,3.0,48,27,26,0.5769230769230769,0.8381021666640907,0.41807876712328773,1.2561809337873784,0.25592209154303713,-8.918213854776216,0.2782133156404684,no
OIL,FUNDING_EXTREME_SHORT,filter_blocked,20,6.0,3.0,48,0,0,,,,,,,,no
OIL,FUNDING_EXTREME_SHORT,filter_off,20,3.0,2.0,72,27,26,0.6153846153846154,1.4193205784167395,0.4274104759395856,1.8467310543563253,0.763044386280378,-10.29856266187376,0.35574393690152784,no
OIL,FUNDING_EXTREME_SHORT,filter_default,20,3.0,2.0,72,27,26,0.6153846153846154,1.4193205784167395,0.4274104759395856,1.8467310543563253,0.763044386280378,-10.29856266187376,0.35574393690152784,no
OIL,FUNDING_EXTREME_SHORT,filter_blocked,20,3.0,2.0,72,0,0,,,,,,,,no
OIL,FUNDING_EXTREME_SHORT,filter_off,20,4.0,2.5,72,27,26,0.6538461538461539,1.794894358645278,0.46775917632595726,2.262653534971235,0.9546879823538716,-6.0832234597518635,0.4261566489331307,no
OIL,FUNDING_EXTREME_SHORT,filter_default,20,4.0,2.5,72,27,26,0.6538461538461539,1.794894358645278,0.46775917632595726,2.262653534971235,0.9546879823538716,-6.0832234597518635,0.4261566489331307,no
OIL,FUNDING_EXTREME_SHORT,filter_blocked,20,4.0,2.5,72,0,0,,,,,,,,no
OIL,FUNDING_EXTREME_SHORT,filter_off,20,5.0,2.5,72,27,26,0.6538461538461539,1.8707729928656722,0.4893178784685635,2.3600908713342355,0.9546879823538716,-6.0832234597518635,0.4403747003777737,no
OIL,FUNDING_EXTREME_SHORT,filter_default,20,5.0,2.5,72,27,26,0.6538461538461539,1.8707729928656722,0.4893178784685635,2.3600908713342355,0.9546879823538716,-6.0832234597518635,0.4403747003777737,no
OIL,FUNDING_EXTREME_SHORT,filter_blocked,20,5.0,2.5,72,0,0,,,,,,,,no
OIL,FUNDING_EXTREME_SHORT,filter_off,20,6.0,3.0,72,27,26,0.6538461538461539,1.8219525432414527,0.49767478925184416,2.319627332493297,0.9546879823538716,-8.172186136972435,0.42374004218013384,no
OIL,FUNDING_EXTREME_SHORT,filter_default,20,6.0,3.0,72,27,26,0.6538461538461539,1.8219525432414527,0.49767478925184416,2.319627332493297,0.9546879823538716,-8.172186136972435,0.42374004218013384,no
OIL,FUNDING_EXTREME_SHORT,filter_blocked,20,6.0,3.0,72,0,0,,,,,,,,no
OIL,FUNDING_EXTREME_SHORT,filter_off,30,3.0,2.0,24,23,23,0.6521739130434783,0.9245840510812463,0.3103734862021044,1.2349575372833508,0.6157402722085372,-7.140885032867256,0.3000687855475945,no
OIL,FUNDING_EXTREME_SHORT,filter_default,30,3.0,2.0,24,23,23,0.6521739130434783,0.9245840510812463,0.3103734862021044,1.2349575372833508,0.6157402722085372,-7.140885032867256,0.3000687855475945,no
OIL,FUNDING_EXTREME_SHORT,filter_blocked,30,3.0,2.0,24,0,0,,,,,,,,no
OIL,FUNDING_EXTREME_SHORT,filter_off,30,4.0,2.5,24,23,23,0.6086956521739131,0.8517947781455599,0.3179586063132817,1.1697533844588417,0.11157762557077625,-7.140885032867256,0.27526470769673034,no
OIL,FUNDING_EXTREME_SHORT,filter_default,30,4.0,2.5,24,23,23,0.6086956521739131,0.8517947781455599,0.3179586063132817,1.1697533844588417,0.11157762557077625,-7.140885032867256,0.27526470769673034,no
OIL,FUNDING_EXTREME_SHORT,filter_blocked,30,4.0,2.5,24,0,0,,,,,,,,no
OIL,FUNDING_EXTREME_SHORT,filter_off,30,5.0,2.5,24,23,23,0.6086956521739131,0.8517947781455599,0.3179586063132817,1.1697533844588417,0.11157762557077625,-7.140885032867256,0.27526470769673034,no
OIL,FUNDING_EXTREME_SHORT,filter_default,30,5.0,2.5,24,23,23,0.6086956521739131,0.8517947781455599,0.3179586063132817,1.1697533844588417,0.11157762557077625,-7.140885032867256,0.27526470769673034,no
OIL,FUNDING_EXTREME_SHORT,filter_blocked,30,5.0,2.5,24,0,0,,,,,,,,no
OIL,FUNDING_EXTREME_SHORT,filter_off,30,6.0,3.0,24,23,23,0.6086956521739131,0.8517947781455599,0.3179586063132817,1.1697533844588417,0.11157762557077625,-7.140885032867256,0.27526470769673034,no
OIL,FUNDING_EXTREME_SHORT,filter_default,30,6.0,3.0,24,23,23,0.6086956521739131,0.8517947781455599,0.3179586063132817,1.1697533844588417,0.11157762557077625,-7.140885032867256,0.27526470769673034,no
OIL,FUNDING_EXTREME_SHORT,filter_blocked,30,6.0,3.0,24,0,0,,,,,,,,no
OIL,FUNDING_EXTREME_SHORT,filter_off,30,3.0,2.0,48,23,23,0.6086956521739131,0.7517431650868098,0.41675585666071074,1.1684990217475206,0.30354395477557206,-7.771932541987784,0.27576523215550913,no
OIL,FUNDING_EXTREME_SHORT,filter_default,30,3.0,2.0,48,23,23,0.6086956521739131,0.7517431650868098,0.41675585666071074,1.1684990217475206,0.30354395477557206,-7.771932541987784,0.27576523215550913,no
OIL,FUNDING_EXTREME_SHORT,filter_blocked,30,3.0,2.0,48,0,0,,,,,,,,no
OIL,FUNDING_EXTREME_SHORT,filter_off,30,4.0,2.5,48,23,23,0.5652173913043478,0.6455482496728245,0.44878930911256704,1.0943375587853916,0.20830022831050227,-7.126952573499896,0.24710495154313147,no
OIL,FUNDING_EXTREME_SHORT,filter_default,30,4.0,2.5,48,23,23,0.5652173913043478,0.6455482496728245,0.44878930911256704,1.0943375587853916,0.20830022831050227,-7.126952573499896,0.24710495154313147,no
OIL,FUNDING_EXTREME_SHORT,filter_blocked,30,4.0,2.5,48,0,0,,,,,,,,no
OIL,FUNDING_EXTREME_SHORT,filter_off,30,5.0,2.5,48,23,23,0.5652173913043478,0.6748653190129285,0.46330380186619025,1.1381691208791187,0.20830022831050227,-7.126952573499896,0.2547322870608559,no
OIL,FUNDING_EXTREME_SHORT,filter_default,30,5.0,2.5,48,23,23,0.5652173913043478,0.6748653190129285,0.46330380186619025,1.1381691208791187,0.20830022831050227,-7.126952573499896,0.2547322870608559,no
OIL,FUNDING_EXTREME_SHORT,filter_blocked,30,5.0,2.5,48,0,0,,,,,,,,no
OIL,FUNDING_EXTREME_SHORT,filter_off,30,6.0,3.0,48,23,23,0.5652173913043478,0.6900473727783399,0.47250947984911656,1.1625568526274566,0.20830022831050227,-7.126952573499896,0.2586919799637898,no
OIL,FUNDING_EXTREME_SHORT,filter_default,30,6.0,3.0,48,23,23,0.5652173913043478,0.6900473727783399,0.47250947984911656,1.1625568526274566,0.20830022831050227,-7.126952573499896,0.2586919799637898,no
OIL,FUNDING_EXTREME_SHORT,filter_blocked,30,6.0,3.0,48,0,0,,,,,,,,no
OIL,FUNDING_EXTREME_SHORT,filter_off,30,3.0,2.0,72,23,23,0.6521739130434783,1.6978188996552568,0.48403062338693675,2.1818495230421937,0.8262635167814855,-7.7719325419877805,0.4096768229440801,no
OIL,FUNDING_EXTREME_SHORT,filter_default,30,3.0,2.0,72,23,23,0.6521739130434783,1.6978188996552568,0.48403062338693675,2.1818495230421937,0.8262635167814855,-7.7719325419877805,0.4096768229440801,no
OIL,FUNDING_EXTREME_SHORT,filter_blocked,30,3.0,2.0,72,0,0,,,,,,,,no
OIL,FUNDING_EXTREME_SHORT,filter_off,30,4.0,2.5,72,23,23,0.6521739130434783,1.7499946591721893,0.530260174707167,2.2802548338793565,0.8262635167814855,-5.466243665928957,0.4122872044181317,no
OIL,FUNDING_EXTREME_SHORT,filter_default,30,4.0,2.5,72,23,23,0.6521739130434783,1.7499946591721893,0.530260174707167,2.2802548338793565,0.8262635167814855,-5.466243665928957,0.4122872044181317,no
OIL,FUNDING_EXTREME_SHORT,filter_blocked,30,4.0,2.5,72,0,0,,,,,,,,no
OIL,FUNDING_EXTREME_SHORT,filter_off,30,5.0,2.5,72,23,23,0.6521739130434783,1.7999614276175464,0.5537090033750249,2.353670430992571,0.8262635167814855,-5.466243665928957,0.42302079928568637,no
OIL,FUNDING_EXTREME_SHORT,filter_default,30,5.0,2.5,72,23,23,0.6521739130434783,1.7999614276175464,0.5537090033750249,2.353670430992571,0.8262635167814855,-5.466243665928957,0.42302079928568637,no
OIL,FUNDING_EXTREME_SHORT,filter_blocked,30,5.0,2.5,72,0,0,,,,,,,,no
OIL,FUNDING_EXTREME_SHORT,filter_off,30,6.0,3.0,72,23,23,0.6521739130434783,1.815143481382958,0.5629146813579513,2.378058162740909,0.8262635167814855,-5.466243665928957,0.42621698400258656,no
OIL,FUNDING_EXTREME_SHORT,filter_default,30,6.0,3.0,72,23,23,0.6521739130434783,1.815143481382958,0.5629146813579513,2.378058162740909,0.8262635167814855,-5.466243665928957,0.42621698400258656,no
OIL,FUNDING_EXTREME_SHORT,filter_blocked,30,6.0,3.0,72,0,0,,,,,,,,no
OIL,FUNDING_EXTREME_SHORT,filter_off,50,3.0,2.0,24,20,20,0.65,0.1407409375177704,0.34258310502283107,0.48332404254060146,0.3319390600655904,-3.3685474473649606,0.31084268425453204,no
OIL,FUNDING_EXTREME_SHORT,filter_default,50,3.0,2.0,24,20,20,0.65,0.1407409375177704,0.34258310502283107,0.48332404254060146,0.3319390600655904,-3.3685474473649606,0.31084268425453204,no
OIL,FUNDING_EXTREME_SHORT,filter_blocked,50,3.0,2.0,24,0,0,,,,,,,,no
OIL,FUNDING_EXTREME_SHORT,filter_off,50,4.0,2.5,24,20,20,0.65,0.28179586947366553,0.3427447488584475,0.624540618332113,0.3319390600655904,-3.3685474473649606,0.3311314201930313,no
OIL,FUNDING_EXTREME_SHORT,filter_default,50,4.0,2.5,24,20,20,0.65,0.28179586947366553,0.3427447488584475,0.624540618332113,0.3319390600655904,-3.3685474473649606,0.3311314201930313,no
OIL,FUNDING_EXTREME_SHORT,filter_blocked,50,4.0,2.5,24,0,0,,,,,,,,no
OIL,FUNDING_EXTREME_SHORT,filter_off,50,5.0,2.5,24,20,20,0.65,0.28179586947366553,0.3427447488584475,0.624540618332113,0.3319390600655904,-3.3685474473649606,0.3311314201930313,no
OIL,FUNDING_EXTREME_SHORT,filter_default,50,5.0,2.5,24,20,20,0.65,0.28179586947366553,0.3427447488584475,0.624540618332113,0.3319390600655904,-3.3685474473649606,0.3311314201930313,no
OIL,FUNDING_EXTREME_SHORT,filter_blocked,50,5.0,2.5,24,0,0,,,,,,,,no
OIL,FUNDING_EXTREME_SHORT,filter_off,50,6.0,3.0,24,20,20,0.65,0.28179586947366553,0.3427447488584475,0.624540618332113,0.3319390600655904,-3.3685474473649606,0.3311314201930313,no
OIL,FUNDING_EXTREME_SHORT,filter_default,50,6.0,3.0,24,20,20,0.65,0.28179586947366553,0.3427447488584475,0.624540618332113,0.3319390600655904,-3.3685474473649606,0.3311314201930313,no
OIL,FUNDING_EXTREME_SHORT,filter_blocked,50,6.0,3.0,24,0,0,,,,,,,,no
OIL,FUNDING_EXTREME_SHORT,filter_off,50,3.0,2.0,48,20,20,0.6,-0.005674171583502363,0.47227728310502287,0.4666031115215205,0.3089508629300742,-3.9270090145575285,0.23197804724949408,no
OIL,FUNDING_EXTREME_SHORT,filter_default,50,3.0,2.0,48,20,20,0.6,-0.005674171583502363,0.47227728310502287,0.4666031115215205,0.3089508629300742,-3.9270090145575285,0.23197804724949408,no
OIL,FUNDING_EXTREME_SHORT,filter_blocked,50,3.0,2.0,48,0,0,,,,,,,,no
OIL,FUNDING_EXTREME_SHORT,filter_off,50,4.0,2.5,48,20,20,0.6,0.10926405975143827,0.4886496575342466,0.5979137172856849,0.3089508629300742,-4.1422332267756286,0.24375314658890013,no
OIL,FUNDING_EXTREME_SHORT,filter_default,50,4.0,2.5,48,20,20,0.6,0.10926405975143827,0.4886496575342466,0.5979137172856849,0.3089508629300742,-4.1422332267756286,0.24375314658890013,no
OIL,FUNDING_EXTREME_SHORT,filter_blocked,50,4.0,2.5,48,0,0,,,,,,,,no
OIL,FUNDING_EXTREME_SHORT,filter_off,50,5.0,2.5,48,20,20,0.6,0.12656097016537138,0.49923618721461194,0.6257971573799833,0.3089508629300742,-4.1422332267756286,0.25035794326332456,no
OIL,FUNDING_EXTREME_SHORT,filter_default,50,5.0,2.5,48,20,20,0.6,0.12656097016537138,0.49923618721461194,0.6257971573799833,0.3089508629300742,-4.1422332267756286,0.25035794326332456,no
OIL,FUNDING_EXTREME_SHORT,filter_blocked,50,5.0,2.5,48,0,0,,,,,,,,no
OIL,FUNDING_EXTREME_SHORT,filter_off,50,6.0,3.0,48,20,20,0.6,0.09375648489756805,0.5106543378995434,0.6044108227971116,0.3089508629300742,-4.1422332267756286,0.24535997588043557,no
OIL,FUNDING_EXTREME_SHORT,filter_default,50,6.0,3.0,48,20,20,0.6,0.09375648489756805,0.5106543378995434,0.6044108227971116,0.3089508629300742,-4.1422332267756286,0.24535997588043557,no
OIL,FUNDING_EXTREME_SHORT,filter_blocked,50,6.0,3.0,48,0,0,,,,,,,,no
OIL,FUNDING_EXTREME_SHORT,filter_off,50,3.0,2.0,72,20,20,0.7,1.0624409136024726,0.563642694063927,1.6260836076663996,0.6532712085031708,-3.3685474473649606,0.3893576159066777,no
OIL,FUNDING_EXTREME_SHORT,filter_default,50,3.0,2.0,72,20,20,0.7,1.0624409136024726,0.563642694063927,1.6260836076663996,0.6532712085031708,-3.3685474473649606,0.3893576159066777,no
OIL,FUNDING_EXTREME_SHORT,filter_blocked,50,3.0,2.0,72,0,0,,,,,,,,no
OIL,FUNDING_EXTREME_SHORT,filter_off,50,4.0,2.5,72,20,20,0.75,1.4514245618286814,0.5964656963470321,2.0478902581757135,0.763044386280378,-3.8734628331740435,0.4719894188959908,no
OIL,FUNDING_EXTREME_SHORT,filter_default,50,4.0,2.5,72,20,20,0.75,1.4514245618286814,0.5964656963470321,2.0478902581757135,0.763044386280378,-3.8734628331740435,0.4719894188959908,no
OIL,FUNDING_EXTREME_SHORT,filter_blocked,50,4.0,2.5,72,0,0,,,,,,,,no
OIL,FUNDING_EXTREME_SHORT,filter_off,50,5.0,2.5,72,20,20,0.75,1.459966183212954,0.6287448630136987,2.0887110462266527,0.763044386280378,-3.8734628331740417,0.47877857825970327,no
OIL,FUNDING_EXTREME_SHORT,filter_default,50,5.0,2.5,72,20,20,0.75,1.459966183212954,0.6287448630136987,2.0887110462266527,0.763044386280378,-3.8734628331740417,0.47877857825970327,no
OIL,FUNDING_EXTREME_SHORT,filter_blocked,50,5.0,2.5,72,0,0,,,,,,,,no
OIL,FUNDING_EXTREME_SHORT,filter_off,50,6.0,3.0,72,20,20,0.75,1.3221873450881783,0.6907824771689498,2.012969822257128,0.763044386280378,-3.8734628331740417,0.465560486256655,no
OIL,FUNDING_EXTREME_SHORT,filter_default,50,6.0,3.0,72,20,20,0.75,1.3221873450881783,0.6907824771689498,2.012969822257128,0.763044386280378,-3.8734628331740417,0.465560486256655,no
OIL,FUNDING_EXTREME_SHORT,filter_blocked,50,6.0,3.0,72,0,0,,,,,,,,no
HYPE,FUNDING_EXTREME_LONG,filter_off,10,3.0,2.0,24,35,35,0.4,-0.36645627383159846,0.012918917155903457,-0.35353735667569497,-2.028606364172057,-16.02449095096199,-0.13993408690104478,no
HYPE,FUNDING_EXTREME_LONG,filter_default,10,3.0,2.0,24,26,26,0.34615384615384615,-0.656897461585477,0.01516407622058307,-0.641733385364894,-2.0896039851013177,-19.940719516265528,-0.2573837765358384,no
HYPE,FUNDING_EXTREME_LONG,filter_blocked,10,3.0,2.0,24,9,9,0.5555555555555556,0.47259604634627295,0.006432902080162354,0.4790289484264353,1.3529760893312293,-4.199435230940807,0.1967007083957238,no
HYPE,FUNDING_EXTREME_LONG,filter_off,10,4.0,2.5,24,35,35,0.42857142857142855,-0.2681433700487552,0.01458166992824527,-0.25356170012051,-0.6077477555617062,-11.87117185891936,-0.08884245515264066,no
HYPE,FUNDING_EXTREME_LONG,filter_default,10,4.0,2.5,24,26,26,0.38461538461538464,-0.430158544084069,0.01660194942044257,-0.41355659466362643,-1.0677746235280454,-16.312815783301886,-0.15101317976726256,no
HYPE,FUNDING_EXTREME_LONG,filter_blocked,10,4.0,2.5,24,9,9,0.5555555555555556,0.19990046605326242,0.008745306950786402,0.20864577300404874,1.3529760893312293,-5.168445595096506,0.0669081613760724,no
HYPE,FUNDING_EXTREME_LONG,filter_off,10,5.0,2.5,24,35,35,0.42857142857142855,-0.2334751585915651,0.01423163731245923,-0.2192435212791059,-0.6077477555617062,-11.87117185891936,-0.07465882680565943,no
HYPE,FUNDING_EXTREME_LONG,filter_default,10,5.0,2.5,24,26,26,0.38461538461538464,-0.3747538787365185,0.01683974358974359,-0.3579141351467749,-1.0677746235280454,-16.312815783301886,-0.12589713151143317,no
HYPE,FUNDING_EXTREME_LONG,filter_blocked,10,5.0,2.5,24,9,9,0.5555555555555556,0.1746633662716336,0.006697108066971081,0.1813604743386046,1.3529760893312293,-5.168445595096506,0.05743167242898586,no
HYPE,FUNDING_EXTREME_LONG,filter_off,10,6.0,3.0,24,35,35,0.42857142857142855,-0.42959954642398535,0.015383202870189171,-0.4142163435537962,-0.4770879587674645,-19.131351749529863,-0.13070666150571947,no
HYPE,FUNDING_EXTREME_LONG,filter_default,10,6.0,3.0,24,26,26,0.38461538461538464,-0.7302124494825569,0.017402528977871444,-0.7128099205046855,-1.0677746235280454,-23.166837658268822,-0.21524837187595364,no
HYPE,FUNDING_EXTREME_LONG,filter_blocked,10,6.0,3.0,24,9,9,0.5555555555555556,0.4388377290785549,0.009549594114662609,0.44838732319321745,1.3529760893312293,-4.332658249196097,0.17761456536274553,no
HYPE,FUNDING_EXTREME_LONG,filter_off,10,3.0,2.0,48,35,35,0.34285714285714286,-0.6451156663165307,0.017181474233529028,-0.6279341920830017,-2.1203843547866996,-26.34408891712046,-0.23077992907115086,no
HYPE,FUNDING_EXTREME_LONG,filter_default,10,3.0,2.0,48,26,26,0.3076923076923077,-0.8429700898242627,0.01911318932209343,-0.8238569005021693,-2.124533819831313,-24.675930909834676,-0.30569287189335737,no
HYPE,FUNDING_EXTREME_LONG,filter_blocked,10,3.0,2.0,48,9,9,0.4444444444444444,-0.07353622062752734,0.011600963977676309,-0.06193525664985099,-2.028606364172057,-7.52146491345055,-0.02280331596163788,no
HYPE,FUNDING_EXTREME_LONG,filter_off,10,4.0,2.5,48,35,35,0.4,-0.5504240460736416,0.02071027397260274,-0.5297137721010389,-2.5866752044156156,-23.15900410368556,-0.16122527016213076,no
HYPE,FUNDING_EXTREME_LONG,filter_default,10,4.0,2.5,48,26,26,0.34615384615384615,-0.7901876474403803,0.022282314717246225,-0.7679053327231341,-2.588796594897143,-24.960457568047175,-0.23766470416361182,no
HYPE,FUNDING_EXTREME_LONG,filter_blocked,10,4.0,2.5,48,9,9,0.5555555555555556,0.14222635787471466,0.016168822932521563,0.15839518080723616,0.8692417757928309,-6.232462813208812,0.04736440005190078,no
HYPE,FUNDING_EXTREME_LONG,filter_off,10,5.0,2.5,48,35,35,0.34285714285714286,-0.7496928679323837,0.02080437051532942,-0.7288884974170543,-2.5909179853786704,-28.21453886020201,-0.21652091949789054,no
HYPE,FUNDING_EXTREME_LONG,filter_default,10,5.0,2.5,48,26,26,0.3076923076923077,-0.9381762636162997,0.02301541095890411,-0.9151608526573957,-2.5969432682355826,-26.497623619697386,-0.27054152446854246,no
HYPE,FUNDING_EXTREME_LONG,filter_blocked,10,5.0,2.5,48,9,9,0.4444444444444444,-0.2051852804010706,0.014416920345002538,-0.1907683600560681,-0.22883904109587858,-6.232462813208812,-0.05852748962459639,no
HYPE,FUNDING_EXTREME_LONG,filter_off,10,6.0,3.0,48,35,35,0.3142857142857143,-1.2498934610438877,0.023710632746249186,-1.2261828282976384,-3.1104827957223873,-47.55017871556433,-0.3343844971286418,no
HYPE,FUNDING_EXTREME_LONG,filter_default,10,6.0,3.0,48,26,26,0.3076923076923077,-1.3465468094275406,0.023707762557077627,-1.322839046870463,-3.20453511443547,-39.027594943779036,-0.33490778935654447,no
HYPE,FUNDING_EXTREME_LONG,filter_blocked,10,6.0,3.0,48,9,9,0.3333333333333333,-0.9706726768244454,0.023718924403855913,-0.9469537524205895,-0.27202816754799924,-9.015928710481644,-0.35495180833547196,no
HYPE,FUNDING_EXTREME_LONG,filter_off,10,3.0,2.0,72,35,35,0.3142857142857143,-0.7846526814430512,0.01850446836268754,-0.7661482130803636,-2.1681605464838527,-31.18157965202813,-0.27709782856304016,no
HYPE,FUNDING_EXTREME_LONG,filter_default,10,3.0,2.0,72,26,26,0.3076923076923077,-0.8970748126570146,0.020317219880576044,-0.8767575927764386,-2.1811389864734583,-26.051348908965682,-0.31955132394978997,no
HYPE,FUNDING_EXTREME_LONG,filter_blocked,10,3.0,2.0,72,9,9,0.3333333333333333,-0.45987763571382345,0.013267630644342976,-0.44661000506948045,-2.1681605464838527,-7.52146491345055,-0.15945885126419668,no
HYPE,FUNDING_EXTREME_LONG,filter_off,10,4.0,2.5,72,35,35,0.3142857142857143,-0.9694757676370942,0.022970906718851925,-0.9465048609182423,-2.6029685510924954,-37.74669221228768,-0.2843429804370539,no
HYPE,FUNDING_EXTREME_LONG,filter_default,10,4.0,2.5,72,26,26,0.3076923076923077,-1.0117265810853315,0.023992887249736566,-0.9877336938355951,-2.5969432682355826,-30.675994956971152,-0.3043954319938577,no
HYPE,FUNDING_EXTREME_LONG,filter_blocked,10,4.0,2.5,72,9,9,0.3333333333333333,-0.847417862119964,0.020018518518518522,-0.8273993436014455,-2.8106168529003233,-10.15733873030646,-0.23259904785129337,no
HYPE,FUNDING_EXTREME_LONG,filter_off,10,5.0,2.5,72,35,35,0.2857142857142857,-1.1070260382949013,0.02338078930202218,-1.0836452489928792,-2.6474570768856394,-40.63102516535588,-0.3168516825191532,no
HYPE,FUNDING_EXTREME_LONG,filter_default,10,5.0,2.5,72,26,26,0.2692307692307692,-1.159715197261251,0.02472598349139445,-1.1349892137698565,-2.6252128139890676,-32.21316100862137,-0.33516160614128043,no
HYPE,FUNDING_EXTREME_LONG,filter_blocked,10,5.0,2.5,72,9,9,0.3333333333333333,-0.9548129123921136,0.01949467275494673,-0.935318239637167,-2.8106168529003233,-10.15733873030646,-0.26638027009734294,no
HYPE,FUNDING_EXTREME_LONG,filter_off,10,6.0,3.0,72,35,35,0.2571428571428571,-1.9289281592477192,0.027911513372472278,-1.9010166458752469,-3.2390372856843954,-71.16936233078064,-0.526692219643665,no
HYPE,FUNDING_EXTREME_LONG,filter_default,10,6.0,3.0,72,26,26,0.2692307692307692,-1.8640586875454532,0.02653069020021075,-1.8375279973452425,-3.2297238506667356,-52.4095076561233,-0.4815853810238498,no
HYPE,FUNDING_EXTREME_LONG,filter_blocked,10,6.0,3.0,72,9,9,0.2222222222222222,-2.116328855276487,0.031900558092338924,-2.0844282971841483,-3.322029682509743,-18.759854674657337,-0.7125047269847268,no
HYPE,FUNDING_EXTREME_LONG,filter_off,15,3.0,2.0,24,2,2,0.5,-0.13164528298039158,0.022989726027397264,-0.10865555695299411,-0.10865555695299411,-2.6575843551763763,-0.042627929437937875,no
HYPE,FUNDING_EXTREME_LONG,filter_default,15,3.0,2.0,24,1,1,0.0,-2.6656562729845956,0.008071917808219179,-2.6575843551763763,-2.6575843551763763,-2.6575843551763763,,no
HYPE,FUNDING_EXTREME_LONG,filter_blocked,15,3.0,2.0,24,1,1,1.0,2.4023657070238125,0.03790753424657535,2.440273241270388,2.440273241270388,0.0,,no
HYPE,FUNDING_EXTREME_LONG,filter_off,15,4.0,2.5,24,2,2,0.5,-0.13164528298039158,0.022989726027397264,-0.10865555695299411,-0.10865555695299411,-2.6575843551763763,-0.042627929437937875,no
HYPE,FUNDING_EXTREME_LONG,filter_default,15,4.0,2.5,24,1,1,0.0,-2.6656562729845956,0.008071917808219179,-2.6575843551763763,-2.6575843551763763,-2.6575843551763763,,no
HYPE,FUNDING_EXTREME_LONG,filter_blocked,15,4.0,2.5,24,1,1,1.0,2.4023657070238125,0.03790753424657535,2.440273241270388,2.440273241270388,0.0,,no
HYPE,FUNDING_EXTREME_LONG,filter_off,15,5.0,2.5,24,2,2,0.5,-0.13164528298039158,0.022989726027397264,-0.10865555695299411,-0.10865555695299411,-2.6575843551763763,-0.042627929437937875,no
HYPE,FUNDING_EXTREME_LONG,filter_default,15,5.0,2.5,24,1,1,0.0,-2.6656562729845956,0.008071917808219179,-2.6575843551763763,-2.6575843551763763,-2.6575843551763763,,no
HYPE,FUNDING_EXTREME_LONG,filter_blocked,15,5.0,2.5,24,1,1,1.0,2.4023657070238125,0.03790753424657535,2.440273241270388,2.440273241270388,0.0,,no
HYPE,FUNDING_EXTREME_LONG,filter_off,15,6.0,3.0,24,2,2,1.0,4.496196399678709,0.030097031963470324,4.52629343164218,4.52629343164218,0.0,2.169822445886997,no
HYPE,FUNDING_EXTREME_LONG,filter_default,15,6.0,3.0,24,1,1,1.0,6.590027092333606,0.022286529680365298,6.612313622013971,6.612313622013971,0.0,,no
HYPE,FUNDING_EXTREME_LONG,filter_blocked,15,6.0,3.0,24,1,1,1.0,2.4023657070238125,0.03790753424657535,2.440273241270388,2.440273241270388,0.0,,no
HYPE,FUNDING_EXTREME_LONG,filter_off,15,3.0,2.0,48,2,2,0.5,-1.0616823656464602,0.03798972602739728,-1.0236926396190629,-1.0236926396190629,-2.6575843551763763,-0.6265364037725631,no
HYPE,FUNDING_EXTREME_LONG,filter_default,15,3.0,2.0,48,1,1,0.0,-2.6656562729845956,0.008071917808219179,-2.6575843551763763,-2.6575843551763763,-2.6575843551763763,,no
HYPE,FUNDING_EXTREME_LONG,filter_blocked,15,3.0,2.0,48,1,1,1.0,0.5422915416916751,0.06790753424657538,0.6101990759382505,0.6101990759382505,0.0,,no
HYPE,FUNDING_EXTREME_LONG,filter_off,15,4.0,2.5,48,2,2,0.5,-1.0616823656464602,0.03798972602739728,-1.0236926396190629,-1.0236926396190629,-2.6575843551763763,-0.6265364037725631,no
HYPE,FUNDING_EXTREME_LONG,filter_default,15,4.0,2.5,48,1,1,0.0,-2.6656562729845956,0.008071917808219179,-2.6575843551763763,-2.6575843551763763,-2.6575843551763763,,no
HYPE,FUNDING_EXTREME_LONG,filter_blocked,15,4.0,2.5,48,1,1,1.0,0.5422915416916751,0.06790753424657538,0.6101990759382505,0.6101990759382505,0.0,,no
HYPE,FUNDING_EXTREME_LONG,filter_off,15,5.0,2.5,48,2,2,0.5,-1.0616823656464602,0.03798972602739728,-1.0236926396190629,-1.0236926396190629,-2.6575843551763763,-0.6265364037725631,no
HYPE,FUNDING_EXTREME_LONG,filter_default,15,5.0,2.5,48,1,1,0.0,-2.6656562729845956,0.008071917808219179,-2.6575843551763763,-2.6575843551763763,-2.6575843551763763,,no
HYPE,FUNDING_EXTREME_LONG,filter_blocked,15,5.0,2.5,48,1,1,1.0,0.5422915416916751,0.06790753424657538,0.6101990759382505,0.6101990759382505,0.0,,no
HYPE,FUNDING_EXTREME_LONG,filter_off,15,6.0,3.0,48,2,2,1.0,3.5661593170126404,0.04509703196347034,3.611256348976111,3.611256348976111,0.0,1.2033280342299395,no
HYPE,FUNDING_EXTREME_LONG,filter_default,15,6.0,3.0,48,1,1,1.0,6.590027092333606,0.022286529680365298,6.612313622013971,6.612313622013971,0.0,,no
HYPE,FUNDING_EXTREME_LONG,filter_blocked,15,6.0,3.0,48,1,1,1.0,0.5422915416916751,0.06790753424657538,0.6101990759382505,0.6101990759382505,0.0,,no
HYPE,FUNDING_EXTREME_LONG,filter_off,15,3.0,2.0,72,2,2,0.0,-2.4766647112789144,0.05001027397260277,-2.4266544373063113,-2.4266544373063113,-4.8533088746126225,-10.508185598852082,no
HYPE,FUNDING_EXTREME_LONG,filter_default,15,3.0,2.0,72,1,1,0.0,-2.6656562729845956,0.008071917808219179,-2.6575843551763763,-2.6575843551763763,-2.6575843551763763,,no
HYPE,FUNDING_EXTREME_LONG,filter_blocked,15,3.0,2.0,72,1,1,0.0,-2.2876731495732328,0.09194863013698636,-2.1957245194362462,-2.1957245194362462,-2.1957245194362462,,no
HYPE,FUNDING_EXTREME_LONG,filter_off,15,4.0,2.5,72,2,2,0.0,-2.6028023183358506,0.05126027397260277,-2.5515420443632477,-2.5515420443632477,-5.103084088726495,-24.06154698816083,no
HYPE,FUNDING_EXTREME_LONG,filter_default,15,4.0,2.5,72,1,1,0.0,-2.6656562729845956,0.008071917808219179,-2.6575843551763763,-2.6575843551763763,-2.6575843551763763,,no
HYPE,FUNDING_EXTREME_LONG,filter_blocked,15,4.0,2.5,72,1,1,0.0,-2.5399483636871056,0.09444863013698636,-2.445499733550119,-2.445499733550119,-2.445499733550119,,no
HYPE,FUNDING_EXTREME_LONG,filter_off,15,5.0,2.5,72,2,2,0.0,-2.6028023183358506,0.05126027397260277,-2.5515420443632477,-2.5515420443632477,-5.103084088726495,-24.06154698816083,no
HYPE,FUNDING_EXTREME_LONG,filter_default,15,5.0,2.5,72,1,1,0.0,-2.6656562729845956,0.008071917808219179,-2.6575843551763763,-2.6575843551763763,-2.6575843551763763,,no
HYPE,FUNDING_EXTREME_LONG,filter_blocked,15,5.0,2.5,72,1,1,0.0,-2.5399483636871056,0.09444863013698636,-2.445499733550119,-2.445499733550119,-2.445499733550119,,no
HYPE,FUNDING_EXTREME_LONG,filter_off,15,6.0,3.0,72,2,2,0.5,2.0250393643232503,0.05836757990867583,2.083406944231926,2.083406944231926,-2.445499733550119,0.4600242602597056,no
HYPE,FUNDING_EXTREME_LONG,filter_default,15,6.0,3.0,72,1,1,1.0,6.590027092333606,0.022286529680365298,6.612313622013971,6.612313622013971,0.0,,no
HYPE,FUNDING_EXTREME_LONG,filter_blocked,15,6.0,3.0,72,1,1,0.0,-2.5399483636871056,0.09444863013698636,-2.445499733550119,-2.445499733550119,-2.445499733550119,,no
HYPE,FUNDING_EXTREME_LONG,filter_off,20,3.0,2.0,24,2,2,0.5,-0.13164528298039158,0.022989726027397264,-0.10865555695299411,-0.10865555695299411,-2.6575843551763763,-0.042627929437937875,no
HYPE,FUNDING_EXTREME_LONG,filter_default,20,3.0,2.0,24,1,1,0.0,-2.6656562729845956,0.008071917808219179,-2.6575843551763763,-2.6575843551763763,-2.6575843551763763,,no
HYPE,FUNDING_EXTREME_LONG,filter_blocked,20,3.0,2.0,24,1,1,1.0,2.4023657070238125,0.03790753424657535,2.440273241270388,2.440273241270388,0.0,,no
HYPE,FUNDING_EXTREME_LONG,filter_off,20,4.0,2.5,24,2,2,0.5,-0.13164528298039158,0.022989726027397264,-0.10865555695299411,-0.10865555695299411,-2.6575843551763763,-0.042627929437937875,no
HYPE,FUNDING_EXTREME_LONG,filter_default,20,4.0,2.5,24,1,1,0.0,-2.6656562729845956,0.008071917808219179,-2.6575843551763763,-2.6575843551763763,-2.6575843551763763,,no
HYPE,FUNDING_EXTREME_LONG,filter_blocked,20,4.0,2.5,24,1,1,1.0,2.4023657070238125,0.03790753424657535,2.440273241270388,2.440273241270388,0.0,,no
HYPE,FUNDING_EXTREME_LONG,filter_off,20,5.0,2.5,24,2,2,0.5,-0.13164528298039158,0.022989726027397264,-0.10865555695299411,-0.10865555695299411,-2.6575843551763763,-0.042627929437937875,no
HYPE,FUNDING_EXTREME_LONG,filter_default,20,5.0,2.5,24,1,1,0.0,-2.6656562729845956,0.008071917808219179,-2.6575843551763763,-2.6575843551763763,-2.6575843551763763,,no
HYPE,FUNDING_EXTREME_LONG,filter_blocked,20,5.0,2.5,24,1,1,1.0,2.4023657070238125,0.03790753424657535,2.440273241270388,2.440273241270388,0.0,,no
HYPE,FUNDING_EXTREME_LONG,filter_off,20,6.0,3.0,24,2,2,1.0,4.496196399678709,0.030097031963470324,4.52629343164218,4.52629343164218,0.0,2.169822445886997,no
HYPE,FUNDING_EXTREME_LONG,filter_default,20,6.0,3.0,24,1,1,1.0,6.590027092333606,0.022286529680365298,6.612313622013971,6.612313622013971,0.0,,no
HYPE,FUNDING_EXTREME_LONG,filter_blocked,20,6.0,3.0,24,1,1,1.0,2.4023657070238125,0.03790753424657535,2.440273241270388,2.440273241270388,0.0,,no
HYPE,FUNDING_EXTREME_LONG,filter_off,20,3.0,2.0,48,2,2,0.5,-1.0616823656464602,0.03798972602739728,-1.0236926396190629,-1.0236926396190629,-2.6575843551763763,-0.6265364037725631,no
HYPE,FUNDING_EXTREME_LONG,filter_default,20,3.0,2.0,48,1,1,0.0,-2.6656562729845956,0.008071917808219179,-2.6575843551763763,-2.6575843551763763,-2.6575843551763763,,no
HYPE,FUNDING_EXTREME_LONG,filter_blocked,20,3.0,2.0,48,1,1,1.0,0.5422915416916751,0.06790753424657538,0.6101990759382505,0.6101990759382505,0.0,,no
HYPE,FUNDING_EXTREME_LONG,filter_off,20,4.0,2.5,48,2,2,0.5,-1.0616823656464602,0.03798972602739728,-1.0236926396190629,-1.0236926396190629,-2.6575843551763763,-0.6265364037725631,no
HYPE,FUNDING_EXTREME_LONG,filter_default,20,4.0,2.5,48,1,1,0.0,-2.6656562729845956,0.008071917808219179,-2.6575843551763763,-2.6575843551763763,-2.6575843551763763,,no
HYPE,FUNDING_EXTREME_LONG,filter_blocked,20,4.0,2.5,48,1,1,1.0,0.5422915416916751,0.06790753424657538,0.6101990759382505,0.6101990759382505,0.0,,no
HYPE,FUNDING_EXTREME_LONG,filter_off,20,5.0,2.5,48,2,2,0.5,-1.0616823656464602,0.03798972602739728,-1.0236926396190629,-1.0236926396190629,-2.6575843551763763,-0.6265364037725631,no
HYPE,FUNDING_EXTREME_LONG,filter_default,20,5.0,2.5,48,1,1,0.0,-2.6656562729845956,0.008071917808219179,-2.6575843551763763,-2.6575843551763763,-2.6575843551763763,,no
HYPE,FUNDING_EXTREME_LONG,filter_blocked,20,5.0,2.5,48,1,1,1.0,0.5422915416916751,0.06790753424657538,0.6101990759382505,0.6101990759382505,0.0,,no
HYPE,FUNDING_EXTREME_LONG,filter_off,20,6.0,3.0,48,2,2,1.0,3.5661593170126404,0.04509703196347034,3.611256348976111,3.611256348976111,0.0,1.2033280342299395,no
HYPE,FUNDING_EXTREME_LONG,filter_default,20,6.0,3.0,48,1,1,1.0,6.590027092333606,0.022286529680365298,6.612313622013971,6.612313622013971,0.0,,no
HYPE,FUNDING_EXTREME_LONG,filter_blocked,20,6.0,3.0,48,1,1,1.0,0.5422915416916751,0.06790753424657538,0.6101990759382505,0.6101990759382505,0.0,,no
HYPE,FUNDING_EXTREME_LONG,filter_off,20,3.0,2.0,72,2,2,0.0,-2.4766647112789144,0.05001027397260277,-2.4266544373063113,-2.4266544373063113,-4.8533088746126225,-10.508185598852082,no
HYPE,FUNDING_EXTREME_LONG,filter_default,20,3.0,2.0,72,1,1,0.0,-2.6656562729845956,0.008071917808219179,-2.6575843551763763,-2.6575843551763763,-2.6575843551763763,,no
HYPE,FUNDING_EXTREME_LONG,filter_blocked,20,3.0,2.0,72,1,1,0.0,-2.2876731495732328,0.09194863013698636,-2.1957245194362462,-2.1957245194362462,-2.1957245194362462,,no
HYPE,FUNDING_EXTREME_LONG,filter_off,20,4.0,2.5,72,2,2,0.0,-2.6028023183358506,0.05126027397260277,-2.5515420443632477,-2.5515420443632477,-5.103084088726495,-24.06154698816083,no
HYPE,FUNDING_EXTREME_LONG,filter_default,20,4.0,2.5,72,1,1,0.0,-2.6656562729845956,0.008071917808219179,-2.6575843551763763,-2.6575843551763763,-2.6575843551763763,,no
HYPE,FUNDING_EXTREME_LONG,filter_blocked,20,4.0,2.5,72,1,1,0.0,-2.5399483636871056,0.09444863013698636,-2.445499733550119,-2.445499733550119,-2.445499733550119,,no
HYPE,FUNDING_EXTREME_LONG,filter_off,20,5.0,2.5,72,2,2,0.0,-2.6028023183358506,0.05126027397260277,-2.5515420443632477,-2.5515420443632477,-5.103084088726495,-24.06154698816083,no
HYPE,FUNDING_EXTREME_LONG,filter_default,20,5.0,2.5,72,1,1,0.0,-2.6656562729845956,0.008071917808219179,-2.6575843551763763,-2.6575843551763763,-2.6575843551763763,,no
HYPE,FUNDING_EXTREME_LONG,filter_blocked,20,5.0,2.5,72,1,1,0.0,-2.5399483636871056,0.09444863013698636,-2.445499733550119,-2.445499733550119,-2.445499733550119,,no
HYPE,FUNDING_EXTREME_LONG,filter_off,20,6.0,3.0,72,2,2,0.5,2.0250393643232503,0.05836757990867583,2.083406944231926,2.083406944231926,-2.445499733550119,0.4600242602597056,no
HYPE,FUNDING_EXTREME_LONG,filter_default,20,6.0,3.0,72,1,1,1.0,6.590027092333606,0.022286529680365298,6.612313622013971,6.612313622013971,0.0,,no
HYPE,FUNDING_EXTREME_LONG,filter_blocked,20,6.0,3.0,72,1,1,0.0,-2.5399483636871056,0.09444863013698636,-2.445499733550119,-2.445499733550119,-2.445499733550119,,no
HYPE,FUNDING_EXTREME_LONG,filter_off,30,3.0,2.0,24,1,1,1.0,2.4023657070238125,0.03790753424657535,2.440273241270388,2.440273241270388,0.0,,no
HYPE,FUNDING_EXTREME_LONG,filter_default,30,3.0,2.0,24,0,0,,,,,,,,no
HYPE,FUNDING_EXTREME_LONG,filter_blocked,30,3.0,2.0,24,1,1,1.0,2.4023657070238125,0.03790753424657535,2.440273241270388,2.440273241270388,0.0,,no
HYPE,FUNDING_EXTREME_LONG,filter_off,30,4.0,2.5,24,1,1,1.0,2.4023657070238125,0.03790753424657535,2.440273241270388,2.440273241270388,0.0,,no
HYPE,FUNDING_EXTREME_LONG,filter_default,30,4.0,2.5,24,0,0,,,,,,,,no
HYPE,FUNDING_EXTREME_LONG,filter_blocked,30,4.0,2.5,24,1,1,1.0,2.4023657070238125,0.03790753424657535,2.440273241270388,2.440273241270388,0.0,,no
HYPE,FUNDING_EXTREME_LONG,filter_off,30,5.0,2.5,24,1,1,1.0,2.4023657070238125,0.03790753424657535,2.440273241270388,2.440273241270388,0.0,,no
HYPE,FUNDING_EXTREME_LONG,filter_default,30,5.0,2.5,24,0,0,,,,,,,,no
HYPE,FUNDING_EXTREME_LONG,filter_blocked,30,5.0,2.5,24,1,1,1.0,2.4023657070238125,0.03790753424657535,2.440273241270388,2.440273241270388,0.0,,no
HYPE,FUNDING_EXTREME_LONG,filter_off,30,6.0,3.0,24,1,1,1.0,2.4023657070238125,0.03790753424657535,2.440273241270388,2.440273241270388,0.0,,no
HYPE,FUNDING_EXTREME_LONG,filter_default,30,6.0,3.0,24,0,0,,,,,,,,no
HYPE,FUNDING_EXTREME_LONG,filter_blocked,30,6.0,3.0,24,1,1,1.0,2.4023657070238125,0.03790753424657535,2.440273241270388,2.440273241270388,0.0,,no
HYPE,FUNDING_EXTREME_LONG,filter_off,30,3.0,2.0,48,1,1,1.0,0.5422915416916751,0.06790753424657538,0.6101990759382505,0.6101990759382505,0.0,,no
HYPE,FUNDING_EXTREME_LONG,filter_default,30,3.0,2.0,48,0,0,,,,,,,,no
HYPE,FUNDING_EXTREME_LONG,filter_blocked,30,3.0,2.0,48,1,1,1.0,0.5422915416916751,0.06790753424657538,0.6101990759382505,0.6101990759382505,0.0,,no
HYPE,FUNDING_EXTREME_LONG,filter_off,30,4.0,2.5,48,1,1,1.0,0.5422915416916751,0.06790753424657538,0.6101990759382505,0.6101990759382505,0.0,,no
HYPE,FUNDING_EXTREME_LONG,filter_default,30,4.0,2.5,48,0,0,,,,,,,,no
HYPE,FUNDING_EXTREME_LONG,filter_blocked,30,4.0,2.5,48,1,1,1.0,0.5422915416916751,0.06790753424657538,0.6101990759382505,0.6101990759382505,0.0,,no
HYPE,FUNDING_EXTREME_LONG,filter_off,30,5.0,2.5,48,1,1,1.0,0.5422915416916751,0.06790753424657538,0.6101990759382505,0.6101990759382505,0.0,,no
HYPE,FUNDING_EXTREME_LONG,filter_default,30,5.0,2.5,48,0,0,,,,,,,,no
HYPE,FUNDING_EXTREME_LONG,filter_blocked,30,5.0,2.5,48,1,1,1.0,0.5422915416916751,0.06790753424657538,0.6101990759382505,0.6101990759382505,0.0,,no
HYPE,FUNDING_EXTREME_LONG,filter_off,30,6.0,3.0,48,1,1,1.0,0.5422915416916751,0.06790753424657538,0.6101990759382505,0.6101990759382505,0.0,,no
HYPE,FUNDING_EXTREME_LONG,filter_default,30,6.0,3.0,48,0,0,,,,,,,,no
HYPE,FUNDING_EXTREME_LONG,filter_blocked,30,6.0,3.0,48,1,1,1.0,0.5422915416916751,0.06790753424657538,0.6101990759382505,0.6101990759382505,0.0,,no
HYPE,FUNDING_EXTREME_LONG,filter_off,30,3.0,2.0,72,1,1,0.0,-2.2876731495732328,0.09194863013698636,-2.1957245194362462,-2.1957245194362462,-2.1957245194362462,,no
HYPE,FUNDING_EXTREME_LONG,filter_default,30,3.0,2.0,72,0,0,,,,,,,,no
HYPE,FUNDING_EXTREME_LONG,filter_blocked,30,3.0,2.0,72,1,1,0.0,-2.2876731495732328,0.09194863013698636,-2.1957245194362462,-2.1957245194362462,-2.1957245194362462,,no
HYPE,FUNDING_EXTREME_LONG,filter_off,30,4.0,2.5,72,1,1,0.0,-2.5399483636871056,0.09444863013698636,-2.445499733550119,-2.445499733550119,-2.445499733550119,,no
HYPE,FUNDING_EXTREME_LONG,filter_default,30,4.0,2.5,72,0,0,,,,,,,,no
HYPE,FUNDING_EXTREME_LONG,filter_blocked,30,4.0,2.5,72,1,1,0.0,-2.5399483636871056,0.09444863013698636,-2.445499733550119,-2.445499733550119,-2.445499733550119,,no
HYPE,FUNDING_EXTREME_LONG,filter_off,30,5.0,2.5,72,1,1,0.0,-2.5399483636871056,0.09444863013698636,-2.445499733550119,-2.445499733550119,-2.445499733550119,,no
HYPE,FUNDING_EXTREME_LONG,filter_default,30,5.0,2.5,72,0,0,,,,,,,,no
HYPE,FUNDING_EXTREME_LONG,filter_blocked,30,5.0,2.5,72,1,1,0.0,-2.5399483636871056,0.09444863013698636,-2.445499733550119,-2.445499733550119,-2.445499733550119,,no
HYPE,FUNDING_EXTREME_LONG,filter_off,30,6.0,3.0,72,1,1,0.0,-2.5399483636871056,0.09444863013698636,-2.445499733550119,-2.445499733550119,-2.445499733550119,,no
HYPE,FUNDING_EXTREME_LONG,filter_default,30,6.0,3.0,72,0,0,,,,,,,,no
HYPE,FUNDING_EXTREME_LONG,filter_blocked,30,6.0,3.0,72,1,1,0.0,-2.5399483636871056,0.09444863013698636,-2.445499733550119,-2.445499733550119,-2.445499733550119,,no
HYPE,FUNDING_EXTREME_LONG,filter_off,50,3.0,2.0,24,1,1,1.0,2.4023657070238125,0.03790753424657535,2.440273241270388,2.440273241270388,0.0,,no
HYPE,FUNDING_EXTREME_LONG,filter_default,50,3.0,2.0,24,0,0,,,,,,,,no
HYPE,FUNDING_EXTREME_LONG,filter_blocked,50,3.0,2.0,24,1,1,1.0,2.4023657070238125,0.03790753424657535,2.440273241270388,2.440273241270388,0.0,,no
HYPE,FUNDING_EXTREME_LONG,filter_off,50,4.0,2.5,24,1,1,1.0,2.4023657070238125,0.03790753424657535,2.440273241270388,2.440273241270388,0.0,,no
HYPE,FUNDING_EXTREME_LONG,filter_default,50,4.0,2.5,24,0,0,,,,,,,,no
HYPE,FUNDING_EXTREME_LONG,filter_blocked,50,4.0,2.5,24,1,1,1.0,2.4023657070238125,0.03790753424657535,2.440273241270388,2.440273241270388,0.0,,no
HYPE,FUNDING_EXTREME_LONG,filter_off,50,5.0,2.5,24,1,1,1.0,2.4023657070238125,0.03790753424657535,2.440273241270388,2.440273241270388,0.0,,no
HYPE,FUNDING_EXTREME_LONG,filter_default,50,5.0,2.5,24,0,0,,,,,,,,no
HYPE,FUNDING_EXTREME_LONG,filter_blocked,50,5.0,2.5,24,1,1,1.0,2.4023657070238125,0.03790753424657535,2.440273241270388,2.440273241270388,0.0,,no
HYPE,FUNDING_EXTREME_LONG,filter_off,50,6.0,3.0,24,1,1,1.0,2.4023657070238125,0.03790753424657535,2.440273241270388,2.440273241270388,0.0,,no
HYPE,FUNDING_EXTREME_LONG,filter_default,50,6.0,3.0,24,0,0,,,,,,,,no
HYPE,FUNDING_EXTREME_LONG,filter_blocked,50,6.0,3.0,24,1,1,1.0,2.4023657070238125,0.03790753424657535,2.440273241270388,2.440273241270388,0.0,,no
HYPE,FUNDING_EXTREME_LONG,filter_off,50,3.0,2.0,48,1,1,1.0,0.5422915416916751,0.06790753424657538,0.6101990759382505,0.6101990759382505,0.0,,no
HYPE,FUNDING_EXTREME_LONG,filter_default,50,3.0,2.0,48,0,0,,,,,,,,no
HYPE,FUNDING_EXTREME_LONG,filter_blocked,50,3.0,2.0,48,1,1,1.0,0.5422915416916751,0.06790753424657538,0.6101990759382505,0.6101990759382505,0.0,,no
HYPE,FUNDING_EXTREME_LONG,filter_off,50,4.0,2.5,48,1,1,1.0,0.5422915416916751,0.06790753424657538,0.6101990759382505,0.6101990759382505,0.0,,no
HYPE,FUNDING_EXTREME_LONG,filter_default,50,4.0,2.5,48,0,0,,,,,,,,no
HYPE,FUNDING_EXTREME_LONG,filter_blocked,50,4.0,2.5,48,1,1,1.0,0.5422915416916751,0.06790753424657538,0.6101990759382505,0.6101990759382505,0.0,,no
HYPE,FUNDING_EXTREME_LONG,filter_off,50,5.0,2.5,48,1,1,1.0,0.5422915416916751,0.06790753424657538,0.6101990759382505,0.6101990759382505,0.0,,no
HYPE,FUNDING_EXTREME_LONG,filter_default,50,5.0,2.5,48,0,0,,,,,,,,no
HYPE,FUNDING_EXTREME_LONG,filter_blocked,50,5.0,2.5,48,1,1,1.0,0.5422915416916751,0.06790753424657538,0.6101990759382505,0.6101990759382505,0.0,,no
HYPE,FUNDING_EXTREME_LONG,filter_off,50,6.0,3.0,48,1,1,1.0,0.5422915416916751,0.06790753424657538,0.6101990759382505,0.6101990759382505,0.0,,no
HYPE,FUNDING_EXTREME_LONG,filter_default,50,6.0,3.0,48,0,0,,,,,,,,no
HYPE,FUNDING_EXTREME_LONG,filter_blocked,50,6.0,3.0,48,1,1,1.0,0.5422915416916751,0.06790753424657538,0.6101990759382505,0.6101990759382505,0.0,,no
HYPE,FUNDING_EXTREME_LONG,filter_off,50,3.0,2.0,72,1,1,0.0,-2.2876731495732328,0.09194863013698636,-2.1957245194362462,-2.1957245194362462,-2.1957245194362462,,no
HYPE,FUNDING_EXTREME_LONG,filter_default,50,3.0,2.0,72,0,0,,,,,,,,no
HYPE,FUNDING_EXTREME_LONG,filter_blocked,50,3.0,2.0,72,1,1,0.0,-2.2876731495732328,0.09194863013698636,-2.1957245194362462,-2.1957245194362462,-2.1957245194362462,,no
HYPE,FUNDING_EXTREME_LONG,filter_off,50,4.0,2.5,72,1,1,0.0,-2.5399483636871056,0.09444863013698636,-2.445499733550119,-2.445499733550119,-2.445499733550119,,no
HYPE,FUNDING_EXTREME_LONG,filter_default,50,4.0,2.5,72,0,0,,,,,,,,no
HYPE,FUNDING_EXTREME_LONG,filter_blocked,50,4.0,2.5,72,1,1,0.0,-2.5399483636871056,0.09444863013698636,-2.445499733550119,-2.445499733550119,-2.445499733550119,,no
HYPE,FUNDING_EXTREME_LONG,filter_off,50,5.0,2.5,72,1,1,0.0,-2.5399483636871056,0.09444863013698636,-2.445499733550119,-2.445499733550119,-2.445499733550119,,no
HYPE,FUNDING_EXTREME_LONG,filter_default,50,5.0,2.5,72,0,0,,,,,,,,no
HYPE,FUNDING_EXTREME_LONG,filter_blocked,50,5.0,2.5,72,1,1,0.0,-2.5399483636871056,0.09444863013698636,-2.445499733550119,-2.445499733550119,-2.445499733550119,,no
HYPE,FUNDING_EXTREME_LONG,filter_off,50,6.0,3.0,72,1,1,0.0,-2.5399483636871056,0.09444863013698636,-2.445499733550119,-2.445499733550119,-2.445499733550119,,no
HYPE,FUNDING_EXTREME_LONG,filter_default,50,6.0,3.0,72,0,0,,,,,,,,no
HYPE,FUNDING_EXTREME_LONG,filter_blocked,50,6.0,3.0,72,1,1,0.0,-2.5399483636871056,0.09444863013698636,-2.445499733550119,-2.445499733550119,-2.445499733550119,,no
HYPE,FUNDING_EXTREME_SHORT,filter_off,10,3.0,2.0,24,13,13,0.5384615384615384,0.1971586268550882,0.004039515279241308,0.20119814213432952,0.4792438806971488,-8.581313593849151,0.07920165556338173,yes
HYPE,FUNDING_EXTREME_SHORT,filter_default,10,3.0,2.0,24,13,13,0.5384615384615384,0.1971586268550882,0.004039515279241308,0.20119814213432952,0.4792438806971488,-8.581313593849151,0.07920165556338173,yes
HYPE,FUNDING_EXTREME_SHORT,filter_blocked,10,3.0,2.0,24,0,0,,,,,,,,yes
HYPE,FUNDING_EXTREME_SHORT,filter_off,10,4.0,2.5,24,13,13,0.5384615384615384,0.256217373938701,0.0024674218475588356,0.25868479578625986,0.4792438806971488,-8.581313593849151,0.08824954145376868,yes
HYPE,FUNDING_EXTREME_SHORT,filter_default,10,4.0,2.5,24,13,13,0.5384615384615384,0.256217373938701,0.0024674218475588356,0.25868479578625986,0.4792438806971488,-8.581313593849151,0.08824954145376868,yes
HYPE,FUNDING_EXTREME_SHORT,filter_blocked,10,4.0,2.5,24,0,0,,,,,,,,yes
HYPE,FUNDING_EXTREME_SHORT,filter_off,10,5.0,2.5,24,13,13,0.5384615384615384,0.29973411033889463,0.0017975061468212164,0.30153161648571586,0.4792438806971488,-8.581313593849151,0.09973777910138455,yes
HYPE,FUNDING_EXTREME_SHORT,filter_default,10,5.0,2.5,24,13,13,0.5384615384615384,0.29973411033889463,0.0017975061468212164,0.30153161648571586,0.4792438806971488,-8.581313593849151,0.09973777910138455,yes
HYPE,FUNDING_EXTREME_SHORT,filter_blocked,10,5.0,2.5,24,0,0,,,,,,,,yes
HYPE,FUNDING_EXTREME_SHORT,filter_off,10,6.0,3.0,24,13,13,0.5384615384615384,0.1416705866030522,0.0014723393045310861,0.14314292590758326,0.4792438806971488,-10.950959344589899,0.0434643174432628,yes
HYPE,FUNDING_EXTREME_SHORT,filter_default,10,6.0,3.0,24,13,13,0.5384615384615384,0.1416705866030522,0.0014723393045310861,0.14314292590758326,0.4792438806971488,-10.950959344589899,0.0434643174432628,yes
HYPE,FUNDING_EXTREME_SHORT,filter_blocked,10,6.0,3.0,24,0,0,,,,,,,,yes
HYPE,FUNDING_EXTREME_SHORT,filter_off,10,3.0,2.0,48,13,13,0.5384615384615384,0.6119234208484976,-0.0010251141552511396,0.6108983066932465,1.280688783127966,-8.581313593849151,0.21232526652163677,yes
HYPE,FUNDING_EXTREME_SHORT,filter_default,10,3.0,2.0,48,13,13,0.5384615384615384,0.6119234208484976,-0.0010251141552511396,0.6108983066932465,1.280688783127966,-8.581313593849151,0.21232526652163677,yes
HYPE,FUNDING_EXTREME_SHORT,filter_blocked,10,3.0,2.0,48,0,0,,,,,,,,yes
HYPE,FUNDING_EXTREME_SHORT,filter_off,10,4.0,2.5,48,13,13,0.5384615384615384,1.092015813341659,-0.003413593256059007,1.0886022200856,1.280688783127966,-8.581313593849151,0.2988794336392048,yes
HYPE,FUNDING_EXTREME_SHORT,filter_default,10,4.0,2.5,48,13,13,0.5384615384615384,1.092015813341659,-0.003413593256059007,1.0886022200856,1.280688783127966,-8.581313593849151,0.2988794336392048,yes
HYPE,FUNDING_EXTREME_SHORT,filter_blocked,10,4.0,2.5,48,0,0,,,,,,,,yes
HYPE,FUNDING_EXTREME_SHORT,filter_off,10,5.0,2.5,48,13,13,0.5384615384615384,1.2055000486206797,-0.003925184404636458,1.201574864216043,1.280688783127966,-8.581313593849153,0.3144837351800697,yes
HYPE,FUNDING_EXTREME_SHORT,filter_default,10,5.0,2.5,48,13,13,0.5384615384615384,1.2055000486206797,-0.003925184404636458,1.201574864216043,1.280688783127966,-8.581313593849153,0.3144837351800697,yes
HYPE,FUNDING_EXTREME_SHORT,filter_blocked,10,5.0,2.5,48,0,0,,,,,,,,yes
HYPE,FUNDING_EXTREME_SHORT,filter_off,10,6.0,3.0,48,13,13,0.5384615384615384,0.9799489319113752,-0.0052588689848963805,0.9746900629264788,1.280688783127966,-12.477986974205127,0.22226684323776047,yes
HYPE,FUNDING_EXTREME_SHORT,filter_default,10,6.0,3.0,48,13,13,0.5384615384615384,0.9799489319113752,-0.0052588689848963805,0.9746900629264788,1.280688783127966,-12.477986974205127,0.22226684323776047,yes
HYPE,FUNDING_EXTREME_SHORT,filter_blocked,10,6.0,3.0,48,0,0,,,,,,,,yes
HYPE,FUNDING_EXTREME_SHORT,filter_off,10,3.0,2.0,72,13,13,0.6153846153846154,0.9545928037011477,-0.004617140850017559,0.9499756628511302,3.022477943683495,-8.581313593849151,0.328661046217706,yes
HYPE,FUNDING_EXTREME_SHORT,filter_default,10,3.0,2.0,72,13,13,0.6153846153846154,0.9545928037011477,-0.004617140850017559,0.9499756628511302,3.022477943683495,-8.581313593849151,0.328661046217706,yes
HYPE,FUNDING_EXTREME_SHORT,filter_blocked,10,3.0,2.0,72,0,0,,,,,,,,yes
HYPE,FUNDING_EXTREME_SHORT,filter_off,10,4.0,2.5,72,13,13,0.6153846153846154,1.4251961705429554,-0.0073902353354408125,1.4178059352075145,2.8941206102158956,-8.581313593849151,0.3934042311248678,yes
HYPE,FUNDING_EXTREME_SHORT,filter_default,10,4.0,2.5,72,13,13,0.6153846153846154,1.4251961705429554,-0.0073902353354408125,1.4178059352075145,2.8941206102158956,-8.581313593849151,0.3934042311248678,yes
HYPE,FUNDING_EXTREME_SHORT,filter_blocked,10,4.0,2.5,72,0,0,,,,,,,,yes
HYPE,FUNDING_EXTREME_SHORT,filter_off,10,5.0,2.5,72,13,13,0.6153846153846154,1.5788902765481283,-0.009370302072356866,1.5695199744757713,2.8941206102158956,-8.581313593849151,0.41442026193308223,yes
HYPE,FUNDING_EXTREME_SHORT,filter_default,10,5.0,2.5,72,13,13,0.6153846153846154,1.5788902765481283,-0.009370302072356866,1.5695199744757713,2.8941206102158956,-8.581313593849151,0.41442026193308223,yes
HYPE,FUNDING_EXTREME_SHORT,filter_blocked,10,5.0,2.5,72,0,0,,,,,,,,yes
HYPE,FUNDING_EXTREME_SHORT,filter_off,10,6.0,3.0,72,13,13,0.6153846153846154,1.3259684862714305,-0.011496224095539163,1.3144722621758913,1.913150356489113,-12.47798697420513,0.3007787704722869,yes
HYPE,FUNDING_EXTREME_SHORT,filter_default,10,6.0,3.0,72,13,13,0.6153846153846154,1.3259684862714305,-0.011496224095539163,1.3144722621758913,1.913150356489113,-12.47798697420513,0.3007787704722869,yes
HYPE,FUNDING_EXTREME_SHORT,filter_blocked,10,6.0,3.0,72,0,0,,,,,,,,yes
HYPE,FUNDING_EXTREME_SHORT,filter_off,15,3.0,2.0,24,11,11,0.45454545454545453,-0.2603330312871168,0.0069510170195101716,-0.2533820142676066,-0.4521638335058823,-8.581313593849151,-0.10219932185358808,yes
HYPE,FUNDING_EXTREME_SHORT,filter_default,15,3.0,2.0,24,11,11,0.45454545454545453,-0.2603330312871168,0.0069510170195101716,-0.2533820142676066,-0.4521638335058823,-8.581313593849151,-0.10219932185358808,yes
HYPE,FUNDING_EXTREME_SHORT,filter_blocked,15,3.0,2.0,24,0,0,,,,,,,,yes
HYPE,FUNDING_EXTREME_SHORT,filter_off,15,4.0,2.5,24,11,11,0.45454545454545453,-0.2611480212690753,0.005527293482772936,-0.2556207277863024,-0.4521638335058823,-8.581313593849151,-0.08953905916613689,yes
HYPE,FUNDING_EXTREME_SHORT,filter_default,15,4.0,2.5,24,11,11,0.45454545454545453,-0.2611480212690753,0.005527293482772936,-0.2556207277863024,-0.4521638335058823,-8.581313593849151,-0.08953905916613689,yes
HYPE,FUNDING_EXTREME_SHORT,filter_blocked,15,4.0,2.5,24,0,0,,,,,,,,yes
HYPE,FUNDING_EXTREME_SHORT,filter_off,15,5.0,2.5,24,11,11,0.45454545454545453,-0.1704904337108429,0.00529856787048568,-0.16519186584035722,-0.4521638335058823,-8.581313593849151,-0.054486812615297024,yes
HYPE,FUNDING_EXTREME_SHORT,filter_default,15,5.0,2.5,24,11,11,0.45454545454545453,-0.1704904337108429,0.00529856787048568,-0.16519186584035722,-0.4521638335058823,-8.581313593849151,-0.054486812615297024,yes
HYPE,FUNDING_EXTREME_SHORT,filter_blocked,15,5.0,2.5,24,0,0,,,,,,,,yes
HYPE,FUNDING_EXTREME_SHORT,filter_off,15,6.0,3.0,24,11,11,0.45454545454545453,-0.35729277994411124,0.004914279784142799,-0.35237850015996847,-0.4521638335058823,-10.950959344589899,-0.10611181235025094,yes
HYPE,FUNDING_EXTREME_SHORT,filter_default,15,6.0,3.0,24,11,11,0.45454545454545453,-0.35729277994411124,0.004914279784142799,-0.35237850015996847,-0.4521638335058823,-10.950959344589899,-0.10611181235025094,yes
HYPE,FUNDING_EXTREME_SHORT,filter_blocked,15,6.0,3.0,24,0,0,,,,,,,,yes
HYPE,FUNDING_EXTREME_SHORT,filter_off,15,3.0,2.0,48,11,11,0.45454545454545453,0.060751744384620915,0.0016722706517227088,0.06242401503634364,-1.2619599044408973,-8.581313593849151,0.02231238094036111,yes
HYPE,FUNDING_EXTREME_SHORT,filter_default,15,3.0,2.0,48,11,11,0.45454545454545453,0.060751744384620915,0.0016722706517227088,0.06242401503634364,-1.2619599044408973,-8.581313593849151,0.02231238094036111,yes
HYPE,FUNDING_EXTREME_SHORT,filter_blocked,15,3.0,2.0,48,0,0,,,,,,,,yes
HYPE,FUNDING_EXTREME_SHORT,filter_off,15,4.0,2.5,48,11,11,0.45454545454545453,0.35505679126610623,-0.00043233706932336826,0.3546244541967828,-1.2619599044408973,-8.581313593849151,0.10209807004090633,yes
HYPE,FUNDING_EXTREME_SHORT,filter_default,15,4.0,2.5,48,11,11,0.45454545454545453,0.35505679126610623,-0.00043233706932336826,0.3546244541967828,-1.2619599044408973,-8.581313593849151,0.10209807004090633,yes
HYPE,FUNDING_EXTREME_SHORT,filter_blocked,15,4.0,2.5,48,0,0,,,,,,,,yes
HYPE,FUNDING_EXTREME_SHORT,filter_off,15,5.0,2.5,48,11,11,0.45454545454545453,0.40217907439978684,0.0002328767123287696,0.40241195111211553,-1.2619599044408973,-8.581313593849151,0.11125264320216265,yes
HYPE,FUNDING_EXTREME_SHORT,filter_default,15,5.0,2.5,48,11,11,0.45454545454545453,0.40217907439978684,0.0002328767123287696,0.40241195111211553,-1.2619599044408973,-8.581313593849151,0.11125264320216265,yes
HYPE,FUNDING_EXTREME_SHORT,filter_blocked,15,5.0,2.5,48,0,0,,,,,,,,yes
HYPE,FUNDING_EXTREME_SHORT,filter_off,15,6.0,3.0,48,11,11,0.45454545454545453,-0.04245002934935416,-0.0005670402656704001,-0.0430170696150246,-1.2619599044408973,-12.477986974205129,-0.010759861209469042,yes
HYPE,FUNDING_EXTREME_SHORT,filter_default,15,6.0,3.0,48,11,11,0.45454545454545453,-0.04245002934935416,-0.0005670402656704001,-0.0430170696150246,-1.2619599044408973,-12.477986974205129,-0.010759861209469042,yes
HYPE,FUNDING_EXTREME_SHORT,filter_blocked,15,6.0,3.0,48,0,0,,,,,,,,yes
HYPE,FUNDING_EXTREME_SHORT,filter_off,15,3.0,2.0,72,11,11,0.5454545454545454,0.46572465139229835,-0.0025728518057285153,0.4631517995865699,1.4042565650560621,-8.581313593849151,0.16044800509844767,yes
HYPE,FUNDING_EXTREME_SHORT,filter_default,15,3.0,2.0,72,11,11,0.5454545454545454,0.46572465139229835,-0.0025728518057285153,0.4631517995865699,1.4042565650560621,-8.581313593849151,0.16044800509844767,yes
HYPE,FUNDING_EXTREME_SHORT,filter_blocked,15,3.0,2.0,72,0,0,,,,,,,,yes
HYPE,FUNDING_EXTREME_SHORT,filter_off,15,4.0,2.5,72,11,11,0.5454545454545454,0.7488153952312746,-0.005132004981320047,0.7436833902499546,1.4042565650560621,-8.581313593849151,0.21218816687724223,yes
HYPE,FUNDING_EXTREME_SHORT,filter_default,15,4.0,2.5,72,11,11,0.5454545454545454,0.7488153952312746,-0.005132004981320047,0.7436833902499546,1.4042565650560621,-8.581313593849151,0.21218816687724223,yes
HYPE,FUNDING_EXTREME_SHORT,filter_blocked,15,4.0,2.5,72,0,0,,,,,,,,yes
HYPE,FUNDING_EXTREME_SHORT,filter_off,15,5.0,2.5,72,11,11,0.5454545454545454,0.8434584346776807,-0.006202262349522621,0.8372561723281581,1.4042565650560621,-8.581313593849151,0.22831269450905128,yes
HYPE,FUNDING_EXTREME_SHORT,filter_default,15,5.0,2.5,72,11,11,0.5454545454545454,0.8434584346776807,-0.006202262349522621,0.8372561723281581,1.4042565650560621,-8.581313593849151,0.22831269450905128,yes
HYPE,FUNDING_EXTREME_SHORT,filter_blocked,15,5.0,2.5,72,0,0,,,,,,,,yes
HYPE,FUNDING_EXTREME_SHORT,filter_off,15,6.0,3.0,72,11,11,0.5454545454545454,0.3664821712579839,-0.007938459941884596,0.3585437113160993,1.4042565650560621,-12.477986974205129,0.08794616498569204,yes
HYPE,FUNDING_EXTREME_SHORT,filter_default,15,6.0,3.0,72,11,11,0.5454545454545454,0.3664821712579839,-0.007938459941884596,0.3585437113160993,1.4042565650560621,-12.477986974205129,0.08794616498569204,yes
HYPE,FUNDING_EXTREME_SHORT,filter_blocked,15,6.0,3.0,72,0,0,,,,,,,,yes
HYPE,FUNDING_EXTREME_SHORT,filter_off,20,3.0,2.0,24,8,8,0.375,-0.8200852815541226,0.012262699771689499,-0.8078225817824332,-2.2582614743997445,-9.88483926770507,-0.3252263327525238,yes
HYPE,FUNDING_EXTREME_SHORT,filter_default,20,3.0,2.0,24,8,8,0.375,-0.8200852815541226,0.012262699771689499,-0.8078225817824332,-2.2582614743997445,-9.88483926770507,-0.3252263327525238,yes
HYPE,FUNDING_EXTREME_SHORT,filter_blocked,20,3.0,2.0,24,0,0,,,,,,,,yes
HYPE,FUNDING_EXTREME_SHORT,filter_off,20,4.0,2.5,24,8,8,0.375,-0.9033970113037457,0.0107738299086758,-0.8926231813950698,-2.6166102263837745,-10.80699067118991,-0.3130217008053149,yes
HYPE,FUNDING_EXTREME_SHORT,filter_default,20,4.0,2.5,24,8,8,0.375,-0.9033970113037457,0.0107738299086758,-0.8926231813950698,-2.6166102263837745,-10.80699067118991,-0.3130217008053149,yes
HYPE,FUNDING_EXTREME_SHORT,filter_blocked,20,4.0,2.5,24,0,0,,,,,,,,yes
HYPE,FUNDING_EXTREME_SHORT,filter_off,20,5.0,2.5,24,8,8,0.375,-0.9827097585728986,0.010771832191780824,-0.9719379263811179,-2.6166102263837745,-10.806990671189912,-0.3602345020318736,yes
HYPE,FUNDING_EXTREME_SHORT,filter_default,20,5.0,2.5,24,8,8,0.375,-0.9827097585728986,0.010771832191780824,-0.9719379263811179,-2.6166102263837745,-10.806990671189912,-0.3602345020318736,yes
HYPE,FUNDING_EXTREME_SHORT,filter_blocked,20,5.0,2.5,24,0,0,,,,,,,,yes
HYPE,FUNDING_EXTREME_SHORT,filter_off,20,6.0,3.0,24,8,8,0.375,-1.2785433312967704,0.010399686073059362,-1.2681436452237111,-2.849922208578673,-13.176636421930656,-0.42745669503422395,yes
HYPE,FUNDING_EXTREME_SHORT,filter_default,20,6.0,3.0,24,8,8,0.375,-1.2785433312967704,0.010399686073059362,-1.2681436452237111,-2.849922208578673,-13.176636421930656,-0.42745669503422395,yes
HYPE,FUNDING_EXTREME_SHORT,filter_blocked,20,6.0,3.0,24,0,0,,,,,,,,yes
HYPE,FUNDING_EXTREME_SHORT,filter_off,20,3.0,2.0,48,8,8,0.375,-0.6141273617805421,0.00857990867579909,-0.6055474531047429,-2.2582614743997445,-9.34592406730206,-0.22408904850048952,yes
HYPE,FUNDING_EXTREME_SHORT,filter_default,20,3.0,2.0,48,8,8,0.375,-0.6141273617805421,0.00857990867579909,-0.6055474531047429,-2.2582614743997445,-9.34592406730206,-0.22408904850048952,yes
HYPE,FUNDING_EXTREME_SHORT,filter_blocked,20,3.0,2.0,48,0,0,,,,,,,,yes
HYPE,FUNDING_EXTREME_SHORT,filter_off,20,4.0,2.5,48,8,8,0.375,-0.5342304147006136,0.005684788812785391,-0.5285456258878283,-2.6166102263837745,-10.268075470786899,-0.16133976295211755,yes
HYPE,FUNDING_EXTREME_SHORT,filter_default,20,4.0,2.5,48,8,8,0.375,-0.5342304147006136,0.005684788812785391,-0.5285456258878283,-2.6166102263837745,-10.268075470786899,-0.16133976295211755,yes
HYPE,FUNDING_EXTREME_SHORT,filter_blocked,20,4.0,2.5,48,0,0,,,,,,,,yes
HYPE,FUNDING_EXTREME_SHORT,filter_off,20,5.0,2.5,48,8,8,0.375,-0.6734042055535252,0.006911957762557081,-0.6664922477909683,-2.6166102263837745,-10.268075470786899,-0.21146097890698376,yes
HYPE,FUNDING_EXTREME_SHORT,filter_default,20,5.0,2.5,48,8,8,0.375,-0.6734042055535252,0.006911957762557081,-0.6664922477909683,-2.6166102263837745,-10.268075470786899,-0.21146097890698376,yes
HYPE,FUNDING_EXTREME_SHORT,filter_blocked,20,5.0,2.5,48,0,0,,,,,,,,yes
HYPE,FUNDING_EXTREME_SHORT,filter_off,20,6.0,3.0,48,8,8,0.375,-1.5698605668840058,0.005122431506849318,-1.5647381353771563,-3.0761260593018385,-14.164748851142875,-0.5456604058468767,yes
HYPE,FUNDING_EXTREME_SHORT,filter_default,20,6.0,3.0,48,8,8,0.375,-1.5698605668840058,0.005122431506849318,-1.5647381353771563,-3.0761260593018385,-14.164748851142875,-0.5456604058468767,yes
HYPE,FUNDING_EXTREME_SHORT,filter_blocked,20,6.0,3.0,48,0,0,,,,,,,,yes
HYPE,FUNDING_EXTREME_SHORT,filter_off,20,3.0,2.0,72,8,8,0.375,-0.59477513903953,0.004673658675799091,-0.590101480363731,-2.2582614743997445,-9.222356285373962,-0.21748234119838708,yes
HYPE,FUNDING_EXTREME_SHORT,filter_default,20,3.0,2.0,72,8,8,0.375,-0.59477513903953,0.004673658675799091,-0.590101480363731,-2.2582614743997445,-9.222356285373962,-0.21748234119838708,yes
HYPE,FUNDING_EXTREME_SHORT,filter_blocked,20,3.0,2.0,72,0,0,,,,,,,,yes
HYPE,FUNDING_EXTREME_SHORT,filter_off,20,4.0,2.5,72,8,8,0.375,-0.5148781919596015,0.0017785388127853925,-0.5130996531468162,-2.6166102263837745,-10.144507688858802,-0.15620650114804474,yes
HYPE,FUNDING_EXTREME_SHORT,filter_default,20,4.0,2.5,72,8,8,0.375,-0.5148781919596015,0.0017785388127853925,-0.5130996531468162,-2.6166102263837745,-10.144507688858802,-0.15620650114804474,yes
HYPE,FUNDING_EXTREME_SHORT,filter_blocked,20,4.0,2.5,72,0,0,,,,,,,,yes
HYPE,FUNDING_EXTREME_SHORT,filter_off,20,5.0,2.5,72,8,8,0.375,-0.5887109428825157,0.0006194349315068535,-0.588091507951009,-2.6166102263837745,-10.144507688858802,-0.18212287840806626,yes
HYPE,FUNDING_EXTREME_SHORT,filter_default,20,5.0,2.5,72,8,8,0.375,-0.5887109428825157,0.0006194349315068535,-0.588091507951009,-2.6166102263837745,-10.144507688858802,-0.18212287840806626,yes
HYPE,FUNDING_EXTREME_SHORT,filter_blocked,20,5.0,2.5,72,0,0,,,,,,,,yes
HYPE,FUNDING_EXTREME_SHORT,filter_off,20,6.0,3.0,72,8,8,0.375,-1.5296446487600104,-0.002457477168949767,-1.5321021259289602,-3.0761260593018385,-14.04118106921478,-0.52467697942564,yes
HYPE,FUNDING_EXTREME_SHORT,filter_default,20,6.0,3.0,72,8,8,0.375,-1.5296446487600104,-0.002457477168949767,-1.5321021259289602,-3.0761260593018385,-14.04118106921478,-0.52467697942564,yes
HYPE,FUNDING_EXTREME_SHORT,filter_blocked,20,6.0,3.0,72,0,0,,,,,,,,yes
HYPE,FUNDING_EXTREME_SHORT,filter_off,30,3.0,2.0,24,3,3,0.3333333333333333,-1.1843370276092908,0.012298706240487064,-1.172038321368804,-2.0452992565808734,-5.393392397662476,-0.5277502301412987,yes
HYPE,FUNDING_EXTREME_SHORT,filter_default,30,3.0,2.0,24,3,3,0.3333333333333333,-1.1843370276092908,0.012298706240487064,-1.172038321368804,-2.0452992565808734,-5.393392397662476,-0.5277502301412987,yes
HYPE,FUNDING_EXTREME_SHORT,filter_blocked,30,3.0,2.0,24,0,0,,,,,,,,yes
HYPE,FUNDING_EXTREME_SHORT,filter_off,30,4.0,2.5,24,3,3,0.3333333333333333,-1.4883874954375709,0.00896537290715373,-1.4794221225304172,-2.9674506600657136,-6.315543801147317,-0.6219648678228842,yes
HYPE,FUNDING_EXTREME_SHORT,filter_default,30,4.0,2.5,24,3,3,0.3333333333333333,-1.4883874954375709,0.00896537290715373,-1.4794221225304172,-2.9674506600657136,-6.315543801147317,-0.6219648678228842,yes
HYPE,FUNDING_EXTREME_SHORT,filter_blocked,30,4.0,2.5,24,0,0,,,,,,,,yes
HYPE,FUNDING_EXTREME_SHORT,filter_off,30,5.0,2.5,24,3,3,0.3333333333333333,-1.4883874954375709,0.00896537290715373,-1.4794221225304172,-2.9674506600657136,-6.315543801147317,-0.6219648678228842,yes
HYPE,FUNDING_EXTREME_SHORT,filter_default,30,5.0,2.5,24,3,3,0.3333333333333333,-1.4883874954375709,0.00896537290715373,-1.4794221225304172,-2.9674506600657136,-6.315543801147317,-0.6219648678228842,yes
HYPE,FUNDING_EXTREME_SHORT,filter_blocked,30,5.0,2.5,24,0,0,,,,,,,,yes
HYPE,FUNDING_EXTREME_SHORT,filter_off,30,6.0,3.0,24,3,3,0.3333333333333333,-1.4883874954375709,0.00896537290715373,-1.4794221225304172,-2.9674506600657136,-6.315543801147317,-0.6219648678228842,yes
HYPE,FUNDING_EXTREME_SHORT,filter_default,30,6.0,3.0,24,3,3,0.3333333333333333,-1.4883874954375709,0.00896537290715373,-1.4794221225304172,-2.9674506600657136,-6.315543801147317,-0.6219648678228842,yes
HYPE,FUNDING_EXTREME_SHORT,filter_blocked,30,6.0,3.0,24,0,0,,,,,,,,yes
HYPE,FUNDING_EXTREME_SHORT,filter_off,30,3.0,2.0,48,3,3,0.3333333333333333,-0.7544887253963665,0.008548706240487064,-0.7459400191558795,-2.0452992565808734,-5.393392397662476,-0.26549812190111033,yes
HYPE,FUNDING_EXTREME_SHORT,filter_default,30,3.0,2.0,48,3,3,0.3333333333333333,-0.7544887253963665,0.008548706240487064,-0.7459400191558795,-2.0452992565808734,-5.393392397662476,-0.26549812190111033,yes
HYPE,FUNDING_EXTREME_SHORT,filter_blocked,30,3.0,2.0,48,0,0,,,,,,,,yes
HYPE,FUNDING_EXTREME_SHORT,filter_off,30,4.0,2.5,48,3,3,0.0,-2.6407145137155954,0.0104630898021309,-2.6302514239134647,-2.9674506600657136,-7.890754271740394,-3.4515957201030716,yes
HYPE,FUNDING_EXTREME_SHORT,filter_default,30,4.0,2.5,48,3,3,0.0,-2.6407145137155954,0.0104630898021309,-2.6302514239134647,-2.9674506600657136,-7.890754271740394,-3.4515957201030716,yes
HYPE,FUNDING_EXTREME_SHORT,filter_blocked,30,4.0,2.5,48,0,0,,,,,,,,yes
HYPE,FUNDING_EXTREME_SHORT,filter_off,30,5.0,2.5,48,3,3,0.0,-2.6407145137155954,0.0104630898021309,-2.6302514239134647,-2.9674506600657136,-7.890754271740394,-3.4515957201030716,yes
HYPE,FUNDING_EXTREME_SHORT,filter_default,30,5.0,2.5,48,3,3,0.0,-2.6407145137155954,0.0104630898021309,-2.6302514239134647,-2.9674506600657136,-7.890754271740394,-3.4515957201030716,yes
HYPE,FUNDING_EXTREME_SHORT,filter_blocked,30,5.0,2.5,48,0,0,,,,,,,,yes
HYPE,FUNDING_EXTREME_SHORT,filter_off,30,6.0,3.0,48,3,3,0.0,-2.6407145137155954,0.0104630898021309,-2.6302514239134647,-2.9674506600657136,-7.890754271740394,-3.4515957201030716,yes
HYPE,FUNDING_EXTREME_SHORT,filter_default,30,6.0,3.0,48,3,3,0.0,-2.6407145137155954,0.0104630898021309,-2.6302514239134647,-2.9674506600657136,-7.890754271740394,-3.4515957201030716,yes
HYPE,FUNDING_EXTREME_SHORT,filter_blocked,30,6.0,3.0,48,0,0,,,,,,,,yes
HYPE,FUNDING_EXTREME_SHORT,filter_off,30,3.0,2.0,72,3,3,0.3333333333333333,-0.7544887253963665,0.008548706240487064,-0.7459400191558795,-2.0452992565808734,-5.393392397662476,-0.26549812190111033,yes
HYPE,FUNDING_EXTREME_SHORT,filter_default,30,3.0,2.0,72,3,3,0.3333333333333333,-0.7544887253963665,0.008548706240487064,-0.7459400191558795,-2.0452992565808734,-5.393392397662476,-0.26549812190111033,yes
HYPE,FUNDING_EXTREME_SHORT,filter_blocked,30,3.0,2.0,72,0,0,,,,,,,,yes
HYPE,FUNDING_EXTREME_SHORT,filter_off,30,4.0,2.5,72,3,3,0.3333333333333333,-1.039586446213488,0.0027028158295281605,-1.03688363038396,-2.9674506600657136,-6.315543801147316,-0.3452352563592322,yes
HYPE,FUNDING_EXTREME_SHORT,filter_default,30,4.0,2.5,72,3,3,0.3333333333333333,-1.039586446213488,0.0027028158295281605,-1.03688363038396,-2.9674506600657136,-6.315543801147316,-0.3452352563592322,yes
HYPE,FUNDING_EXTREME_SHORT,filter_blocked,30,4.0,2.5,72,0,0,,,,,,,,yes
HYPE,FUNDING_EXTREME_SHORT,filter_off,30,5.0,2.5,72,3,3,0.3333333333333333,-1.039586446213488,0.0027028158295281605,-1.03688363038396,-2.9674506600657136,-6.315543801147316,-0.3452352563592322,yes
HYPE,FUNDING_EXTREME_SHORT,filter_default,30,5.0,2.5,72,3,3,0.3333333333333333,-1.039586446213488,0.0027028158295281605,-1.03688363038396,-2.9674506600657136,-6.315543801147316,-0.3452352563592322,yes
HYPE,FUNDING_EXTREME_SHORT,filter_blocked,30,5.0,2.5,72,0,0,,,,,,,,yes
HYPE,FUNDING_EXTREME_SHORT,filter_off,30,6.0,3.0,72,3,3,0.3333333333333333,-1.039586446213488,0.0027028158295281605,-1.03688363038396,-2.9674506600657136,-6.315543801147316,-0.3452352563592322,yes
HYPE,FUNDING_EXTREME_SHORT,filter_default,30,6.0,3.0,72,3,3,0.3333333333333333,-1.039586446213488,0.0027028158295281605,-1.03688363038396,-2.9674506600657136,-6.315543801147316,-0.3452352563592322,yes
HYPE,FUNDING_EXTREME_SHORT,filter_blocked,30,6.0,3.0,72,0,0,,,,,,,,yes
HYPE,FUNDING_EXTREME_SHORT,filter_off,50,3.0,2.0,24,0,0,,,,,,,,yes
HYPE,FUNDING_EXTREME_SHORT,filter_default,50,3.0,2.0,24,0,0,,,,,,,,yes
HYPE,FUNDING_EXTREME_SHORT,filter_blocked,50,3.0,2.0,24,0,0,,,,,,,,yes
HYPE,FUNDING_EXTREME_SHORT,filter_off,50,4.0,2.5,24,0,0,,,,,,,,yes
HYPE,FUNDING_EXTREME_SHORT,filter_default,50,4.0,2.5,24,0,0,,,,,,,,yes
HYPE,FUNDING_EXTREME_SHORT,filter_blocked,50,4.0,2.5,24,0,0,,,,,,,,yes
HYPE,FUNDING_EXTREME_SHORT,filter_off,50,5.0,2.5,24,0,0,,,,,,,,yes
HYPE,FUNDING_EXTREME_SHORT,filter_default,50,5.0,2.5,24,0,0,,,,,,,,yes
HYPE,FUNDING_EXTREME_SHORT,filter_blocked,50,5.0,2.5,24,0,0,,,,,,,,yes
HYPE,FUNDING_EXTREME_SHORT,filter_off,50,6.0,3.0,24,0,0,,,,,,,,yes
HYPE,FUNDING_EXTREME_SHORT,filter_default,50,6.0,3.0,24,0,0,,,,,,,,yes
HYPE,FUNDING_EXTREME_SHORT,filter_blocked,50,6.0,3.0,24,0,0,,,,,,,,yes
HYPE,FUNDING_EXTREME_SHORT,filter_off,50,3.0,2.0,48,0,0,,,,,,,,yes
HYPE,FUNDING_EXTREME_SHORT,filter_default,50,3.0,2.0,48,0,0,,,,,,,,yes
HYPE,FUNDING_EXTREME_SHORT,filter_blocked,50,3.0,2.0,48,0,0,,,,,,,,yes
HYPE,FUNDING_EXTREME_SHORT,filter_off,50,4.0,2.5,48,0,0,,,,,,,,yes
HYPE,FUNDING_EXTREME_SHORT,filter_default,50,4.0,2.5,48,0,0,,,,,,,,yes
HYPE,FUNDING_EXTREME_SHORT,filter_blocked,50,4.0,2.5,48,0,0,,,,,,,,yes
HYPE,FUNDING_EXTREME_SHORT,filter_off,50,5.0,2.5,48,0,0,,,,,,,,yes
HYPE,FUNDING_EXTREME_SHORT,filter_default,50,5.0,2.5,48,0,0,,,,,,,,yes
HYPE,FUNDING_EXTREME_SHORT,filter_blocked,50,5.0,2.5,48,0,0,,,,,,,,yes
HYPE,FUNDING_EXTREME_SHORT,filter_off,50,6.0,3.0,48,0,0,,,,,,,,yes
HYPE,FUNDING_EXTREME_SHORT,filter_default,50,6.0,3.0,48,0,0,,,,,,,,yes
HYPE,FUNDING_EXTREME_SHORT,filter_blocked,50,6.0,3.0,48,0,0,,,,,,,,yes
HYPE,FUNDING_EXTREME_SHORT,filter_off,50,3.0,2.0,72,0,0,,,,,,,,yes
HYPE,FUNDING_EXTREME_SHORT,filter_default,50,3.0,2.0,72,0,0,,,,,,,,yes
HYPE,FUNDING_EXTREME_SHORT,filter_blocked,50,3.0,2.0,72,0,0,,,,,,,,yes
HYPE,FUNDING_EXTREME_SHORT,filter_off,50,4.0,2.5,72,0,0,,,,,,,,yes
HYPE,FUNDING_EXTREME_SHORT,filter_default,50,4.0,2.5,72,0,0,,,,,,,,yes
HYPE,FUNDING_EXTREME_SHORT,filter_blocked,50,4.0,2.5,72,0,0,,,,,,,,yes
HYPE,FUNDING_EXTREME_SHORT,filter_off,50,5.0,2.5,72,0,0,,,,,,,,yes
HYPE,FUNDING_EXTREME_SHORT,filter_default,50,5.0,2.5,72,0,0,,,,,,,,yes
HYPE,FUNDING_EXTREME_SHORT,filter_blocked,50,5.0,2.5,72,0,0,,,,,,,,yes
HYPE,FUNDING_EXTREME_SHORT,filter_off,50,6.0,3.0,72,0,0,,,,,,,,yes
HYPE,FUNDING_EXTREME_SHORT,filter_default,50,6.0,3.0,72,0,0,,,,,,,,yes
HYPE,FUNDING_EXTREME_SHORT,filter_blocked,50,6.0,3.0,72,0,0,,,,,,,,yes
GOLD,FUNDING_EXTREME_LONG,filter_off,10,3.0,2.0,24,18,18,0.5555555555555556,0.3178758511374064,0.013811073059360728,0.33168692419676715,0.23116261536390326,-2.3066534107017143,0.3165067791247515,no
GOLD,FUNDING_EXTREME_LONG,filter_default,10,3.0,2.0,24,17,17,0.5882352941176471,0.35157724364352005,0.014332258930969646,0.3659095025744897,0.30356630728182726,-2.3066534107017143,0.34244390128062746,no
GOLD,FUNDING_EXTREME_LONG,filter_blocked,10,3.0,2.0,24,1,1,0.0,-0.25504782146652527,0.004950913242009133,-0.25009690822451613,-0.25009690822451613,-0.25009690822451613,,no
GOLD,FUNDING_EXTREME_LONG,filter_off,10,4.0,2.5,24,18,18,0.5555555555555556,0.3178758511374064,0.013811073059360728,0.33168692419676715,0.23116261536390326,-2.3066534107017143,0.3165067791247515,no
GOLD,FUNDING_EXTREME_LONG,filter_default,10,4.0,2.5,24,17,17,0.5882352941176471,0.35157724364352005,0.014332258930969646,0.3659095025744897,0.30356630728182726,-2.3066534107017143,0.34244390128062746,no
GOLD,FUNDING_EXTREME_LONG,filter_blocked,10,4.0,2.5,24,1,1,0.0,-0.25504782146652527,0.004950913242009133,-0.25009690822451613,-0.25009690822451613,-0.25009690822451613,,no
GOLD,FUNDING_EXTREME_LONG,filter_off,10,5.0,2.5,24,18,18,0.5555555555555556,0.3178758511374064,0.013811073059360728,0.33168692419676715,0.23116261536390326,-2.3066534107017143,0.3165067791247515,no
GOLD,FUNDING_EXTREME_LONG,filter_default,10,5.0,2.5,24,17,17,0.5882352941176471,0.35157724364352005,0.014332258930969646,0.3659095025744897,0.30356630728182726,-2.3066534107017143,0.34244390128062746,no
GOLD,FUNDING_EXTREME_LONG,filter_blocked,10,5.0,2.5,24,1,1,0.0,-0.25504782146652527,0.004950913242009133,-0.25009690822451613,-0.25009690822451613,-0.25009690822451613,,no
GOLD,FUNDING_EXTREME_LONG,filter_off,10,6.0,3.0,24,18,18,0.5555555555555556,0.3178758511374064,0.013811073059360728,0.33168692419676715,0.23116261536390326,-2.3066534107017143,0.3165067791247515,no
GOLD,FUNDING_EXTREME_LONG,filter_default,10,6.0,3.0,24,17,17,0.5882352941176471,0.35157724364352005,0.014332258930969646,0.3659095025744897,0.30356630728182726,-2.3066534107017143,0.34244390128062746,no
GOLD,FUNDING_EXTREME_LONG,filter_blocked,10,6.0,3.0,24,1,1,0.0,-0.25504782146652527,0.004950913242009133,-0.25009690822451613,-0.25009690822451613,-0.25009690822451613,,no
GOLD,FUNDING_EXTREME_LONG,filter_off,10,3.0,2.0,48,18,18,0.5555555555555556,0.4243392917170346,0.03267415017757482,0.4570134418946094,0.12138768137771136,-3.833604166141024,0.29560268233026715,no
GOLD,FUNDING_EXTREME_LONG,filter_default,10,3.0,2.0,48,17,17,0.5882352941176471,0.46430323955136166,0.03430492882084339,0.49860816837220506,0.15875892344597925,-3.5835072579165077,0.31536651768852886,no
GOLD,FUNDING_EXTREME_LONG,filter_blocked,10,3.0,2.0,48,1,1,0.0,-0.25504782146652527,0.004950913242009133,-0.25009690822451613,-0.25009690822451613,-0.25009690822451613,,no
GOLD,FUNDING_EXTREME_LONG,filter_off,10,4.0,2.5,48,18,18,0.5555555555555556,0.46261563671821226,0.03563343480466767,0.4982490715228799,0.12138768137771136,-3.591220639898646,0.31455270605602176,no
GOLD,FUNDING_EXTREME_LONG,filter_default,10,4.0,2.5,48,17,17,0.5882352941176471,0.5048311342584909,0.03743828901423582,0.5422694232727268,0.15875892344597925,-3.34112373167413,0.334903880490381,no
GOLD,FUNDING_EXTREME_LONG,filter_blocked,10,4.0,2.5,48,1,1,0.0,-0.25504782146652527,0.004950913242009133,-0.25009690822451613,-0.25009690822451613,-0.25009690822451613,,no
GOLD,FUNDING_EXTREME_LONG,filter_off,10,5.0,2.5,48,18,18,0.5555555555555556,0.46261563671821226,0.03563343480466767,0.4982490715228799,0.12138768137771136,-3.591220639898646,0.31455270605602176,no
GOLD,FUNDING_EXTREME_LONG,filter_default,10,5.0,2.5,48,17,17,0.5882352941176471,0.5048311342584909,0.03743828901423582,0.5422694232727268,0.15875892344597925,-3.34112373167413,0.334903880490381,no
GOLD,FUNDING_EXTREME_LONG,filter_blocked,10,5.0,2.5,48,1,1,0.0,-0.25504782146652527,0.004950913242009133,-0.25009690822451613,-0.25009690822451613,-0.25009690822451613,,no
GOLD,FUNDING_EXTREME_LONG,filter_off,10,6.0,3.0,48,18,18,0.5555555555555556,0.4221320933641988,0.0358072044647387,0.4579392978289375,0.12138768137771136,-4.316796566389609,0.2745718857561284,no
GOLD,FUNDING_EXTREME_LONG,filter_default,10,6.0,3.0,48,17,17,0.5882352941176471,0.4619662060013003,0.037622280419016906,0.49958848642031717,0.15875892344597925,-4.066699658165093,0.2926598257543112,no
GOLD,FUNDING_EXTREME_LONG,filter_blocked,10,6.0,3.0,48,1,1,0.0,-0.25504782146652527,0.004950913242009133,-0.25009690822451613,-0.25009690822451613,-0.25009690822451613,,no
GOLD,FUNDING_EXTREME_LONG,filter_off,10,3.0,2.0,72,18,18,0.6111111111111112,0.535321507716917,0.02652543125317095,0.561846938970088,0.39784268720833466,-5.015865358524793,0.3455704646509259,no
GOLD,FUNDING_EXTREME_LONG,filter_default,10,3.0,2.0,72,17,17,0.6470588235294118,0.5818138211982959,0.02779452054794518,0.6096083417462411,0.4636796097543,-4.765768450300277,0.3670852462070612,no
GOLD,FUNDING_EXTREME_LONG,filter_blocked,10,3.0,2.0,72,1,1,0.0,-0.25504782146652527,0.004950913242009133,-0.25009690822451613,-0.25009690822451613,-0.25009690822451613,,no
GOLD,FUNDING_EXTREME_LONG,filter_off,10,4.0,2.5,72,18,18,0.6111111111111112,0.5308829458292537,0.035360730593607274,0.5662436764228609,0.39784268720833466,-4.628714996845175,0.3443568431895812,no
GOLD,FUNDING_EXTREME_LONG,filter_default,10,4.0,2.5,72,17,17,0.6470588235294118,0.5771141674348876,0.0371495433789954,0.6142637108138831,0.4636796097543,-4.378618088620659,0.3656955191837512,no
GOLD,FUNDING_EXTREME_LONG,filter_blocked,10,4.0,2.5,72,1,1,0.0,-0.25504782146652527,0.004950913242009133,-0.25009690822451613,-0.25009690822451613,-0.25009690822451613,,no
GOLD,FUNDING_EXTREME_LONG,filter_off,10,5.0,2.5,72,18,18,0.6111111111111112,0.5308829458292537,0.035360730593607274,0.5662436764228609,0.39784268720833466,-4.628714996845175,0.3443568431895812,no
GOLD,FUNDING_EXTREME_LONG,filter_default,10,5.0,2.5,72,17,17,0.6470588235294118,0.5771141674348876,0.0371495433789954,0.6142637108138831,0.4636796097543,-4.378618088620659,0.3656955191837512,no
GOLD,FUNDING_EXTREME_LONG,filter_blocked,10,5.0,2.5,72,1,1,0.0,-0.25504782146652527,0.004950913242009133,-0.25009690822451613,-0.25009690822451613,-0.25009690822451613,,no
GOLD,FUNDING_EXTREME_LONG,filter_off,10,6.0,3.0,72,18,18,0.6111111111111112,0.49039940247524016,0.035534500253678304,0.5259339027289185,0.39784268720833466,-5.354290923336138,0.3045631709523205,no
GOLD,FUNDING_EXTREME_LONG,filter_default,10,6.0,3.0,72,17,17,0.6470588235294118,0.534249239177697,0.03733353478377649,0.5715827739614735,0.4636796097543,-5.104194015111622,0.32360008217213854,no
GOLD,FUNDING_EXTREME_LONG,filter_blocked,10,6.0,3.0,72,1,1,0.0,-0.25504782146652527,0.004950913242009133,-0.25009690822451613,-0.25009690822451613,-0.25009690822451613,,no
GOLD,FUNDING_EXTREME_LONG,filter_off,15,3.0,2.0,24,16,16,0.5625,0.46490088260705553,0.012221960616438352,0.4771228432234939,0.3335954736415321,-2.3288184060145696,0.3925230751085752,no
GOLD,FUNDING_EXTREME_LONG,filter_default,15,3.0,2.0,24,15,15,0.6,0.5128974628786276,0.012706697108066968,0.5256041599866945,0.3871000525940273,-2.3288184060145696,0.4237637899105745,no
GOLD,FUNDING_EXTREME_LONG,filter_blocked,15,3.0,2.0,24,1,1,0.0,-0.25504782146652527,0.004950913242009133,-0.25009690822451613,-0.25009690822451613,-0.25009690822451613,,no
GOLD,FUNDING_EXTREME_LONG,filter_off,15,4.0,2.5,24,16,16,0.5625,0.4733905833627483,0.0130408105022831,0.4864313938650314,0.3335954736415321,-2.3288184060145696,0.3937588085530232,no
GOLD,FUNDING_EXTREME_LONG,filter_default,15,4.0,2.5,24,15,15,0.6,0.5219531436846999,0.013580136986301367,0.5355332806710013,0.3871000525940273,-2.3288184060145696,0.42480402074347656,no
GOLD,FUNDING_EXTREME_LONG,filter_blocked,15,4.0,2.5,24,1,1,0.0,-0.25504782146652527,0.004950913242009133,-0.25009690822451613,-0.25009690822451613,-0.25009690822451613,,no
GOLD,FUNDING_EXTREME_LONG,filter_off,15,5.0,2.5,24,16,16,0.5625,0.4733905833627483,0.0130408105022831,0.4864313938650314,0.3335954736415321,-2.3288184060145696,0.3937588085530232,no
GOLD,FUNDING_EXTREME_LONG,filter_default,15,5.0,2.5,24,15,15,0.6,0.5219531436846999,0.013580136986301367,0.5355332806710013,0.3871000525940273,-2.3288184060145696,0.42480402074347656,no
GOLD,FUNDING_EXTREME_LONG,filter_blocked,15,5.0,2.5,24,1,1,0.0,-0.25504782146652527,0.004950913242009133,-0.25009690822451613,-0.25009690822451613,-0.25009690822451613,,no
GOLD,FUNDING_EXTREME_LONG,filter_off,15,6.0,3.0,24,16,16,0.5625,0.4733905833627483,0.0130408105022831,0.4864313938650314,0.3335954736415321,-2.3288184060145696,0.3937588085530232,no
GOLD,FUNDING_EXTREME_LONG,filter_default,15,6.0,3.0,24,15,15,0.6,0.5219531436846999,0.013580136986301367,0.5355332806710013,0.3871000525940273,-2.3288184060145696,0.42480402074347656,no
GOLD,FUNDING_EXTREME_LONG,filter_blocked,15,6.0,3.0,24,1,1,0.0,-0.25504782146652527,0.004950913242009133,-0.25009690822451613,-0.25009690822451613,-0.25009690822451613,,no
GOLD,FUNDING_EXTREME_LONG,filter_off,15,3.0,2.0,48,16,16,0.5625,0.6538465658472797,0.03222995148401825,0.6860765173312979,0.21699470482108066,-3.314641817954098,0.43334163751088095,no
GOLD,FUNDING_EXTREME_LONG,filter_default,15,3.0,2.0,48,15,15,0.6,0.7144395250015334,0.03404855403348552,0.7484880790350189,0.34997297033271785,-3.314641817954098,0.46318017122257393,no
GOLD,FUNDING_EXTREME_LONG,filter_blocked,15,3.0,2.0,48,1,1,0.0,-0.25504782146652527,0.004950913242009133,-0.25009690822451613,-0.25009690822451613,-0.25009690822451613,,no
GOLD,FUNDING_EXTREME_LONG,filter_off,15,4.0,2.5,48,16,16,0.5625,0.7343771164181125,0.03666288527397259,0.7710400016920852,0.21699470482108066,-2.5859856652968833,0.48900461055149896,no
GOLD,FUNDING_EXTREME_LONG,filter_default,15,4.0,2.5,48,15,15,0.6,0.8003387789437552,0.03877701674277015,0.8391157956865253,0.34997297033271785,-2.5859856652968833,0.5226388350823206,no
GOLD,FUNDING_EXTREME_LONG,filter_blocked,15,4.0,2.5,48,1,1,0.0,-0.25504782146652527,0.004950913242009133,-0.25009690822451613,-0.25009690822451613,-0.25009690822451613,,no
GOLD,FUNDING_EXTREME_LONG,filter_off,15,5.0,2.5,48,16,16,0.5625,0.7343771164181125,0.03666288527397259,0.7710400016920852,0.21699470482108066,-2.5859856652968833,0.48900461055149896,no
GOLD,FUNDING_EXTREME_LONG,filter_default,15,5.0,2.5,48,15,15,0.6,0.8003387789437552,0.03877701674277015,0.8391157956865253,0.34997297033271785,-2.5859856652968833,0.5226388350823206,no
GOLD,FUNDING_EXTREME_LONG,filter_blocked,15,5.0,2.5,48,1,1,0.0,-0.25504782146652527,0.004950913242009133,-0.25009690822451613,-0.25009690822451613,-0.25009690822451613,,no
GOLD,FUNDING_EXTREME_LONG,filter_off,15,6.0,3.0,48,16,16,0.5625,0.7343771164181125,0.03666288527397259,0.7710400016920852,0.21699470482108066,-2.5859856652968833,0.48900461055149896,no
GOLD,FUNDING_EXTREME_LONG,filter_default,15,6.0,3.0,48,15,15,0.6,0.8003387789437552,0.03877701674277015,0.8391157956865253,0.34997297033271785,-2.5859856652968833,0.5226388350823206,no
GOLD,FUNDING_EXTREME_LONG,filter_blocked,15,6.0,3.0,48,1,1,0.0,-0.25504782146652527,0.004950913242009133,-0.25009690822451613,-0.25009690822451613,-0.25009690822451613,,no
GOLD,FUNDING_EXTREME_LONG,filter_off,15,3.0,2.0,72,16,16,0.625,0.7114316042445765,0.024779180936073033,0.7362107851806495,0.4068262900435089,-2.810149632995101,0.47095582288570736,no
GOLD,FUNDING_EXTREME_LONG,filter_default,15,3.0,2.0,72,15,15,0.6666666666666666,0.7758635659586499,0.026101065449010627,0.8019646314076605,0.4636796097543,-2.5600527247705847,0.5034538181753577,no
GOLD,FUNDING_EXTREME_LONG,filter_blocked,15,3.0,2.0,72,1,1,0.0,-0.25504782146652527,0.004950913242009133,-0.25009690822451613,-0.25009690822451613,-0.25009690822451613,,no
GOLD,FUNDING_EXTREME_LONG,filter_off,15,4.0,2.5,72,16,16,0.625,0.7693957667916119,0.03583361872146115,0.8052293855130731,0.4068262900435089,-1.959571017257196,0.5092609737880023,no
GOLD,FUNDING_EXTREME_LONG,filter_default,15,4.0,2.5,72,15,15,0.6666666666666666,0.8376920060088211,0.03789246575342462,0.8755844717622457,0.4636796097543,-1.70947410903268,0.5443158174652499,no
GOLD,FUNDING_EXTREME_LONG,filter_blocked,15,4.0,2.5,72,1,1,0.0,-0.25504782146652527,0.004950913242009133,-0.25009690822451613,-0.25009690822451613,-0.25009690822451613,,no
GOLD,FUNDING_EXTREME_LONG,filter_off,15,5.0,2.5,72,16,16,0.625,0.7579290223988545,0.035357591324200875,0.7932866137230554,0.4068262900435089,-1.959571017257196,0.5094310331213082,no
GOLD,FUNDING_EXTREME_LONG,filter_default,15,5.0,2.5,72,15,15,0.6666666666666666,0.8254608119898799,0.03738470319634699,0.8628455151862269,0.4636796097543,-1.70947410903268,0.544718878276553,no
GOLD,FUNDING_EXTREME_LONG,filter_blocked,15,5.0,2.5,72,1,1,0.0,-0.25504782146652527,0.004950913242009133,-0.25009690822451613,-0.25009690822451613,-0.25009690822451613,,no
GOLD,FUNDING_EXTREME_LONG,filter_off,15,6.0,3.0,72,16,16,0.625,0.7579290223988545,0.035357591324200875,0.7932866137230554,0.4068262900435089,-1.959571017257196,0.5094310331213082,no
GOLD,FUNDING_EXTREME_LONG,filter_default,15,6.0,3.0,72,15,15,0.6666666666666666,0.8254608119898799,0.03738470319634699,0.8628455151862269,0.4636796097543,-1.70947410903268,0.544718878276553,no
GOLD,FUNDING_EXTREME_LONG,filter_blocked,15,6.0,3.0,72,1,1,0.0,-0.25504782146652527,0.004950913242009133,-0.25009690822451613,-0.25009690822451613,-0.25009690822451613,,no
GOLD,FUNDING_EXTREME_LONG,filter_off,20,3.0,2.0,24,12,12,0.5833333333333334,0.6514699742770932,0.012391647640791472,0.6638616219178847,0.6516515916498073,-1.5483823079613255,0.536070802221696,no
GOLD,FUNDING_EXTREME_LONG,filter_default,20,3.0,2.0,24,11,11,0.6363636363636364,0.7338806829810585,0.013068078040680775,0.7469487610217392,0.712877574187452,-1.5483823079613255,0.5923369414435931,no
GOLD,FUNDING_EXTREME_LONG,filter_blocked,20,3.0,2.0,24,1,1,0.0,-0.25504782146652527,0.004950913242009133,-0.25009690822451613,-0.25009690822451613,-0.25009690822451613,,no
GOLD,FUNDING_EXTREME_LONG,filter_off,20,4.0,2.5,24,12,12,0.5833333333333334,0.6514699742770932,0.012391647640791472,0.6638616219178847,0.6516515916498073,-1.5483823079613255,0.536070802221696,no
GOLD,FUNDING_EXTREME_LONG,filter_default,20,4.0,2.5,24,11,11,0.6363636363636364,0.7338806829810585,0.013068078040680775,0.7469487610217392,0.712877574187452,-1.5483823079613255,0.5923369414435931,no
GOLD,FUNDING_EXTREME_LONG,filter_blocked,20,4.0,2.5,24,1,1,0.0,-0.25504782146652527,0.004950913242009133,-0.25009690822451613,-0.25009690822451613,-0.25009690822451613,,no
GOLD,FUNDING_EXTREME_LONG,filter_off,20,5.0,2.5,24,12,12,0.5833333333333334,0.6514699742770932,0.012391647640791472,0.6638616219178847,0.6516515916498073,-1.5483823079613255,0.536070802221696,no
GOLD,FUNDING_EXTREME_LONG,filter_default,20,5.0,2.5,24,11,11,0.6363636363636364,0.7338806829810585,0.013068078040680775,0.7469487610217392,0.712877574187452,-1.5483823079613255,0.5923369414435931,no
GOLD,FUNDING_EXTREME_LONG,filter_blocked,20,5.0,2.5,24,1,1,0.0,-0.25504782146652527,0.004950913242009133,-0.25009690822451613,-0.25009690822451613,-0.25009690822451613,,no
GOLD,FUNDING_EXTREME_LONG,filter_off,20,6.0,3.0,24,12,12,0.5833333333333334,0.6514699742770932,0.012391647640791472,0.6638616219178847,0.6516515916498073,-1.5483823079613255,0.536070802221696,no
GOLD,FUNDING_EXTREME_LONG,filter_default,20,6.0,3.0,24,11,11,0.6363636363636364,0.7338806829810585,0.013068078040680775,0.7469487610217392,0.712877574187452,-1.5483823079613255,0.5923369414435931,no
GOLD,FUNDING_EXTREME_LONG,filter_blocked,20,6.0,3.0,24,1,1,0.0,-0.25504782146652527,0.004950913242009133,-0.25009690822451613,-0.25009690822451613,-0.25009690822451613,,no
GOLD,FUNDING_EXTREME_LONG,filter_off,20,3.0,2.0,48,12,12,0.5833333333333334,0.9811967419246078,0.03600570776255706,1.0172024496871648,0.7777085376208015,-2.506230071217975,0.6088076660286105,no
GOLD,FUNDING_EXTREME_LONG,filter_default,20,3.0,2.0,48,11,11,0.6363636363636364,1.0935826113238016,0.03882887090078869,1.1324114822245903,0.8797214776647264,-2.506230071217975,0.666572696066033,no
GOLD,FUNDING_EXTREME_LONG,filter_blocked,20,3.0,2.0,48,1,1,0.0,-0.25504782146652527,0.004950913242009133,-0.25009690822451613,-0.25009690822451613,-0.25009690822451613,,no
GOLD,FUNDING_EXTREME_LONG,filter_off,20,4.0,2.5,48,12,12,0.5833333333333334,1.0185328326668075,0.04070300608828004,1.0592358387550875,0.7777085376208015,-1.7775739185607602,0.6856594473957355,no
GOLD,FUNDING_EXTREME_LONG,filter_default,20,4.0,2.5,48,11,11,0.6363636363636364,1.1343128921334742,0.043953196347031945,1.178266088480506,0.8797214776647264,-1.7775739185607602,0.7553177233010232,no
GOLD,FUNDING_EXTREME_LONG,filter_blocked,20,4.0,2.5,48,1,1,0.0,-0.25504782146652527,0.004950913242009133,-0.25009690822451613,-0.25009690822451613,-0.25009690822451613,,no
GOLD,FUNDING_EXTREME_LONG,filter_off,20,5.0,2.5,48,12,12,0.5833333333333334,1.0185328326668075,0.04070300608828004,1.0592358387550875,0.7777085376208015,-1.7775739185607602,0.6856594473957355,no
GOLD,FUNDING_EXTREME_LONG,filter_default,20,5.0,2.5,48,11,11,0.6363636363636364,1.1343128921334742,0.043953196347031945,1.178266088480506,0.8797214776647264,-1.7775739185607602,0.7553177233010232,no
GOLD,FUNDING_EXTREME_LONG,filter_blocked,20,5.0,2.5,48,1,1,0.0,-0.25504782146652527,0.004950913242009133,-0.25009690822451613,-0.25009690822451613,-0.25009690822451613,,no
GOLD,FUNDING_EXTREME_LONG,filter_off,20,6.0,3.0,48,12,12,0.5833333333333334,1.0185328326668075,0.04070300608828004,1.0592358387550875,0.7777085376208015,-1.7775739185607602,0.6856594473957355,no
GOLD,FUNDING_EXTREME_LONG,filter_default,20,6.0,3.0,48,11,11,0.6363636363636364,1.1343128921334742,0.043953196347031945,1.178266088480506,0.8797214776647264,-1.7775739185607602,0.7553177233010232,no
GOLD,FUNDING_EXTREME_LONG,filter_blocked,20,6.0,3.0,48,1,1,0.0,-0.25504782146652527,0.004950913242009133,-0.25009690822451613,-0.25009690822451613,-0.25009690822451613,,no
GOLD,FUNDING_EXTREME_LONG,filter_off,20,3.0,2.0,72,12,12,0.5833333333333334,0.8451878507297969,0.051730022831050194,0.896917873560847,0.4908117008958042,-3.5813422690395305,0.5113944079677858,no
GOLD,FUNDING_EXTREME_LONG,filter_default,20,3.0,2.0,72,11,11,0.6363636363636364,0.945209275474917,0.05598266915732666,1.0011919446322437,0.5179437920373084,-3.3312453608150143,0.5574912746028412,no
GOLD,FUNDING_EXTREME_LONG,filter_blocked,20,3.0,2.0,72,1,1,0.0,-0.25504782146652527,0.004950913242009133,-0.25009690822451613,-0.25009690822451613,-0.25009690822451613,,no
GOLD,FUNDING_EXTREME_LONG,filter_off,20,4.0,2.5,72,12,12,0.5833333333333334,0.827581377262133,0.06330983637747332,0.8908912136396063,0.4908117008958042,-2.7307636533016257,0.549686670377967,no
GOLD,FUNDING_EXTREME_LONG,filter_default,20,4.0,2.5,72,11,11,0.6363636363636364,0.9260022135101929,0.06861519302615188,0.9946174065363447,0.5179437920373084,-2.4806667450771096,0.6012613744246812,no
GOLD,FUNDING_EXTREME_LONG,filter_blocked,20,4.0,2.5,72,1,1,0.0,-0.25504782146652527,0.004950913242009133,-0.25009690822451613,-0.25009690822451613,-0.25009690822451613,,no
GOLD,FUNDING_EXTREME_LONG,filter_off,20,5.0,2.5,72,12,12,0.5833333333333334,0.827581377262133,0.06330983637747332,0.8908912136396063,0.4908117008958042,-2.7307636533016257,0.549686670377967,no
GOLD,FUNDING_EXTREME_LONG,filter_default,20,5.0,2.5,72,11,11,0.6363636363636364,0.9260022135101929,0.06861519302615188,0.9946174065363447,0.5179437920373084,-2.4806667450771096,0.6012613744246812,no
GOLD,FUNDING_EXTREME_LONG,filter_blocked,20,5.0,2.5,72,1,1,0.0,-0.25504782146652527,0.004950913242009133,-0.25009690822451613,-0.25009690822451613,-0.25009690822451613,,no
GOLD,FUNDING_EXTREME_LONG,filter_off,20,6.0,3.0,72,12,12,0.5833333333333334,0.827581377262133,0.06330983637747332,0.8908912136396063,0.4908117008958042,-2.7307636533016257,0.549686670377967,no
GOLD,FUNDING_EXTREME_LONG,filter_default,20,6.0,3.0,72,11,11,0.6363636363636364,0.9260022135101929,0.06861519302615188,0.9946174065363447,0.5179437920373084,-2.4806667450771096,0.6012613744246812,no
GOLD,FUNDING_EXTREME_LONG,filter_blocked,20,6.0,3.0,72,1,1,0.0,-0.25504782146652527,0.004950913242009133,-0.25009690822451613,-0.25009690822451613,-0.25009690822451613,,no
GOLD,FUNDING_EXTREME_LONG,filter_off,30,3.0,2.0,24,9,9,0.5555555555555556,0.6582005706272407,0.007648909183155753,0.6658494798103964,0.712877574187452,-2.1733523460872304,0.4447461771916844,no
GOLD,FUNDING_EXTREME_LONG,filter_default,30,3.0,2.0,24,9,9,0.5555555555555556,0.6582005706272407,0.007648909183155753,0.6658494798103964,0.712877574187452,-2.1733523460872304,0.4447461771916844,no
GOLD,FUNDING_EXTREME_LONG,filter_blocked,30,3.0,2.0,24,0,0,,,,,,,,no
GOLD,FUNDING_EXTREME_LONG,filter_off,30,4.0,2.5,24,9,9,0.5555555555555556,0.688732050438808,0.008870750887874172,0.6976028013266822,0.712877574187452,-1.887572452440659,0.4849610779046204,no
GOLD,FUNDING_EXTREME_LONG,filter_default,30,4.0,2.5,24,9,9,0.5555555555555556,0.688732050438808,0.008870750887874172,0.6976028013266822,0.712877574187452,-1.887572452440659,0.4849610779046204,no
GOLD,FUNDING_EXTREME_LONG,filter_blocked,30,4.0,2.5,24,0,0,,,,,,,,no
GOLD,FUNDING_EXTREME_LONG,filter_off,30,5.0,2.5,24,9,9,0.5555555555555556,0.688732050438808,0.008870750887874172,0.6976028013266822,0.712877574187452,-1.887572452440659,0.4849610779046204,no
GOLD,FUNDING_EXTREME_LONG,filter_default,30,5.0,2.5,24,9,9,0.5555555555555556,0.688732050438808,0.008870750887874172,0.6976028013266822,0.712877574187452,-1.887572452440659,0.4849610779046204,no
GOLD,FUNDING_EXTREME_LONG,filter_blocked,30,5.0,2.5,24,0,0,,,,,,,,no
GOLD,FUNDING_EXTREME_LONG,filter_off,30,6.0,3.0,24,9,9,0.5555555555555556,0.688732050438808,0.008870750887874172,0.6976028013266822,0.712877574187452,-1.887572452440659,0.4849610779046204,no
GOLD,FUNDING_EXTREME_LONG,filter_default,30,6.0,3.0,24,9,9,0.5555555555555556,0.688732050438808,0.008870750887874172,0.6976028013266822,0.712877574187452,-1.887572452440659,0.4849610779046204,no
GOLD,FUNDING_EXTREME_LONG,filter_blocked,30,6.0,3.0,24,0,0,,,,,,,,no
GOLD,FUNDING_EXTREME_LONG,filter_off,30,3.0,2.0,48,9,9,0.7777777777777778,1.1669890652949075,0.02951674277016741,1.196505808065075,0.8797214776647264,-2.1733523460872304,0.6971480222133033,no
GOLD,FUNDING_EXTREME_LONG,filter_default,30,3.0,2.0,48,9,9,0.7777777777777778,1.1669890652949075,0.02951674277016741,1.196505808065075,0.8797214776647264,-2.1733523460872304,0.6971480222133033,no
GOLD,FUNDING_EXTREME_LONG,filter_blocked,30,3.0,2.0,48,0,0,,,,,,,,no
GOLD,FUNDING_EXTREME_LONG,filter_off,30,4.0,2.5,48,9,9,0.7777777777777778,1.1766329530869744,0.0386538559107052,1.2152868089976796,0.8797214776647264,-1.7800678538516452,0.7557567714606379,no
GOLD,FUNDING_EXTREME_LONG,filter_default,30,4.0,2.5,48,9,9,0.7777777777777778,1.1766329530869744,0.0386538559107052,1.2152868089976796,0.8797214776647264,-1.7800678538516452,0.7557567714606379,no
GOLD,FUNDING_EXTREME_LONG,filter_blocked,30,4.0,2.5,48,0,0,,,,,,,,no
GOLD,FUNDING_EXTREME_LONG,filter_off,30,5.0,2.5,48,9,9,0.7777777777777778,1.1766329530869744,0.0386538559107052,1.2152868089976796,0.8797214776647264,-1.7800678538516452,0.7557567714606379,no
GOLD,FUNDING_EXTREME_LONG,filter_default,30,5.0,2.5,48,9,9,0.7777777777777778,1.1766329530869744,0.0386538559107052,1.2152868089976796,0.8797214776647264,-1.7800678538516452,0.7557567714606379,no
GOLD,FUNDING_EXTREME_LONG,filter_blocked,30,5.0,2.5,48,0,0,,,,,,,,no
GOLD,FUNDING_EXTREME_LONG,filter_off,30,6.0,3.0,48,9,9,0.7777777777777778,1.1766329530869744,0.0386538559107052,1.2152868089976796,0.8797214776647264,-1.7800678538516452,0.7557567714606379,no
GOLD,FUNDING_EXTREME_LONG,filter_default,30,6.0,3.0,48,9,9,0.7777777777777778,1.1766329530869744,0.0386538559107052,1.2152868089976796,0.8797214776647264,-1.7800678538516452,0.7557567714606379,no
GOLD,FUNDING_EXTREME_LONG,filter_blocked,30,6.0,3.0,48,0,0,,,,,,,,no
GOLD,FUNDING_EXTREME_LONG,filter_off,30,3.0,2.0,72,9,9,0.6666666666666666,0.8958066062766711,0.046778665651953294,0.9425852719286244,0.8882110603754546,-3.1716446071249997,0.5170942111481144,no
GOLD,FUNDING_EXTREME_LONG,filter_default,30,3.0,2.0,72,9,9,0.6666666666666666,0.8958066062766711,0.046778665651953294,0.9425852719286244,0.8882110603754546,-3.1716446071249997,0.5170942111481144,no
GOLD,FUNDING_EXTREME_LONG,filter_blocked,30,3.0,2.0,72,0,0,,,,,,,,no
GOLD,FUNDING_EXTREME_LONG,filter_off,30,4.0,2.5,72,9,9,0.6666666666666666,0.7711664108865467,0.06169419076610852,0.8328606016526552,0.8882110603754546,-2.569304674122427,0.5301273824875499,no
GOLD,FUNDING_EXTREME_LONG,filter_default,30,4.0,2.5,72,9,9,0.6666666666666666,0.7711664108865467,0.06169419076610852,0.8328606016526552,0.8882110603754546,-2.569304674122427,0.5301273824875499,no
GOLD,FUNDING_EXTREME_LONG,filter_blocked,30,4.0,2.5,72,0,0,,,,,,,,no
GOLD,FUNDING_EXTREME_LONG,filter_off,30,5.0,2.5,72,9,9,0.6666666666666666,0.7711664108865467,0.06169419076610852,0.8328606016526552,0.8882110603754546,-2.569304674122427,0.5301273824875499,no
GOLD,FUNDING_EXTREME_LONG,filter_default,30,5.0,2.5,72,9,9,0.6666666666666666,0.7711664108865467,0.06169419076610852,0.8328606016526552,0.8882110603754546,-2.569304674122427,0.5301273824875499,no
GOLD,FUNDING_EXTREME_LONG,filter_blocked,30,5.0,2.5,72,0,0,,,,,,,,no
GOLD,FUNDING_EXTREME_LONG,filter_off,30,6.0,3.0,72,9,9,0.6666666666666666,0.7711664108865467,0.06169419076610852,0.8328606016526552,0.8882110603754546,-2.569304674122427,0.5301273824875499,no
GOLD,FUNDING_EXTREME_LONG,filter_default,30,6.0,3.0,72,9,9,0.6666666666666666,0.7711664108865467,0.06169419076610852,0.8328606016526552,0.8882110603754546,-2.569304674122427,0.5301273824875499,no
GOLD,FUNDING_EXTREME_LONG,filter_blocked,30,6.0,3.0,72,0,0,,,,,,,,no
GOLD,FUNDING_EXTREME_LONG,filter_off,50,3.0,2.0,24,6,6,0.6666666666666666,1.0809166064396285,-0.006951674277016749,1.0739649321626117,0.9029580148075776,-0.6059335884322534,0.8899007809123082,no
GOLD,FUNDING_EXTREME_LONG,filter_default,50,3.0,2.0,24,6,6,0.6666666666666666,1.0809166064396285,-0.006951674277016749,1.0739649321626117,0.9029580148075776,-0.6059335884322534,0.8899007809123082,no
GOLD,FUNDING_EXTREME_LONG,filter_blocked,50,3.0,2.0,24,0,0,,,,,,,,no
GOLD,FUNDING_EXTREME_LONG,filter_off,50,4.0,2.5,24,6,6,0.6666666666666666,1.0809166064396285,-0.006951674277016749,1.0739649321626117,0.9029580148075776,-0.6059335884322534,0.8899007809123082,no
GOLD,FUNDING_EXTREME_LONG,filter_default,50,4.0,2.5,24,6,6,0.6666666666666666,1.0809166064396285,-0.006951674277016749,1.0739649321626117,0.9029580148075776,-0.6059335884322534,0.8899007809123082,no
GOLD,FUNDING_EXTREME_LONG,filter_blocked,50,4.0,2.5,24,0,0,,,,,,,,no
GOLD,FUNDING_EXTREME_LONG,filter_off,50,5.0,2.5,24,6,6,0.6666666666666666,1.0809166064396285,-0.006951674277016749,1.0739649321626117,0.9029580148075776,-0.6059335884322534,0.8899007809123082,no
GOLD,FUNDING_EXTREME_LONG,filter_default,50,5.0,2.5,24,6,6,0.6666666666666666,1.0809166064396285,-0.006951674277016749,1.0739649321626117,0.9029580148075776,-0.6059335884322534,0.8899007809123082,no
GOLD,FUNDING_EXTREME_LONG,filter_blocked,50,5.0,2.5,24,0,0,,,,,,,,no
GOLD,FUNDING_EXTREME_LONG,filter_off,50,6.0,3.0,24,6,6,0.6666666666666666,1.0809166064396285,-0.006951674277016749,1.0739649321626117,0.9029580148075776,-0.6059335884322534,0.8899007809123082,no
GOLD,FUNDING_EXTREME_LONG,filter_default,50,6.0,3.0,24,6,6,0.6666666666666666,1.0809166064396285,-0.006951674277016749,1.0739649321626117,0.9029580148075776,-0.6059335884322534,0.8899007809123082,no
GOLD,FUNDING_EXTREME_LONG,filter_blocked,50,6.0,3.0,24,0,0,,,,,,,,no
GOLD,FUNDING_EXTREME_LONG,filter_off,50,3.0,2.0,48,6,6,1.0,1.5875999082327397,0.021822488584474862,1.6094223968172146,1.364374703891493,0.0,1.3867308272637904,no
GOLD,FUNDING_EXTREME_LONG,filter_default,50,3.0,2.0,48,6,6,1.0,1.5875999082327397,0.021822488584474862,1.6094223968172146,1.364374703891493,0.0,1.3867308272637904,no
GOLD,FUNDING_EXTREME_LONG,filter_blocked,50,3.0,2.0,48,0,0,,,,,,,,no
GOLD,FUNDING_EXTREME_LONG,filter_off,50,4.0,2.5,48,6,6,1.0,1.5799579714787664,0.026141362252663596,1.60609933373143,1.364374703891493,0.0,1.3750143301828723,no
GOLD,FUNDING_EXTREME_LONG,filter_default,50,4.0,2.5,48,6,6,1.0,1.5799579714787664,0.026141362252663596,1.60609933373143,1.364374703891493,0.0,1.3750143301828723,no
GOLD,FUNDING_EXTREME_LONG,filter_blocked,50,4.0,2.5,48,0,0,,,,,,,,no
GOLD,FUNDING_EXTREME_LONG,filter_off,50,5.0,2.5,48,6,6,1.0,1.5799579714787664,0.026141362252663596,1.60609933373143,1.364374703891493,0.0,1.3750143301828723,no
GOLD,FUNDING_EXTREME_LONG,filter_default,50,5.0,2.5,48,6,6,1.0,1.5799579714787664,0.026141362252663596,1.60609933373143,1.364374703891493,0.0,1.3750143301828723,no
GOLD,FUNDING_EXTREME_LONG,filter_blocked,50,5.0,2.5,48,0,0,,,,,,,,no
GOLD,FUNDING_EXTREME_LONG,filter_off,50,6.0,3.0,48,6,6,1.0,1.5799579714787664,0.026141362252663596,1.60609933373143,1.364374703891493,0.0,1.3750143301828723,no
GOLD,FUNDING_EXTREME_LONG,filter_default,50,6.0,3.0,48,6,6,1.0,1.5799579714787664,0.026141362252663596,1.60609933373143,1.364374703891493,0.0,1.3750143301828723,no
GOLD,FUNDING_EXTREME_LONG,filter_blocked,50,6.0,3.0,48,0,0,,,,,,,,no
GOLD,FUNDING_EXTREME_LONG,filter_off,50,3.0,2.0,72,6,6,0.8333333333333334,1.2161593224374008,0.04486605783866054,1.2610253802760614,0.9710062046819097,-0.9982922610377696,0.8724426103641352,no
GOLD,FUNDING_EXTREME_LONG,filter_default,50,3.0,2.0,72,6,6,0.8333333333333334,1.2161593224374008,0.04486605783866054,1.2610253802760614,0.9710062046819097,-0.9982922610377696,0.8724426103641352,no
GOLD,FUNDING_EXTREME_LONG,filter_blocked,50,3.0,2.0,72,0,0,,,,,,,,no
GOLD,FUNDING_EXTREME_LONG,filter_off,50,4.0,2.5,72,6,6,0.8333333333333334,1.2463986020443925,0.04975190258751897,1.2961505046319115,0.9710062046819097,-0.9982922610377696,0.8629995419116163,no
GOLD,FUNDING_EXTREME_LONG,filter_default,50,4.0,2.5,72,6,6,0.8333333333333334,1.2463986020443925,0.04975190258751897,1.2961505046319115,0.9710062046819097,-0.9982922610377696,0.8629995419116163,no
GOLD,FUNDING_EXTREME_LONG,filter_blocked,50,4.0,2.5,72,0,0,,,,,,,,no
GOLD,FUNDING_EXTREME_LONG,filter_off,50,5.0,2.5,72,6,6,0.8333333333333334,1.2463986020443925,0.04975190258751897,1.2961505046319115,0.9710062046819097,-0.9982922610377696,0.8629995419116163,no
GOLD,FUNDING_EXTREME_LONG,filter_default,50,5.0,2.5,72,6,6,0.8333333333333334,1.2463986020443925,0.04975190258751897,1.2961505046319115,0.9710062046819097,-0.9982922610377696,0.8629995419116163,no
GOLD,FUNDING_EXTREME_LONG,filter_blocked,50,5.0,2.5,72,0,0,,,,,,,,no
GOLD,FUNDING_EXTREME_LONG,filter_off,50,6.0,3.0,72,6,6,0.8333333333333334,1.2463986020443925,0.04975190258751897,1.2961505046319115,0.9710062046819097,-0.9982922610377696,0.8629995419116163,no
GOLD,FUNDING_EXTREME_LONG,filter_default,50,6.0,3.0,72,6,6,0.8333333333333334,1.2463986020443925,0.04975190258751897,1.2961505046319115,0.9710062046819097,-0.9982922610377696,0.8629995419116163,no
GOLD,FUNDING_EXTREME_LONG,filter_blocked,50,6.0,3.0,72,0,0,,,,,,,,no
GOLD,FUNDING_EXTREME_SHORT,filter_off,10,3.0,2.0,24,8,8,0.375,-0.4326931656074076,0.09502554223744292,-0.3376676233699647,-0.050800177198453915,-3.48194210540765,-0.4199282800908601,no
GOLD,FUNDING_EXTREME_SHORT,filter_default,10,3.0,2.0,24,8,8,0.375,-0.4326931656074076,0.09502554223744292,-0.3376676233699647,-0.050800177198453915,-3.48194210540765,-0.4199282800908601,no
GOLD,FUNDING_EXTREME_SHORT,filter_blocked,10,3.0,2.0,24,0,0,,,,,,,,no
GOLD,FUNDING_EXTREME_SHORT,filter_off,10,4.0,2.5,24,8,8,0.375,-0.44564921867540075,0.10007434360730594,-0.3455748750680948,-0.050800177198453915,-3.5452001189926907,-0.4206746540818248,no
GOLD,FUNDING_EXTREME_SHORT,filter_default,10,4.0,2.5,24,8,8,0.375,-0.44564921867540075,0.10007434360730594,-0.3455748750680948,-0.050800177198453915,-3.5452001189926907,-0.4206746540818248,no
GOLD,FUNDING_EXTREME_SHORT,filter_blocked,10,4.0,2.5,24,0,0,,,,,,,,no
GOLD,FUNDING_EXTREME_SHORT,filter_off,10,5.0,2.5,24,8,8,0.375,-0.44564921867540075,0.10007434360730594,-0.3455748750680948,-0.050800177198453915,-3.5452001189926907,-0.4206746540818248,no
GOLD,FUNDING_EXTREME_SHORT,filter_default,10,5.0,2.5,24,8,8,0.375,-0.44564921867540075,0.10007434360730594,-0.3455748750680948,-0.050800177198453915,-3.5452001189926907,-0.4206746540818248,no
GOLD,FUNDING_EXTREME_SHORT,filter_blocked,10,5.0,2.5,24,0,0,,,,,,,,no
GOLD,FUNDING_EXTREME_SHORT,filter_off,10,6.0,3.0,24,8,8,0.375,-0.44564921867540075,0.10007434360730594,-0.3455748750680948,-0.050800177198453915,-3.5452001189926907,-0.4206746540818248,no
GOLD,FUNDING_EXTREME_SHORT,filter_default,10,6.0,3.0,24,8,8,0.375,-0.44564921867540075,0.10007434360730594,-0.3455748750680948,-0.050800177198453915,-3.5452001189926907,-0.4206746540818248,no
GOLD,FUNDING_EXTREME_SHORT,filter_blocked,10,6.0,3.0,24,0,0,,,,,,,,no
GOLD,FUNDING_EXTREME_SHORT,filter_off,10,3.0,2.0,48,8,8,0.25,-0.5204415289945058,0.12791809360730594,-0.39252343538719986,-0.3662212395773061,-3.5134496751823803,-0.3556839609123566,no
GOLD,FUNDING_EXTREME_SHORT,filter_default,10,3.0,2.0,48,8,8,0.25,-0.5204415289945058,0.12791809360730594,-0.39252343538719986,-0.3662212395773061,-3.5134496751823803,-0.3556839609123566,no
GOLD,FUNDING_EXTREME_SHORT,filter_blocked,10,3.0,2.0,48,0,0,,,,,,,,no
GOLD,FUNDING_EXTREME_SHORT,filter_off,10,4.0,2.5,48,8,8,0.25,-0.4427052105865456,0.1335339611872146,-0.309171249399331,-0.3662212395773061,-3.1864686462204768,-0.31189336554699265,no
GOLD,FUNDING_EXTREME_SHORT,filter_default,10,4.0,2.5,48,8,8,0.25,-0.4427052105865456,0.1335339611872146,-0.309171249399331,-0.3662212395773061,-3.1864686462204768,-0.31189336554699265,no
GOLD,FUNDING_EXTREME_SHORT,filter_blocked,10,4.0,2.5,48,0,0,,,,,,,,no
GOLD,FUNDING_EXTREME_SHORT,filter_off,10,5.0,2.5,48,8,8,0.25,-0.4427052105865456,0.1335339611872146,-0.309171249399331,-0.3662212395773061,-3.1864686462204768,-0.31189336554699265,no
GOLD,FUNDING_EXTREME_SHORT,filter_default,10,5.0,2.5,48,8,8,0.25,-0.4427052105865456,0.1335339611872146,-0.309171249399331,-0.3662212395773061,-3.1864686462204768,-0.31189336554699265,no
GOLD,FUNDING_EXTREME_SHORT,filter_blocked,10,5.0,2.5,48,0,0,,,,,,,,no
GOLD,FUNDING_EXTREME_SHORT,filter_off,10,6.0,3.0,48,8,8,0.25,-0.4427052105865456,0.1335339611872146,-0.309171249399331,-0.3662212395773061,-3.1864686462204768,-0.31189336554699265,no
GOLD,FUNDING_EXTREME_SHORT,filter_default,10,6.0,3.0,48,8,8,0.25,-0.4427052105865456,0.1335339611872146,-0.309171249399331,-0.3662212395773061,-3.1864686462204768,-0.31189336554699265,no
GOLD,FUNDING_EXTREME_SHORT,filter_blocked,10,6.0,3.0,48,0,0,,,,,,,,no
GOLD,FUNDING_EXTREME_SHORT,filter_off,10,3.0,2.0,72,8,8,0.375,-0.1700653892343973,0.10755465182648404,-0.06251073740791327,-0.3383923520403791,-3.6797828507297456,-0.036014417904387634,no
GOLD,FUNDING_EXTREME_SHORT,filter_default,10,3.0,2.0,72,8,8,0.375,-0.1700653892343973,0.10755465182648404,-0.06251073740791327,-0.3383923520403791,-3.6797828507297456,-0.036014417904387634,no
GOLD,FUNDING_EXTREME_SHORT,filter_blocked,10,3.0,2.0,72,0,0,,,,,,,,no
GOLD,FUNDING_EXTREME_SHORT,filter_off,10,4.0,2.5,72,8,8,0.375,-0.22000602425006344,0.11260174086757992,-0.10740428338248348,-0.3383923520403791,-4.170709105903512,-0.06473076147613592,no
GOLD,FUNDING_EXTREME_SHORT,filter_default,10,4.0,2.5,72,8,8,0.375,-0.22000602425006344,0.11260174086757992,-0.10740428338248348,-0.3383923520403791,-4.170709105903512,-0.06473076147613592,no
GOLD,FUNDING_EXTREME_SHORT,filter_blocked,10,4.0,2.5,72,0,0,,,,,,,,no
GOLD,FUNDING_EXTREME_SHORT,filter_off,10,5.0,2.5,72,8,8,0.375,-0.22000602425006344,0.11260174086757992,-0.10740428338248348,-0.3383923520403791,-4.170709105903512,-0.06473076147613592,no
GOLD,FUNDING_EXTREME_SHORT,filter_default,10,5.0,2.5,72,8,8,0.375,-0.22000602425006344,0.11260174086757992,-0.10740428338248348,-0.3383923520403791,-4.170709105903512,-0.06473076147613592,no
GOLD,FUNDING_EXTREME_SHORT,filter_blocked,10,5.0,2.5,72,0,0,,,,,,,,no
GOLD,FUNDING_EXTREME_SHORT,filter_off,10,6.0,3.0,72,8,8,0.375,-0.1987430006481064,0.11228895547945207,-0.08645404516865435,-0.3383923520403791,-4.003107200192879,-0.05306741110493705,no
GOLD,FUNDING_EXTREME_SHORT,filter_default,10,6.0,3.0,72,8,8,0.375,-0.1987430006481064,0.11228895547945207,-0.08645404516865435,-0.3383923520403791,-4.003107200192879,-0.05306741110493705,no
GOLD,FUNDING_EXTREME_SHORT,filter_blocked,10,6.0,3.0,72,0,0,,,,,,,,no
GOLD,FUNDING_EXTREME_SHORT,filter_off,15,3.0,2.0,24,8,8,0.5,-0.06511597726722579,0.10054152397260274,0.03542554670537695,0.08509517587260211,-1.5592036397435238,0.06369422499706555,no
GOLD,FUNDING_EXTREME_SHORT,filter_default,15,3.0,2.0,24,8,8,0.5,-0.06511597726722579,0.10054152397260274,0.03542554670537695,0.08509517587260211,-1.5592036397435238,0.06369422499706555,no
GOLD,FUNDING_EXTREME_SHORT,filter_blocked,15,3.0,2.0,24,0,0,,,,,,,,no
GOLD,FUNDING_EXTREME_SHORT,filter_off,15,4.0,2.5,24,8,8,0.5,-0.06511597726722579,0.10054152397260274,0.03542554670537695,0.08509517587260211,-1.5592036397435238,0.06369422499706555,no
GOLD,FUNDING_EXTREME_SHORT,filter_default,15,4.0,2.5,24,8,8,0.5,-0.06511597726722579,0.10054152397260274,0.03542554670537695,0.08509517587260211,-1.5592036397435238,0.06369422499706555,no
GOLD,FUNDING_EXTREME_SHORT,filter_blocked,15,4.0,2.5,24,0,0,,,,,,,,no
GOLD,FUNDING_EXTREME_SHORT,filter_off,15,5.0,2.5,24,8,8,0.5,-0.06511597726722579,0.10054152397260274,0.03542554670537695,0.08509517587260211,-1.5592036397435238,0.06369422499706555,no
GOLD,FUNDING_EXTREME_SHORT,filter_default,15,5.0,2.5,24,8,8,0.5,-0.06511597726722579,0.10054152397260274,0.03542554670537695,0.08509517587260211,-1.5592036397435238,0.06369422499706555,no
GOLD,FUNDING_EXTREME_SHORT,filter_blocked,15,5.0,2.5,24,0,0,,,,,,,,no
GOLD,FUNDING_EXTREME_SHORT,filter_off,15,6.0,3.0,24,8,8,0.5,-0.06511597726722579,0.10054152397260274,0.03542554670537695,0.08509517587260211,-1.5592036397435238,0.06369422499706555,no
GOLD,FUNDING_EXTREME_SHORT,filter_default,15,6.0,3.0,24,8,8,0.5,-0.06511597726722579,0.10054152397260274,0.03542554670537695,0.08509517587260211,-1.5592036397435238,0.06369422499706555,no
GOLD,FUNDING_EXTREME_SHORT,filter_blocked,15,6.0,3.0,24,0,0,,,,,,,,no
GOLD,FUNDING_EXTREME_SHORT,filter_off,15,3.0,2.0,48,8,8,0.375,-0.1846238155643387,0.13379052511415526,-0.05083329045018345,-0.13438867551762215,-3.186468646220476,-0.0544556474311734,no
GOLD,FUNDING_EXTREME_SHORT,filter_default,15,3.0,2.0,48,8,8,0.375,-0.1846238155643387,0.13379052511415526,-0.05083329045018345,-0.13438867551762215,-3.186468646220476,-0.0544556474311734,no
GOLD,FUNDING_EXTREME_SHORT,filter_blocked,15,3.0,2.0,48,0,0,,,,,,,,no
GOLD,FUNDING_EXTREME_SHORT,filter_off,15,4.0,2.5,48,8,8,0.375,-0.1846238155643387,0.13379052511415526,-0.05083329045018345,-0.13438867551762215,-3.186468646220476,-0.0544556474311734,no
GOLD,FUNDING_EXTREME_SHORT,filter_default,15,4.0,2.5,48,8,8,0.375,-0.1846238155643387,0.13379052511415526,-0.05083329045018345,-0.13438867551762215,-3.186468646220476,-0.0544556474311734,no
GOLD,FUNDING_EXTREME_SHORT,filter_blocked,15,4.0,2.5,48,0,0,,,,,,,,no
GOLD,FUNDING_EXTREME_SHORT,filter_off,15,5.0,2.5,48,8,8,0.375,-0.1846238155643387,0.13379052511415526,-0.05083329045018345,-0.13438867551762215,-3.186468646220476,-0.0544556474311734,no
GOLD,FUNDING_EXTREME_SHORT,filter_default,15,5.0,2.5,48,8,8,0.375,-0.1846238155643387,0.13379052511415526,-0.05083329045018345,-0.13438867551762215,-3.186468646220476,-0.0544556474311734,no
GOLD,FUNDING_EXTREME_SHORT,filter_blocked,15,5.0,2.5,48,0,0,,,,,,,,no
GOLD,FUNDING_EXTREME_SHORT,filter_off,15,6.0,3.0,48,8,8,0.375,-0.1846238155643387,0.13379052511415526,-0.05083329045018345,-0.13438867551762215,-3.186468646220476,-0.0544556474311734,no
GOLD,FUNDING_EXTREME_SHORT,filter_default,15,6.0,3.0,48,8,8,0.375,-0.1846238155643387,0.13379052511415526,-0.05083329045018345,-0.13438867551762215,-3.186468646220476,-0.0544556474311734,no
GOLD,FUNDING_EXTREME_SHORT,filter_blocked,15,6.0,3.0,48,0,0,,,,,,,,no
GOLD,FUNDING_EXTREME_SHORT,filter_off,15,3.0,2.0,72,8,8,0.5,0.16839894710493908,0.11209660388127855,0.28049555098621765,-0.016586792510641025,-3.679782850729747,0.17950827275212083,no
GOLD,FUNDING_EXTREME_SHORT,filter_default,15,3.0,2.0,72,8,8,0.5,0.16839894710493908,0.11209660388127855,0.28049555098621765,-0.016586792510641025,-3.679782850729747,0.17950827275212083,no
GOLD,FUNDING_EXTREME_SHORT,filter_blocked,15,3.0,2.0,72,0,0,,,,,,,,no
GOLD,FUNDING_EXTREME_SHORT,filter_off,15,4.0,2.5,72,8,8,0.5,0.056269257362905056,0.11211715182648403,0.16838640918938913,-0.016586792510641025,-4.170709105903512,0.1068061139312209,no
GOLD,FUNDING_EXTREME_SHORT,filter_default,15,4.0,2.5,72,8,8,0.5,0.056269257362905056,0.11211715182648403,0.16838640918938913,-0.016586792510641025,-4.170709105903512,0.1068061139312209,no
GOLD,FUNDING_EXTREME_SHORT,filter_blocked,15,4.0,2.5,72,0,0,,,,,,,,no
GOLD,FUNDING_EXTREME_SHORT,filter_off,15,5.0,2.5,72,8,8,0.5,0.056269257362905056,0.11211715182648403,0.16838640918938913,-0.016586792510641025,-4.170709105903512,0.1068061139312209,no
GOLD,FUNDING_EXTREME_SHORT,filter_default,15,5.0,2.5,72,8,8,0.5,0.056269257362905056,0.11211715182648403,0.16838640918938913,-0.016586792510641025,-4.170709105903512,0.1068061139312209,no
GOLD,FUNDING_EXTREME_SHORT,filter_blocked,15,5.0,2.5,72,0,0,,,,,,,,no
GOLD,FUNDING_EXTREME_SHORT,filter_off,15,6.0,3.0,72,8,8,0.5,0.07753228096486209,0.11180436643835617,0.18933664740321826,-0.016586792510641025,-4.003107200192879,0.12285843833006622,no
GOLD,FUNDING_EXTREME_SHORT,filter_default,15,6.0,3.0,72,8,8,0.5,0.07753228096486209,0.11180436643835617,0.18933664740321826,-0.016586792510641025,-4.003107200192879,0.12285843833006622,no
GOLD,FUNDING_EXTREME_SHORT,filter_blocked,15,6.0,3.0,72,0,0,,,,,,,,no
GOLD,FUNDING_EXTREME_SHORT,filter_off,20,3.0,2.0,24,7,7,0.7142857142857143,0.11574783973708083,0.1112862035225049,0.22703404325958573,0.23455853641053576,-0.8046249130605696,0.4492834747464099,no
GOLD,FUNDING_EXTREME_SHORT,filter_default,20,3.0,2.0,24,7,7,0.7142857142857143,0.11574783973708083,0.1112862035225049,0.22703404325958573,0.23455853641053576,-0.8046249130605696,0.4492834747464099,no
GOLD,FUNDING_EXTREME_SHORT,filter_blocked,20,3.0,2.0,24,0,0,,,,,,,,no
GOLD,FUNDING_EXTREME_SHORT,filter_off,20,4.0,2.5,24,7,7,0.7142857142857143,0.11574783973708083,0.1112862035225049,0.22703404325958573,0.23455853641053576,-0.8046249130605696,0.4492834747464099,no
GOLD,FUNDING_EXTREME_SHORT,filter_default,20,4.0,2.5,24,7,7,0.7142857142857143,0.11574783973708083,0.1112862035225049,0.22703404325958573,0.23455853641053576,-0.8046249130605696,0.4492834747464099,no
GOLD,FUNDING_EXTREME_SHORT,filter_blocked,20,4.0,2.5,24,0,0,,,,,,,,no
GOLD,FUNDING_EXTREME_SHORT,filter_off,20,5.0,2.5,24,7,7,0.7142857142857143,0.11574783973708083,0.1112862035225049,0.22703404325958573,0.23455853641053576,-0.8046249130605696,0.4492834747464099,no
GOLD,FUNDING_EXTREME_SHORT,filter_default,20,5.0,2.5,24,7,7,0.7142857142857143,0.11574783973708083,0.1112862035225049,0.22703404325958573,0.23455853641053576,-0.8046249130605696,0.4492834747464099,no
GOLD,FUNDING_EXTREME_SHORT,filter_blocked,20,5.0,2.5,24,0,0,,,,,,,,no
GOLD,FUNDING_EXTREME_SHORT,filter_off,20,6.0,3.0,24,7,7,0.7142857142857143,0.11574783973708083,0.1112862035225049,0.22703404325958573,0.23455853641053576,-0.8046249130605696,0.4492834747464099,no
GOLD,FUNDING_EXTREME_SHORT,filter_default,20,6.0,3.0,24,7,7,0.7142857142857143,0.11574783973708083,0.1112862035225049,0.22703404325958573,0.23455853641053576,-0.8046249130605696,0.4492834747464099,no
GOLD,FUNDING_EXTREME_SHORT,filter_blocked,20,6.0,3.0,24,0,0,,,,,,,,no
GOLD,FUNDING_EXTREME_SHORT,filter_off,20,3.0,2.0,48,7,7,0.5714285714285714,0.19055831748227478,0.09755316373124592,0.28811148121352076,0.1727127235898006,-1.358529132466224,0.3357929027346393,no
GOLD,FUNDING_EXTREME_SHORT,filter_default,20,3.0,2.0,48,7,7,0.5714285714285714,0.19055831748227478,0.09755316373124592,0.28811148121352076,0.1727127235898006,-1.358529132466224,0.3357929027346393,no
GOLD,FUNDING_EXTREME_SHORT,filter_blocked,20,3.0,2.0,48,0,0,,,,,,,,no
GOLD,FUNDING_EXTREME_SHORT,filter_off,20,4.0,2.5,48,7,7,0.5714285714285714,0.19055831748227478,0.09755316373124592,0.28811148121352076,0.1727127235898006,-1.358529132466224,0.3357929027346393,no
GOLD,FUNDING_EXTREME_SHORT,filter_default,20,4.0,2.5,48,7,7,0.5714285714285714,0.19055831748227478,0.09755316373124592,0.28811148121352076,0.1727127235898006,-1.358529132466224,0.3357929027346393,no
GOLD,FUNDING_EXTREME_SHORT,filter_blocked,20,4.0,2.5,48,0,0,,,,,,,,no
GOLD,FUNDING_EXTREME_SHORT,filter_off,20,5.0,2.5,48,7,7,0.5714285714285714,0.19055831748227478,0.09755316373124592,0.28811148121352076,0.1727127235898006,-1.358529132466224,0.3357929027346393,no
GOLD,FUNDING_EXTREME_SHORT,filter_default,20,5.0,2.5,48,7,7,0.5714285714285714,0.19055831748227478,0.09755316373124592,0.28811148121352076,0.1727127235898006,-1.358529132466224,0.3357929027346393,no
GOLD,FUNDING_EXTREME_SHORT,filter_blocked,20,5.0,2.5,48,0,0,,,,,,,,no
GOLD,FUNDING_EXTREME_SHORT,filter_off,20,6.0,3.0,48,7,7,0.5714285714285714,0.19055831748227478,0.09755316373124592,0.28811148121352076,0.1727127235898006,-1.358529132466224,0.3357929027346393,no
GOLD,FUNDING_EXTREME_SHORT,filter_default,20,6.0,3.0,48,7,7,0.5714285714285714,0.19055831748227478,0.09755316373124592,0.28811148121352076,0.1727127235898006,-1.358529132466224,0.3357929027346393,no
GOLD,FUNDING_EXTREME_SHORT,filter_blocked,20,6.0,3.0,48,0,0,,,,,,,,no
GOLD,FUNDING_EXTREME_SHORT,filter_off,20,3.0,2.0,72,7,7,0.5714285714285714,0.5205556878797994,0.0769998369210698,0.5975555248008693,0.0065905001663177296,-2.246794374137319,0.3560538950695208,no
GOLD,FUNDING_EXTREME_SHORT,filter_default,20,3.0,2.0,72,7,7,0.5714285714285714,0.5205556878797994,0.0769998369210698,0.5975555248008693,0.0065905001663177296,-2.246794374137319,0.3560538950695208,no
GOLD,FUNDING_EXTREME_SHORT,filter_blocked,20,3.0,2.0,72,0,0,,,,,,,,no
GOLD,FUNDING_EXTREME_SHORT,filter_off,20,4.0,2.5,72,7,7,0.5714285714285714,0.5277615704390289,0.07649494455316375,0.6042565149921928,0.0065905001663177296,-2.7377206293110854,0.31337587275206985,no
GOLD,FUNDING_EXTREME_SHORT,filter_default,20,4.0,2.5,72,7,7,0.5714285714285714,0.5277615704390289,0.07649494455316375,0.6042565149921928,0.0065905001663177296,-2.7377206293110854,0.31337587275206985,no
GOLD,FUNDING_EXTREME_SHORT,filter_blocked,20,4.0,2.5,72,0,0,,,,,,,,no
GOLD,FUNDING_EXTREME_SHORT,filter_off,20,5.0,2.5,72,7,7,0.5714285714285714,0.2503091997626629,0.0763083822570124,0.3266175820196754,0.0065905001663177296,-2.7377206293110854,0.21797604783556737,no
GOLD,FUNDING_EXTREME_SHORT,filter_default,20,5.0,2.5,72,7,7,0.5714285714285714,0.2503091997626629,0.0763083822570124,0.3266175820196754,0.0065905001663177296,-2.7377206293110854,0.21797604783556737,no
GOLD,FUNDING_EXTREME_SHORT,filter_blocked,20,5.0,2.5,72,0,0,,,,,,,,no
GOLD,FUNDING_EXTREME_SHORT,filter_off,20,6.0,3.0,72,7,7,0.5714285714285714,0.2746097981648995,0.07595091324200914,0.3505607114069087,0.0065905001663177296,-2.5701187236004523,0.2412662030002796,no
GOLD,FUNDING_EXTREME_SHORT,filter_default,20,6.0,3.0,72,7,7,0.5714285714285714,0.2746097981648995,0.07595091324200914,0.3505607114069087,0.0065905001663177296,-2.5701187236004523,0.2412662030002796,no
GOLD,FUNDING_EXTREME_SHORT,filter_blocked,20,6.0,3.0,72,0,0,,,,,,,,no
GOLD,FUNDING_EXTREME_SHORT,filter_off,30,3.0,2.0,24,5,5,0.8,0.2809447694876033,0.15583698630136986,0.43678175578897316,0.5022607717924922,-0.039764085187599996,1.3772519913015735,no
GOLD,FUNDING_EXTREME_SHORT,filter_default,30,3.0,2.0,24,5,5,0.8,0.2809447694876033,0.15583698630136986,0.43678175578897316,0.5022607717924922,-0.039764085187599996,1.3772519913015735,no
GOLD,FUNDING_EXTREME_SHORT,filter_blocked,30,3.0,2.0,24,0,0,,,,,,,,no
GOLD,FUNDING_EXTREME_SHORT,filter_off,30,4.0,2.5,24,5,5,0.8,0.2809447694876033,0.15583698630136986,0.43678175578897316,0.5022607717924922,-0.039764085187599996,1.3772519913015735,no
GOLD,FUNDING_EXTREME_SHORT,filter_default,30,4.0,2.5,24,5,5,0.8,0.2809447694876033,0.15583698630136986,0.43678175578897316,0.5022607717924922,-0.039764085187599996,1.3772519913015735,no
GOLD,FUNDING_EXTREME_SHORT,filter_blocked,30,4.0,2.5,24,0,0,,,,,,,,no
GOLD,FUNDING_EXTREME_SHORT,filter_off,30,5.0,2.5,24,5,5,0.8,0.2809447694876033,0.15583698630136986,0.43678175578897316,0.5022607717924922,-0.039764085187599996,1.3772519913015735,no
GOLD,FUNDING_EXTREME_SHORT,filter_default,30,5.0,2.5,24,5,5,0.8,0.2809447694876033,0.15583698630136986,0.43678175578897316,0.5022607717924922,-0.039764085187599996,1.3772519913015735,no
GOLD,FUNDING_EXTREME_SHORT,filter_blocked,30,5.0,2.5,24,0,0,,,,,,,,no
GOLD,FUNDING_EXTREME_SHORT,filter_off,30,6.0,3.0,24,5,5,0.8,0.2809447694876033,0.15583698630136986,0.43678175578897316,0.5022607717924922,-0.039764085187599996,1.3772519913015735,no
GOLD,FUNDING_EXTREME_SHORT,filter_default,30,6.0,3.0,24,5,5,0.8,0.2809447694876033,0.15583698630136986,0.43678175578897316,0.5022607717924922,-0.039764085187599996,1.3772519913015735,no
GOLD,FUNDING_EXTREME_SHORT,filter_blocked,30,6.0,3.0,24,0,0,,,,,,,,no
GOLD,FUNDING_EXTREME_SHORT,filter_off,30,3.0,2.0,48,5,5,0.8,0.5548753721648514,0.14677625570776257,0.7016516278726139,0.6380604266307774,-0.039764085187599996,1.0976737025521293,no
GOLD,FUNDING_EXTREME_SHORT,filter_default,30,3.0,2.0,48,5,5,0.8,0.5548753721648514,0.14677625570776257,0.7016516278726139,0.6380604266307774,-0.039764085187599996,1.0976737025521293,no
GOLD,FUNDING_EXTREME_SHORT,filter_blocked,30,3.0,2.0,48,0,0,,,,,,,,no
GOLD,FUNDING_EXTREME_SHORT,filter_off,30,4.0,2.5,48,5,5,0.8,0.5548753721648514,0.14677625570776257,0.7016516278726139,0.6380604266307774,-0.039764085187599996,1.0976737025521293,no
GOLD,FUNDING_EXTREME_SHORT,filter_default,30,4.0,2.5,48,5,5,0.8,0.5548753721648514,0.14677625570776257,0.7016516278726139,0.6380604266307774,-0.039764085187599996,1.0976737025521293,no
GOLD,FUNDING_EXTREME_SHORT,filter_blocked,30,4.0,2.5,48,0,0,,,,,,,,no
GOLD,FUNDING_EXTREME_SHORT,filter_off,30,5.0,2.5,48,5,5,0.8,0.5548753721648514,0.14677625570776257,0.7016516278726139,0.6380604266307774,-0.039764085187599996,1.0976737025521293,no
GOLD,FUNDING_EXTREME_SHORT,filter_default,30,5.0,2.5,48,5,5,0.8,0.5548753721648514,0.14677625570776257,0.7016516278726139,0.6380604266307774,-0.039764085187599996,1.0976737025521293,no
GOLD,FUNDING_EXTREME_SHORT,filter_blocked,30,5.0,2.5,48,0,0,,,,,,,,no
GOLD,FUNDING_EXTREME_SHORT,filter_off,30,6.0,3.0,48,5,5,0.8,0.5548753721648514,0.14677625570776257,0.7016516278726139,0.6380604266307774,-0.039764085187599996,1.0976737025521293,no
GOLD,FUNDING_EXTREME_SHORT,filter_default,30,6.0,3.0,48,5,5,0.8,0.5548753721648514,0.14677625570776257,0.7016516278726139,0.6380604266307774,-0.039764085187599996,1.0976737025521293,no
GOLD,FUNDING_EXTREME_SHORT,filter_blocked,30,6.0,3.0,48,0,0,,,,,,,,no
GOLD,FUNDING_EXTREME_SHORT,filter_off,30,3.0,2.0,72,5,5,0.6,1.1159920563327397,0.12984155251141555,1.2458336088441553,0.6485895742876934,-0.1939245033563104,0.8705154007927308,no
GOLD,FUNDING_EXTREME_SHORT,filter_default,30,3.0,2.0,72,5,5,0.6,1.1159920563327397,0.12984155251141555,1.2458336088441553,0.6485895742876934,-0.1939245033563104,0.8705154007927308,no
GOLD,FUNDING_EXTREME_SHORT,filter_blocked,30,3.0,2.0,72,0,0,,,,,,,,no
GOLD,FUNDING_EXTREME_SHORT,filter_off,30,4.0,2.5,72,5,5,0.6,1.2238902004846608,0.12951004566210048,1.3534002461467614,0.6485895742876934,-0.1939245033563104,0.8408772879660794,no
GOLD,FUNDING_EXTREME_SHORT,filter_default,30,4.0,2.5,72,5,5,0.6,1.2238902004846608,0.12951004566210048,1.3534002461467614,0.6485895742876934,-0.1939245033563104,0.8408772879660794,no
GOLD,FUNDING_EXTREME_SHORT,filter_blocked,30,4.0,2.5,72,0,0,,,,,,,,no
GOLD,FUNDING_EXTREME_SHORT,filter_off,30,5.0,2.5,72,5,5,0.6,0.8354568815377483,0.1292488584474886,0.964705739985237,0.6485895742876934,-0.1939245033563104,0.933562331390582,no
GOLD,FUNDING_EXTREME_SHORT,filter_default,30,5.0,2.5,72,5,5,0.6,0.8354568815377483,0.1292488584474886,0.964705739985237,0.6485895742876934,-0.1939245033563104,0.933562331390582,no
GOLD,FUNDING_EXTREME_SHORT,filter_blocked,30,5.0,2.5,72,0,0,,,,,,,,no
GOLD,FUNDING_EXTREME_SHORT,filter_off,30,6.0,3.0,72,5,5,0.6,0.8354568815377483,0.1292488584474886,0.964705739985237,0.6485895742876934,-0.1939245033563104,0.933562331390582,no
GOLD,FUNDING_EXTREME_SHORT,filter_default,30,6.0,3.0,72,5,5,0.6,0.8354568815377483,0.1292488584474886,0.964705739985237,0.6485895742876934,-0.1939245033563104,0.933562331390582,no
GOLD,FUNDING_EXTREME_SHORT,filter_blocked,30,6.0,3.0,72,0,0,,,,,,,,no
GOLD,FUNDING_EXTREME_SHORT,filter_off,50,3.0,2.0,24,4,4,1.0,0.29777751018259246,0.19116352739726028,0.48894103757985274,0.42248465155663195,0.0,1.7527707560862662,no
GOLD,FUNDING_EXTREME_SHORT,filter_default,50,3.0,2.0,24,4,4,1.0,0.29777751018259246,0.19116352739726028,0.48894103757985274,0.42248465155663195,0.0,1.7527707560862662,no
GOLD,FUNDING_EXTREME_SHORT,filter_blocked,50,3.0,2.0,24,0,0,,,,,,,,no
GOLD,FUNDING_EXTREME_SHORT,filter_off,50,4.0,2.5,24,4,4,1.0,0.29777751018259246,0.19116352739726028,0.48894103757985274,0.42248465155663195,0.0,1.7527707560862662,no
GOLD,FUNDING_EXTREME_SHORT,filter_default,50,4.0,2.5,24,4,4,1.0,0.29777751018259246,0.19116352739726028,0.48894103757985274,0.42248465155663195,0.0,1.7527707560862662,no
GOLD,FUNDING_EXTREME_SHORT,filter_blocked,50,4.0,2.5,24,0,0,,,,,,,,no
GOLD,FUNDING_EXTREME_SHORT,filter_off,50,5.0,2.5,24,4,4,1.0,0.29777751018259246,0.19116352739726028,0.48894103757985274,0.42248465155663195,0.0,1.7527707560862662,no
GOLD,FUNDING_EXTREME_SHORT,filter_default,50,5.0,2.5,24,4,4,1.0,0.29777751018259246,0.19116352739726028,0.48894103757985274,0.42248465155663195,0.0,1.7527707560862662,no
GOLD,FUNDING_EXTREME_SHORT,filter_blocked,50,5.0,2.5,24,0,0,,,,,,,,no
GOLD,FUNDING_EXTREME_SHORT,filter_off,50,6.0,3.0,24,4,4,1.0,0.29777751018259246,0.19116352739726028,0.48894103757985274,0.42248465155663195,0.0,1.7527707560862662,no
GOLD,FUNDING_EXTREME_SHORT,filter_default,50,6.0,3.0,24,4,4,1.0,0.29777751018259246,0.19116352739726028,0.48894103757985274,0.42248465155663195,0.0,1.7527707560862662,no
GOLD,FUNDING_EXTREME_SHORT,filter_blocked,50,6.0,3.0,24,0,0,,,,,,,,no
GOLD,FUNDING_EXTREME_SHORT,filter_off,50,3.0,2.0,48,4,4,0.75,0.11608962879597617,0.18436957762557077,0.30045920642154694,0.42978532304977257,-1.426213524316807,0.26209534685605357,no
GOLD,FUNDING_EXTREME_SHORT,filter_default,50,3.0,2.0,48,4,4,0.75,0.11608962879597617,0.18436957762557077,0.30045920642154694,0.42978532304977257,-1.426213524316807,0.26209534685605357,no
GOLD,FUNDING_EXTREME_SHORT,filter_blocked,50,3.0,2.0,48,0,0,,,,,,,,no
GOLD,FUNDING_EXTREME_SHORT,filter_off,50,4.0,2.5,48,4,4,0.75,0.11608962879597617,0.18436957762557077,0.30045920642154694,0.42978532304977257,-1.426213524316807,0.26209534685605357,no
GOLD,FUNDING_EXTREME_SHORT,filter_default,50,4.0,2.5,48,4,4,0.75,0.11608962879597617,0.18436957762557077,0.30045920642154694,0.42978532304977257,-1.426213524316807,0.26209534685605357,no
GOLD,FUNDING_EXTREME_SHORT,filter_blocked,50,4.0,2.5,48,0,0,,,,,,,,no
GOLD,FUNDING_EXTREME_SHORT,filter_off,50,5.0,2.5,48,4,4,0.75,0.11608962879597617,0.18436957762557077,0.30045920642154694,0.42978532304977257,-1.426213524316807,0.26209534685605357,no
GOLD,FUNDING_EXTREME_SHORT,filter_default,50,5.0,2.5,48,4,4,0.75,0.11608962879597617,0.18436957762557077,0.30045920642154694,0.42978532304977257,-1.426213524316807,0.26209534685605357,no
GOLD,FUNDING_EXTREME_SHORT,filter_blocked,50,5.0,2.5,48,0,0,,,,,,,,no
GOLD,FUNDING_EXTREME_SHORT,filter_off,50,6.0,3.0,48,4,4,0.75,0.11608962879597617,0.18436957762557077,0.30045920642154694,0.42978532304977257,-1.426213524316807,0.26209534685605357,no
GOLD,FUNDING_EXTREME_SHORT,filter_default,50,6.0,3.0,48,4,4,0.75,0.11608962879597617,0.18436957762557077,0.30045920642154694,0.42978532304977257,-1.426213524316807,0.26209534685605357,no
GOLD,FUNDING_EXTREME_SHORT,filter_blocked,50,6.0,3.0,48,0,0,,,,,,,,no
GOLD,FUNDING_EXTREME_SHORT,filter_off,50,3.0,2.0,72,4,4,0.75,0.37340756367811034,0.16229138127853884,0.5356989449566493,0.4350498968782306,-0.950128275867979,0.47140393940038355,no
GOLD,FUNDING_EXTREME_SHORT,filter_default,50,3.0,2.0,72,4,4,0.75,0.37340756367811034,0.16229138127853884,0.5356989449566493,0.4350498968782306,-0.950128275867979,0.47140393940038355,no
GOLD,FUNDING_EXTREME_SHORT,filter_blocked,50,3.0,2.0,72,0,0,,,,,,,,no
GOLD,FUNDING_EXTREME_SHORT,filter_off,50,4.0,2.5,72,4,4,0.75,0.37340756367811034,0.16229138127853884,0.5356989449566493,0.4350498968782306,-0.950128275867979,0.47140393940038355,no
GOLD,FUNDING_EXTREME_SHORT,filter_default,50,4.0,2.5,72,4,4,0.75,0.37340756367811034,0.16229138127853884,0.5356989449566493,0.4350498968782306,-0.950128275867979,0.47140393940038355,no
GOLD,FUNDING_EXTREME_SHORT,filter_blocked,50,4.0,2.5,72,0,0,,,,,,,,no
GOLD,FUNDING_EXTREME_SHORT,filter_off,50,5.0,2.5,72,4,4,0.75,0.37340756367811034,0.16229138127853884,0.5356989449566493,0.4350498968782306,-0.950128275867979,0.47140393940038355,no
GOLD,FUNDING_EXTREME_SHORT,filter_default,50,5.0,2.5,72,4,4,0.75,0.37340756367811034,0.16229138127853884,0.5356989449566493,0.4350498968782306,-0.950128275867979,0.47140393940038355,no
GOLD,FUNDING_EXTREME_SHORT,filter_blocked,50,5.0,2.5,72,0,0,,,,,,,,no
GOLD,FUNDING_EXTREME_SHORT,filter_off,50,6.0,3.0,72,4,4,0.75,0.37340756367811034,0.16229138127853884,0.5356989449566493,0.4350498968782306,-0.950128275867979,0.47140393940038355,no
GOLD,FUNDING_EXTREME_SHORT,filter_default,50,6.0,3.0,72,4,4,0.75,0.37340756367811034,0.16229138127853884,0.5356989449566493,0.4350498968782306,-0.950128275867979,0.47140393940038355,no
GOLD,FUNDING_EXTREME_SHORT,filter_blocked,50,6.0,3.0,72,0,0,,,,,,,,no
AMZN,FUNDING_EXTREME_LONG,filter_off,10,3.0,2.0,24,26,26,0.38461538461538464,-0.8069766356334082,0.02988790832455216,-0.777088727308856,-0.39794471587426566,-22.6528159592846,-0.46428534037144453,no
AMZN,FUNDING_EXTREME_LONG,filter_default,10,3.0,2.0,24,20,20,0.4,-0.6283075430711138,0.026003538812785387,-0.6023040042583284,-0.17320482793180245,-13.785929154039025,-0.3759897067470471,no
AMZN,FUNDING_EXTREME_LONG,filter_blocked,10,3.0,2.0,24,6,6,0.3333333333333333,-1.4025402775077225,0.04283580669710807,-1.3597044708106145,-1.3451608103826231,-9.306895445676105,-0.766808826760137,no
AMZN,FUNDING_EXTREME_LONG,filter_off,10,4.0,2.5,24,26,26,0.38461538461538464,-0.8791451411588448,0.02996008956796628,-0.8491850515908785,-0.39794471587426566,-24.52732039061718,-0.48119273093490106,no
AMZN,FUNDING_EXTREME_LONG,filter_default,10,4.0,2.5,24,20,20,0.4,-0.6283075430711138,0.026003538812785387,-0.6023040042583284,-0.17320482793180245,-13.785929154039025,-0.3759897067470471,no
AMZN,FUNDING_EXTREME_LONG,filter_blocked,10,4.0,2.5,24,6,6,0.3333333333333333,-1.7152704681179483,0.04314859208523592,-1.6721218760327123,-1.3451608103826231,-11.181399877008692,-0.8297260457923007,no
AMZN,FUNDING_EXTREME_LONG,filter_off,10,5.0,2.5,24,26,26,0.38461538461538464,-0.8791451411588448,0.02996008956796628,-0.8491850515908785,-0.39794471587426566,-24.52732039061718,-0.48119273093490106,no
AMZN,FUNDING_EXTREME_LONG,filter_default,10,5.0,2.5,24,20,20,0.4,-0.6283075430711138,0.026003538812785387,-0.6023040042583284,-0.17320482793180245,-13.785929154039025,-0.3759897067470471,no
AMZN,FUNDING_EXTREME_LONG,filter_blocked,10,5.0,2.5,24,6,6,0.3333333333333333,-1.7152704681179483,0.04314859208523592,-1.6721218760327123,-1.3451608103826231,-11.181399877008692,-0.8297260457923007,no
AMZN,FUNDING_EXTREME_LONG,filter_off,10,6.0,3.0,24,26,26,0.38461538461538464,-0.899856427618317,0.03010445205479452,-0.8697519755635225,-0.39794471587426566,-25.06206041390592,-0.48580163925265696,no
AMZN,FUNDING_EXTREME_LONG,filter_default,10,6.0,3.0,24,20,20,0.4,-0.6552322154684276,0.0261912100456621,-0.6290410054227655,-0.17320482793180245,-14.320669177327767,-0.3830026689872318,no
AMZN,FUNDING_EXTREME_LONG,filter_blocked,10,6.0,3.0,24,6,6,0.3333333333333333,-1.7152704681179483,0.04314859208523592,-1.6721218760327123,-1.3451608103826231,-11.181399877008692,-0.8297260457923007,no
AMZN,FUNDING_EXTREME_LONG,filter_off,10,3.0,2.0,48,26,26,0.3076923076923077,-1.3758175424211376,0.04056484896382156,-1.3352526934573161,-1.890257793327712,-39.30546178426222,-0.6368091146637624,no
AMZN,FUNDING_EXTREME_LONG,filter_default,10,3.0,2.0,48,20,20,0.35,-1.3201462385062013,0.03442271689497717,-1.2857235216112242,-1.7481376497570271,-27.749573055328984,-0.626188114925342,no
AMZN,FUNDING_EXTREME_LONG,filter_blocked,10,3.0,2.0,48,6,6,0.16666666666666666,-1.5613885554709253,0.061038622526636215,-1.5003499329442893,-2.031583019520723,-11.555888728933231,-0.6734545586980869,no
AMZN,FUNDING_EXTREME_LONG,filter_off,10,4.0,2.5,48,26,26,0.3076923076923077,-1.4365901139576842,0.04381708816297857,-1.3927730257947057,-1.7481376497570271,-40.80099042503435,-0.6428302534720514,no
AMZN,FUNDING_EXTREME_LONG,filter_default,10,4.0,2.5,48,20,20,0.35,-1.2913946253165036,0.037433504566210044,-1.2539611207502936,-1.3064040283350076,-27.11432503811038,-0.6065967309451473,no
AMZN,FUNDING_EXTREME_LONG,filter_blocked,10,4.0,2.5,48,6,6,0.16666666666666666,-1.9205750760949527,0.06509570015220699,-1.855479375942746,-2.514439193009782,-13.686665386923972,-0.7691853236872385,no
AMZN,FUNDING_EXTREME_LONG,filter_off,10,5.0,2.5,48,26,26,0.3076923076923077,-1.4365901139576842,0.04381708816297857,-1.3927730257947057,-1.7481376497570271,-40.80099042503435,-0.6428302534720514,no
AMZN,FUNDING_EXTREME_LONG,filter_default,10,5.0,2.5,48,20,20,0.35,-1.2913946253165036,0.037433504566210044,-1.2539611207502936,-1.3064040283350076,-27.11432503811038,-0.6065967309451473,no
AMZN,FUNDING_EXTREME_LONG,filter_blocked,10,5.0,2.5,48,6,6,0.16666666666666666,-1.9205750760949527,0.06509570015220699,-1.855479375942746,-2.514439193009782,-13.686665386923972,-0.7691853236872385,no
AMZN,FUNDING_EXTREME_LONG,filter_off,10,6.0,3.0,48,26,26,0.3076923076923077,-1.4034598867369608,0.04843822444678608,-1.3550216622901747,-1.248356215563672,-39.81945497391656,-0.6142002602085294,no
AMZN,FUNDING_EXTREME_LONG,filter_default,10,6.0,3.0,48,20,20,0.35,-1.1724417299352619,0.04334714611872145,-1.1290945838165405,-0.9622325095123299,-24.616994299435312,-0.5557148768537088,no
AMZN,FUNDING_EXTREME_LONG,filter_blocked,10,6.0,3.0,48,6,6,0.16666666666666666,-2.173520409409291,0.06540848554033485,-2.108111923868956,-3.0969713485160932,-15.202460674481232,-0.8210138483383552,no
AMZN,FUNDING_EXTREME_LONG,filter_off,10,3.0,2.0,72,26,26,0.3076923076923077,-1.5540419721545555,0.04495398665261678,-1.5090879855019388,-2.085249450755339,-44.414097225769865,-0.6634165775664268,no
AMZN,FUNDING_EXTREME_LONG,filter_default,10,3.0,2.0,72,20,20,0.35,-1.5778282243846558,0.03987659817351598,-1.53795162621114,-2.0925136453586632,-32.85820849683663,-0.6871187704461497,no
AMZN,FUNDING_EXTREME_LONG,filter_blocked,10,3.0,2.0,72,6,6,0.16666666666666666,-1.474754464720888,0.061878614916286136,-1.412875849804602,-2.031583019520723,-11.555888728933231,-0.5912287261662409,no
AMZN,FUNDING_EXTREME_LONG,filter_off,10,4.0,2.5,72,26,26,0.3076923076923077,-1.7718875816550308,0.04715156304882332,-1.7247360186062075,-2.6748586240287855,-51.57755158413991,-0.7652417409337137,no
AMZN,FUNDING_EXTREME_LONG,filter_default,10,4.0,2.5,72,20,20,0.35,-1.8479494285160702,0.04608561643835617,-1.8018638120777142,-2.6810976709076018,-39.71081747891352,-0.8446018604194664,no
AMZN,FUNDING_EXTREME_LONG,filter_blocked,10,4.0,2.5,72,6,6,0.16666666666666666,-1.5183480921182324,0.05070471841704717,-1.4676433737011851,-1.6044735521609879,-11.866734105226383,-0.5646680373330849,no
AMZN,FUNDING_EXTREME_LONG,filter_off,10,5.0,2.5,72,26,26,0.3076923076923077,-1.7718875816550308,0.04715156304882332,-1.7247360186062075,-2.6748586240287855,-51.57755158413991,-0.7652417409337137,no
AMZN,FUNDING_EXTREME_LONG,filter_default,10,5.0,2.5,72,20,20,0.35,-1.8479494285160702,0.04608561643835617,-1.8018638120777142,-2.6810976709076018,-39.71081747891352,-0.8446018604194664,no
AMZN,FUNDING_EXTREME_LONG,filter_blocked,10,5.0,2.5,72,6,6,0.16666666666666666,-1.5183480921182324,0.05070471841704717,-1.4676433737011851,-1.6044735521609879,-11.866734105226383,-0.5646680373330849,no
AMZN,FUNDING_EXTREME_LONG,filter_off,10,6.0,3.0,72,26,26,0.3076923076923077,-1.7592693080212094,0.0577952669476642,-1.7014740410735452,-1.5611490279647344,-50.972740168290684,-0.7049198822736222,no
AMZN,FUNDING_EXTREME_LONG,filter_default,10,6.0,3.0,72,20,20,0.35,-1.7556620727978012,0.05982859589041095,-1.6958334769073902,-1.5611490279647344,-37.59021077550703,-0.7396969189020823,no
AMZN,FUNDING_EXTREME_LONG,filter_blocked,10,6.0,3.0,72,6,6,0.16666666666666666,-1.7712934254325703,0.05101750380517502,-1.7202759216273953,-2.187005707667299,-13.382529392783644,-0.6189228233256384,no
AMZN,FUNDING_EXTREME_LONG,filter_off,15,3.0,2.0,24,22,22,0.45454545454545453,-0.5308426074768361,0.03252293482772935,-0.49831967264910676,-0.11213542961286369,-13.85478852505011,-0.3022570044914918,no
AMZN,FUNDING_EXTREME_LONG,filter_default,15,3.0,2.0,24,16,16,0.5,-0.3030498986395222,0.02791638127853881,-0.2751335173609834,-0.010280235343516499,-7.810314711445452,-0.19781800967611698,no
AMZN,FUNDING_EXTREME_LONG,filter_blocked,15,3.0,2.0,24,6,6,0.3333333333333333,-1.1382898310430063,0.044807077625570776,-1.0934827534174356,-1.3451608103826231,-7.752025660506854,-0.5260559069126413,no
AMZN,FUNDING_EXTREME_LONG,filter_off,15,4.0,2.5,24,22,22,0.45454545454545453,-0.616132659461443,0.032608239933582396,-0.5835244195278607,-0.11213542961286369,-15.729292956382697,-0.3295987124103771,no
AMZN,FUNDING_EXTREME_LONG,filter_default,15,4.0,2.5,24,16,16,0.5,-0.3030498986395222,0.02791638127853881,-0.2751335173609834,-0.010280235343516499,-7.810314711445452,-0.19781800967611698,no
AMZN,FUNDING_EXTREME_LONG,filter_blocked,15,4.0,2.5,24,6,6,0.3333333333333333,-1.451020021653232,0.04511986301369863,-1.4059001586395334,-1.3451608103826231,-9.626530091839442,-0.6047689359525651,no
AMZN,FUNDING_EXTREME_LONG,filter_off,15,5.0,2.5,24,22,22,0.45454545454545453,-0.616132659461443,0.032608239933582396,-0.5835244195278607,-0.11213542961286369,-15.729292956382697,-0.3295987124103771,no
AMZN,FUNDING_EXTREME_LONG,filter_default,15,5.0,2.5,24,16,16,0.5,-0.3030498986395222,0.02791638127853881,-0.2751335173609834,-0.010280235343516499,-7.810314711445452,-0.19781800967611698,no
AMZN,FUNDING_EXTREME_LONG,filter_blocked,15,5.0,2.5,24,6,6,0.3333333333333333,-1.451020021653232,0.04511986301369863,-1.4059001586395334,-1.3451608103826231,-9.626530091839442,-0.6047689359525651,no
AMZN,FUNDING_EXTREME_LONG,filter_off,15,6.0,3.0,24,22,22,0.45454545454545453,-0.616132659461443,0.032608239933582396,-0.5835244195278607,-0.11213542961286369,-15.729292956382697,-0.3295987124103771,no
AMZN,FUNDING_EXTREME_LONG,filter_default,15,6.0,3.0,24,16,16,0.5,-0.3030498986395222,0.02791638127853881,-0.2751335173609834,-0.010280235343516499,-7.810314711445452,-0.19781800967611698,no
AMZN,FUNDING_EXTREME_LONG,filter_blocked,15,6.0,3.0,24,6,6,0.3333333333333333,-1.451020021653232,0.04511986301369863,-1.4059001586395334,-1.3451608103826231,-9.626530091839442,-0.6047689359525651,no
AMZN,FUNDING_EXTREME_LONG,filter_off,15,3.0,2.0,48,22,22,0.4090909090909091,-0.9054191119623114,0.044117164798671636,-0.8613019471636397,-0.304452224363072,-24.016369861698223,-0.3975998253030593,no
AMZN,FUNDING_EXTREME_LONG,filter_default,15,3.0,2.0,48,16,16,0.4375,-0.9179559392257577,0.03669563356164383,-0.8812603056641138,-0.30268358472645845,-16.15816447240675,-0.42741816180331416,no
AMZN,FUNDING_EXTREME_LONG,filter_blocked,15,3.0,2.0,48,6,6,0.3333333333333333,-0.871987572593121,0.06390791476407913,-0.808079657829042,-1.0917500390207202,-7.858205389291468,-0.3336380472163451,no
AMZN,FUNDING_EXTREME_LONG,filter_off,15,4.0,2.5,48,22,22,0.4090909090909091,-1.0082281865513647,0.048257679535076786,-0.9599705070162878,-0.304452224363072,-26.127996022030153,-0.42282893160945484,no
AMZN,FUNDING_EXTREME_LONG,filter_default,15,4.0,2.5,48,16,16,0.4375,-0.9126438100697964,0.040654609018264835,-0.8719892010515317,-0.30268358472645845,-16.139013974747947,-0.41334886432263307,no
AMZN,FUNDING_EXTREME_LONG,filter_blocked,15,4.0,2.5,48,6,6,0.3333333333333333,-1.2631198571688798,0.06853253424657532,-1.1945873229223045,-1.2198861523497966,-9.98898204728221,-0.4529149104886342,no
AMZN,FUNDING_EXTREME_LONG,filter_off,15,5.0,2.5,48,22,22,0.4090909090909091,-1.0082281865513647,0.048257679535076786,-0.9599705070162878,-0.304452224363072,-26.127996022030153,-0.42282893160945484,no
AMZN,FUNDING_EXTREME_LONG,filter_default,15,5.0,2.5,48,16,16,0.4375,-0.9126438100697964,0.040654609018264835,-0.8719892010515317,-0.30268358472645845,-16.139013974747947,-0.41334886432263307,no
AMZN,FUNDING_EXTREME_LONG,filter_blocked,15,5.0,2.5,48,6,6,0.3333333333333333,-1.2631198571688798,0.06853253424657532,-1.1945873229223045,-1.2198861523497966,-9.98898204728221,-0.4529149104886342,no
AMZN,FUNDING_EXTREME_LONG,filter_off,15,6.0,3.0,48,22,22,0.4090909090909091,-0.9443054818507526,0.053264061851390605,-0.8910414199993619,-0.304452224363072,-24.611556107657783,-0.399400687685876,no
AMZN,FUNDING_EXTREME_LONG,filter_default,15,6.0,3.0,48,16,16,0.4375,-0.8247500911064548,0.04753838470319634,-0.7772117064032584,-0.30268358472645845,-14.622574060375577,-0.3798163883763997,no
AMZN,FUNDING_EXTREME_LONG,filter_blocked,15,6.0,3.0,48,6,6,0.3333333333333333,-1.2631198571688798,0.06853253424657532,-1.1945873229223045,-1.2198861523497966,-9.98898204728221,-0.4529149104886342,no
AMZN,FUNDING_EXTREME_LONG,filter_off,15,3.0,2.0,72,22,22,0.4090909090909091,-1.111593542009505,0.04808265877957658,-1.0635108832299285,-2.0115406333936714,-28.434570114266762,-0.4593082695319355,no
AMZN,FUNDING_EXTREME_LONG,filter_default,15,3.0,2.0,72,16,16,0.4375,-1.1663608403024377,0.041236658105022826,-1.1251241821974147,-2.0460488259047764,-20.02959015604976,-0.4904766333689574,no
AMZN,FUNDING_EXTREME_LONG,filter_blocked,15,3.0,2.0,72,6,6,0.3333333333333333,-0.9655474132283514,0.0663386605783866,-0.8992087526499649,-1.0917500390207202,-8.404979958217007,-0.38036612521571983,no
AMZN,FUNDING_EXTREME_LONG,filter_off,15,4.0,2.5,72,22,22,0.4090909090909091,-1.3714338627890605,0.051400477376504765,-1.3200333854125559,-1.0956068805001737,-35.900986640279754,-0.560547004691276,no
AMZN,FUNDING_EXTREME_LONG,filter_default,15,4.0,2.5,72,16,16,0.4375,-1.5136689012943447,0.049502354452054795,-1.46416654684229,-2.165991952367971,-27.185161305769597,-0.6557528848590101,no
AMZN,FUNDING_EXTREME_LONG,filter_blocked,15,4.0,2.5,72,6,6,0.3333333333333333,-0.9921404267749696,0.05646213850837136,-0.9356782882665983,-0.30992051150100264,-8.715825334510159,-0.3578651402627468,no
AMZN,FUNDING_EXTREME_LONG,filter_off,15,5.0,2.5,72,22,22,0.4090909090909091,-1.3714338627890605,0.051400477376504765,-1.3200333854125559,-1.0956068805001737,-35.900986640279754,-0.560547004691276,no
AMZN,FUNDING_EXTREME_LONG,filter_default,15,5.0,2.5,72,16,16,0.4375,-1.5136689012943447,0.049502354452054795,-1.46416654684229,-2.165991952367971,-27.185161305769597,-0.6557528848590101,no
AMZN,FUNDING_EXTREME_LONG,filter_blocked,15,5.0,2.5,72,6,6,0.3333333333333333,-0.9921404267749696,0.05646213850837136,-0.9356782882665983,-0.30992051150100264,-8.715825334510159,-0.3578651402627468,no
AMZN,FUNDING_EXTREME_LONG,filter_off,15,6.0,3.0,72,22,22,0.4090909090909091,-1.3721554661122455,0.06534163553341635,-1.306813830578829,-0.9653308866757563,-35.61015643393776,-0.5341022456208049,no
AMZN,FUNDING_EXTREME_LONG,filter_default,15,6.0,3.0,72,16,16,0.4375,-1.5146611058637238,0.0686714469178082,-1.4459896589459156,-1.5611490279647344,-26.894331099427607,-0.6112086671778708,no
AMZN,FUNDING_EXTREME_LONG,filter_blocked,15,6.0,3.0,72,6,6,0.3333333333333333,-0.9921404267749696,0.05646213850837136,-0.9356782882665983,-0.30992051150100264,-8.715825334510159,-0.3578651402627468,no
AMZN,FUNDING_EXTREME_LONG,filter_off,20,3.0,2.0,24,20,20,0.6,-0.3095120695369108,0.033554794520547944,-0.27595727501636286,0.1918088567229866,-11.895198796839022,-0.170333514474354,no
AMZN,FUNDING_EXTREME_LONG,filter_default,20,3.0,2.0,24,15,15,0.5333333333333333,-0.3587290137686387,0.027136149162861493,-0.3315928646057772,0.017939298069272053,-8.218175687753503,-0.2485463899480225,no
AMZN,FUNDING_EXTREME_LONG,filter_blocked,20,3.0,2.0,24,5,5,0.8,-0.16186123684172707,0.0528107305936073,-0.10905050624811984,0.8931760101643732,-4.5701991192498905,-0.04818432332567786,no
AMZN,FUNDING_EXTREME_LONG,filter_off,20,4.0,2.5,24,20,20,0.6,-0.3095120695369108,0.033554794520547944,-0.27595727501636286,0.1918088567229866,-11.895198796839022,-0.170333514474354,no
AMZN,FUNDING_EXTREME_LONG,filter_default,20,4.0,2.5,24,15,15,0.5333333333333333,-0.3587290137686387,0.027136149162861493,-0.3315928646057772,0.017939298069272053,-8.218175687753503,-0.2485463899480225,no
AMZN,FUNDING_EXTREME_LONG,filter_blocked,20,4.0,2.5,24,5,5,0.8,-0.16186123684172707,0.0528107305936073,-0.10905050624811984,0.8931760101643732,-4.5701991192498905,-0.04818432332567786,no
AMZN,FUNDING_EXTREME_LONG,filter_off,20,5.0,2.5,24,20,20,0.6,-0.3095120695369108,0.033554794520547944,-0.27595727501636286,0.1918088567229866,-11.895198796839022,-0.170333514474354,no
AMZN,FUNDING_EXTREME_LONG,filter_default,20,5.0,2.5,24,15,15,0.5333333333333333,-0.3587290137686387,0.027136149162861493,-0.3315928646057772,0.017939298069272053,-8.218175687753503,-0.2485463899480225,no
AMZN,FUNDING_EXTREME_LONG,filter_blocked,20,5.0,2.5,24,5,5,0.8,-0.16186123684172707,0.0528107305936073,-0.10905050624811984,0.8931760101643732,-4.5701991192498905,-0.04818432332567786,no
AMZN,FUNDING_EXTREME_LONG,filter_off,20,6.0,3.0,24,20,20,0.6,-0.3095120695369108,0.033554794520547944,-0.27595727501636286,0.1918088567229866,-11.895198796839022,-0.170333514474354,no
AMZN,FUNDING_EXTREME_LONG,filter_default,20,6.0,3.0,24,15,15,0.5333333333333333,-0.3587290137686387,0.027136149162861493,-0.3315928646057772,0.017939298069272053,-8.218175687753503,-0.2485463899480225,no
AMZN,FUNDING_EXTREME_LONG,filter_blocked,20,6.0,3.0,24,5,5,0.8,-0.16186123684172707,0.0528107305936073,-0.10905050624811984,0.8931760101643732,-4.5701991192498905,-0.04818432332567786,no
AMZN,FUNDING_EXTREME_LONG,filter_off,20,3.0,2.0,48,20,20,0.4,-0.7945319183923394,0.04932442922374428,-0.745207489168595,-0.2643657120661731,-19.971876807470046,-0.33707937512557584,no
AMZN,FUNDING_EXTREME_LONG,filter_default,20,3.0,2.0,48,15,15,0.3333333333333333,-1.0170999700645411,0.04060943683409436,-0.9764905332304467,-0.44219570406518194,-16.70535758023763,-0.4752561263603267,no
AMZN,FUNDING_EXTREME_LONG,filter_blocked,20,3.0,2.0,48,5,5,0.6,-0.12682776337573412,0.07546940639269405,-0.051358356983040185,0.5884299482389856,-4.5701991192498905,-0.020554292781669824,no
AMZN,FUNDING_EXTREME_LONG,filter_off,20,4.0,2.5,48,20,20,0.4,-0.7666584628825052,0.052472317351598165,-0.714186145530907,-0.2643657120661731,-19.16318060214745,-0.3234710746741275,no
AMZN,FUNDING_EXTREME_LONG,filter_default,20,4.0,2.5,48,15,15,0.3333333333333333,-0.967157057137403,0.04457960426179604,-0.9225774528756069,-0.44219570406518194,-15.896661374915034,-0.44388610724313626,no
AMZN,FUNDING_EXTREME_LONG,filter_blocked,20,4.0,2.5,48,5,5,0.6,-0.1651626801178118,0.07615045662100456,-0.0890122234968073,0.5884299482389856,-4.5701991192498905,-0.036283223438714325,no
AMZN,FUNDING_EXTREME_LONG,filter_off,20,5.0,2.5,48,20,20,0.4,-0.7666584628825052,0.052472317351598165,-0.714186145530907,-0.2643657120661731,-19.16318060214745,-0.3234710746741275,no
AMZN,FUNDING_EXTREME_LONG,filter_default,20,5.0,2.5,48,15,15,0.3333333333333333,-0.967157057137403,0.04457960426179604,-0.9225774528756069,-0.44219570406518194,-15.896661374915034,-0.44388610724313626,no
AMZN,FUNDING_EXTREME_LONG,filter_blocked,20,5.0,2.5,48,5,5,0.6,-0.1651626801178118,0.07615045662100456,-0.0890122234968073,0.5884299482389856,-4.5701991192498905,-0.036283223438714325,no
AMZN,FUNDING_EXTREME_LONG,filter_off,20,6.0,3.0,48,20,20,0.4,-0.7482134318455547,0.05330445205479451,-0.6949089797907602,-0.2643657120661731,-18.777637287344515,-0.31731852918975567,no
AMZN,FUNDING_EXTREME_LONG,filter_default,20,6.0,3.0,48,15,15,0.3333333333333333,-0.9425636824214689,0.045689117199391165,-0.8968745652220778,-0.44219570406518194,-15.511118060112098,-0.43632638155266273,no
AMZN,FUNDING_EXTREME_LONG,filter_blocked,20,6.0,3.0,48,5,5,0.6,-0.1651626801178118,0.07615045662100456,-0.0890122234968073,0.5884299482389856,-4.5701991192498905,-0.036283223438714325,no
AMZN,FUNDING_EXTREME_LONG,filter_off,20,3.0,2.0,72,20,20,0.4,-1.235680620252747,0.0555816210045662,-1.1800989992481807,-1.459376732422445,-28.63931066817195,-0.5326596495291168,no
AMZN,FUNDING_EXTREME_LONG,filter_default,20,3.0,2.0,72,15,15,0.3333333333333333,-1.436533720952573,0.0463904109589041,-1.3901433099936689,-2.0101457533113662,-22.879752890796155,-0.6845220461127337,no
AMZN,FUNDING_EXTREME_LONG,filter_blocked,20,3.0,2.0,72,5,5,0.6,-0.633121318153269,0.08315525114155249,-0.5499660670117167,0.3950939447352924,-6.347987725614786,-0.21197544695399315,no
AMZN,FUNDING_EXTREME_LONG,filter_off,20,4.0,2.5,72,20,20,0.45,-1.0612670682082193,0.06277785388127853,-0.9984892143269407,-0.476970556805954,-26.46576385586506,-0.4351988064802552,no
AMZN,FUNDING_EXTREME_LONG,filter_default,20,4.0,2.5,72,15,15,0.4,-1.3103233555168337,0.05478759512937595,-1.2555357603874577,-0.9086077115335237,-21.94094327623856,-0.5806275240311944,no
AMZN,FUNDING_EXTREME_LONG,filter_blocked,20,4.0,2.5,72,5,5,0.6,-0.31409820628237595,0.08674863013698628,-0.22734957614538975,0.3950939447352924,-4.826933433876503,-0.09104711397808428,no
AMZN,FUNDING_EXTREME_LONG,filter_off,20,5.0,2.5,72,20,20,0.45,-1.0612670682082193,0.06277785388127853,-0.9984892143269407,-0.476970556805954,-26.46576385586506,-0.4351988064802552,no
AMZN,FUNDING_EXTREME_LONG,filter_default,20,5.0,2.5,72,15,15,0.4,-1.3103233555168337,0.05478759512937595,-1.2555357603874577,-0.9086077115335237,-21.94094327623856,-0.5806275240311944,no
AMZN,FUNDING_EXTREME_LONG,filter_blocked,20,5.0,2.5,72,5,5,0.6,-0.31409820628237595,0.08674863013698628,-0.22734957614538975,0.3950939447352924,-4.826933433876503,-0.09104711397808428,no
AMZN,FUNDING_EXTREME_LONG,filter_off,20,6.0,3.0,72,20,20,0.45,-1.1406591460569615,0.07042893835616437,-1.070230207700797,-0.476970556805954,-27.900583723342187,-0.4386700610070789,no
AMZN,FUNDING_EXTREME_LONG,filter_default,20,6.0,3.0,72,15,15,0.4,-1.4161794593151567,0.0649890410958904,-1.3511904182192662,-0.9086077115335237,-23.375763143715687,-0.5739569183490822,no
AMZN,FUNDING_EXTREME_LONG,filter_blocked,20,6.0,3.0,72,5,5,0.6,-0.31409820628237595,0.08674863013698628,-0.22734957614538975,0.3950939447352924,-4.826933433876503,-0.09104711397808428,no
AMZN,FUNDING_EXTREME_LONG,filter_off,30,3.0,2.0,24,12,12,0.5833333333333334,-0.5438390684457672,0.04741381278538813,-0.4964252556603791,0.272022919136142,-12.269342828452967,-0.21789073099395062,no
AMZN,FUNDING_EXTREME_LONG,filter_default,30,3.0,2.0,24,11,11,0.6363636363636364,-0.5084708211377237,0.04070994188459942,-0.4677608792531243,0.49135922260328063,-11.457609432312786,-0.19674011900595506,no
AMZN,FUNDING_EXTREME_LONG,filter_blocked,30,3.0,2.0,24,1,1,0.0,-0.9328897888342458,0.12115639269406393,-0.8117333961401818,-0.8117333961401818,-0.8117333961401818,,no
AMZN,FUNDING_EXTREME_LONG,filter_off,30,4.0,2.5,24,12,12,0.5833333333333334,-0.5438390684457672,0.04741381278538813,-0.4964252556603791,0.272022919136142,-12.269342828452967,-0.21789073099395062,no
AMZN,FUNDING_EXTREME_LONG,filter_default,30,4.0,2.5,24,11,11,0.6363636363636364,-0.5084708211377237,0.04070994188459942,-0.4677608792531243,0.49135922260328063,-11.457609432312786,-0.19674011900595506,no
AMZN,FUNDING_EXTREME_LONG,filter_blocked,30,4.0,2.5,24,1,1,0.0,-0.9328897888342458,0.12115639269406393,-0.8117333961401818,-0.8117333961401818,-0.8117333961401818,,no
AMZN,FUNDING_EXTREME_LONG,filter_off,30,5.0,2.5,24,12,12,0.5833333333333334,-0.5438390684457672,0.04741381278538813,-0.4964252556603791,0.272022919136142,-12.269342828452967,-0.21789073099395062,no
AMZN,FUNDING_EXTREME_LONG,filter_default,30,5.0,2.5,24,11,11,0.6363636363636364,-0.5084708211377237,0.04070994188459942,-0.4677608792531243,0.49135922260328063,-11.457609432312786,-0.19674011900595506,no
AMZN,FUNDING_EXTREME_LONG,filter_blocked,30,5.0,2.5,24,1,1,0.0,-0.9328897888342458,0.12115639269406393,-0.8117333961401818,-0.8117333961401818,-0.8117333961401818,,no
AMZN,FUNDING_EXTREME_LONG,filter_off,30,6.0,3.0,24,12,12,0.5833333333333334,-0.5438390684457672,0.04741381278538813,-0.4964252556603791,0.272022919136142,-12.269342828452967,-0.21789073099395062,no
AMZN,FUNDING_EXTREME_LONG,filter_default,30,6.0,3.0,24,11,11,0.6363636363636364,-0.5084708211377237,0.04070994188459942,-0.4677608792531243,0.49135922260328063,-11.457609432312786,-0.19674011900595506,no
AMZN,FUNDING_EXTREME_LONG,filter_blocked,30,6.0,3.0,24,1,1,0.0,-0.9328897888342458,0.12115639269406393,-0.8117333961401818,-0.8117333961401818,-0.8117333961401818,,no
AMZN,FUNDING_EXTREME_LONG,filter_off,30,3.0,2.0,48,12,12,0.5833333333333334,-0.47725529695333274,0.055445205479452045,-0.4218100914738807,0.20643216034651557,-12.67139661884458,-0.17359279066311326,no
AMZN,FUNDING_EXTREME_LONG,filter_default,30,3.0,2.0,48,11,11,0.6363636363636364,-0.4895587195154038,0.044557596513075955,-0.4450011230023279,0.3601777050240278,-12.504687874183618,-0.1754281298505285,no
AMZN,FUNDING_EXTREME_LONG,filter_blocked,30,3.0,2.0,48,1,1,0.0,-0.3419176487705511,0.175208904109589,-0.16670874466096208,-0.16670874466096208,-0.16670874466096208,,no
AMZN,FUNDING_EXTREME_LONG,filter_off,30,4.0,2.5,48,12,12,0.5833333333333334,-0.4102716720950953,0.05616485920852358,-0.35410681288657175,0.20643216034651557,-11.849864697695903,-0.14869629122611294,no
AMZN,FUNDING_EXTREME_LONG,filter_default,30,4.0,2.5,48,11,11,0.6363636363636364,-0.4164856742155084,0.04534267330842672,-0.37114300090708174,0.3601777050240278,-11.683155953034941,-0.14925714350606636,no
AMZN,FUNDING_EXTREME_LONG,filter_blocked,30,4.0,2.5,48,1,1,0.0,-0.3419176487705511,0.175208904109589,-0.16670874466096208,-0.16670874466096208,-0.16670874466096208,,no
AMZN,FUNDING_EXTREME_LONG,filter_off,30,5.0,2.5,48,12,12,0.5833333333333334,-0.4102716720950953,0.05616485920852358,-0.35410681288657175,0.20643216034651557,-11.849864697695903,-0.14869629122611294,no
AMZN,FUNDING_EXTREME_LONG,filter_default,30,5.0,2.5,48,11,11,0.6363636363636364,-0.4164856742155084,0.04534267330842672,-0.37114300090708174,0.3601777050240278,-11.683155953034941,-0.14925714350606636,no
AMZN,FUNDING_EXTREME_LONG,filter_blocked,30,5.0,2.5,48,1,1,0.0,-0.3419176487705511,0.175208904109589,-0.16670874466096208,-0.16670874466096208,-0.16670874466096208,,no
AMZN,FUNDING_EXTREME_LONG,filter_off,30,6.0,3.0,48,12,12,0.5833333333333334,-0.4102716720950953,0.05616485920852358,-0.35410681288657175,0.20643216034651557,-11.849864697695903,-0.14869629122611294,no
AMZN,FUNDING_EXTREME_LONG,filter_default,30,6.0,3.0,48,11,11,0.6363636363636364,-0.4164856742155084,0.04534267330842672,-0.37114300090708174,0.3601777050240278,-11.683155953034941,-0.14925714350606636,no
AMZN,FUNDING_EXTREME_LONG,filter_blocked,30,6.0,3.0,48,1,1,0.0,-0.3419176487705511,0.175208904109589,-0.16670874466096208,-0.16670874466096208,-0.16670874466096208,,no
AMZN,FUNDING_EXTREME_LONG,filter_off,30,3.0,2.0,72,12,12,0.5833333333333334,-0.6898986195166813,0.05942170852359208,-0.6304769109930893,0.28671135351505034,-13.923700952394391,-0.24262979419692463,no
AMZN,FUNDING_EXTREME_LONG,filter_default,30,3.0,2.0,72,11,11,0.6363636363636364,-0.721533253220875,0.048895599833956,-0.672637653386919,0.5207360913610973,-13.756992207733429,-0.24819415581699605,no
AMZN,FUNDING_EXTREME_LONG,filter_blocked,30,3.0,2.0,72,1,1,0.0,-0.3419176487705511,0.175208904109589,-0.16670874466096208,-0.16670874466096208,-0.16670874466096208,,no
AMZN,FUNDING_EXTREME_LONG,filter_off,30,4.0,2.5,72,12,12,0.5833333333333334,-0.7060961376330666,0.06891914003044139,-0.6371769976026251,0.28671135351505034,-13.973188758430622,-0.2452749759810242,no
AMZN,FUNDING_EXTREME_LONG,filter_default,30,4.0,2.5,72,11,11,0.6363636363636364,-0.7392032729842043,0.05925643420506434,-0.67994683877914,0.5207360913610973,-13.80648001376966,-0.25097025496795855,no
AMZN,FUNDING_EXTREME_LONG,filter_blocked,30,4.0,2.5,72,1,1,0.0,-0.3419176487705511,0.175208904109589,-0.16670874466096208,-0.16670874466096208,-0.16670874466096208,,no
AMZN,FUNDING_EXTREME_LONG,filter_off,30,5.0,2.5,72,12,12,0.5833333333333334,-0.7060961376330666,0.06891914003044139,-0.6371769976026251,0.28671135351505034,-13.973188758430622,-0.2452749759810242,no
AMZN,FUNDING_EXTREME_LONG,filter_default,30,5.0,2.5,72,11,11,0.6363636363636364,-0.7392032729842043,0.05925643420506434,-0.67994683877914,0.5207360913610973,-13.80648001376966,-0.25097025496795855,no
AMZN,FUNDING_EXTREME_LONG,filter_blocked,30,5.0,2.5,72,1,1,0.0,-0.3419176487705511,0.175208904109589,-0.16670874466096208,-0.16670874466096208,-0.16670874466096208,,no
AMZN,FUNDING_EXTREME_LONG,filter_off,30,6.0,3.0,72,12,12,0.5833333333333334,-0.6866937829915237,0.07120576484018264,-0.6154880181513411,0.28671135351505034,-13.712921005015213,-0.23827521312022024,no
AMZN,FUNDING_EXTREME_LONG,filter_default,30,6.0,3.0,72,11,11,0.6363636363636364,-0.718037067920703,0.06175093399750934,-0.6562861339231937,0.5207360913610973,-13.54621226035425,-0.2435874410298118,no
AMZN,FUNDING_EXTREME_LONG,filter_blocked,30,6.0,3.0,72,1,1,0.0,-0.3419176487705511,0.175208904109589,-0.16670874466096208,-0.16670874466096208,-0.16670874466096208,,no
AMZN,FUNDING_EXTREME_LONG,filter_off,50,3.0,2.0,24,5,5,0.2,-1.3333558234076115,0.08153538812785388,-1.2518204352797575,-0.8896189262873035,-7.054505434976803,-0.698993128864214,no
AMZN,FUNDING_EXTREME_LONG,filter_default,50,3.0,2.0,24,4,4,0.25,-0.5208350679401924,0.09860930365296804,-0.42222576428722436,-0.6532837063748875,-2.4843063157269123,-0.5602471625470179,no
AMZN,FUNDING_EXTREME_LONG,filter_blocked,50,3.0,2.0,24,1,1,0.0,-4.583438845277287,0.01323972602739726,-4.5701991192498905,-4.5701991192498905,-4.5701991192498905,,no
AMZN,FUNDING_EXTREME_LONG,filter_off,50,4.0,2.5,24,5,5,0.2,-1.3333558234076115,0.08153538812785388,-1.2518204352797575,-0.8896189262873035,-7.054505434976803,-0.698993128864214,no
AMZN,FUNDING_EXTREME_LONG,filter_default,50,4.0,2.5,24,4,4,0.25,-0.5208350679401924,0.09860930365296804,-0.42222576428722436,-0.6532837063748875,-2.4843063157269123,-0.5602471625470179,no
AMZN,FUNDING_EXTREME_LONG,filter_blocked,50,4.0,2.5,24,1,1,0.0,-4.583438845277287,0.01323972602739726,-4.5701991192498905,-4.5701991192498905,-4.5701991192498905,,no
AMZN,FUNDING_EXTREME_LONG,filter_off,50,5.0,2.5,24,5,5,0.2,-1.3333558234076115,0.08153538812785388,-1.2518204352797575,-0.8896189262873035,-7.054505434976803,-0.698993128864214,no
AMZN,FUNDING_EXTREME_LONG,filter_default,50,5.0,2.5,24,4,4,0.25,-0.5208350679401924,0.09860930365296804,-0.42222576428722436,-0.6532837063748875,-2.4843063157269123,-0.5602471625470179,no
AMZN,FUNDING_EXTREME_LONG,filter_blocked,50,5.0,2.5,24,1,1,0.0,-4.583438845277287,0.01323972602739726,-4.5701991192498905,-4.5701991192498905,-4.5701991192498905,,no
AMZN,FUNDING_EXTREME_LONG,filter_off,50,6.0,3.0,24,5,5,0.2,-1.3333558234076115,0.08153538812785388,-1.2518204352797575,-0.8896189262873035,-7.054505434976803,-0.698993128864214,no
AMZN,FUNDING_EXTREME_LONG,filter_default,50,6.0,3.0,24,4,4,0.25,-0.5208350679401924,0.09860930365296804,-0.42222576428722436,-0.6532837063748875,-2.4843063157269123,-0.5602471625470179,no
AMZN,FUNDING_EXTREME_LONG,filter_blocked,50,6.0,3.0,24,1,1,0.0,-4.583438845277287,0.01323972602739726,-4.5701991192498905,-4.5701991192498905,-4.5701991192498905,,no
AMZN,FUNDING_EXTREME_LONG,filter_off,50,3.0,2.0,48,5,5,0.4,-1.0751528982845993,0.10513059360730592,-0.9700223046772932,-0.35088043894213794,-7.384926143461039,-0.4156306271493486,no
AMZN,FUNDING_EXTREME_LONG,filter_default,50,3.0,2.0,48,4,4,0.5,-0.1980814115364271,0.12810331050228307,-0.06997810103414395,0.004648633040944927,-2.814727024211148,-0.04213552689462632,no
AMZN,FUNDING_EXTREME_LONG,filter_blocked,50,3.0,2.0,48,1,1,0.0,-4.583438845277287,0.01323972602739726,-4.5701991192498905,-4.5701991192498905,-4.5701991192498905,,no
AMZN,FUNDING_EXTREME_LONG,filter_off,50,4.0,2.5,48,5,5,0.4,-0.9128207149681055,0.10710479452054793,-0.8057159204475576,-0.35088043894213794,-6.563394222312361,-0.35804350850139544,no
AMZN,FUNDING_EXTREME_LONG,filter_default,50,4.0,2.5,48,4,4,0.5,0.004833817609189994,0.13057106164383558,0.1354048792530256,0.004648633040944927,-1.9931951030624702,0.09819588263460102,no
AMZN,FUNDING_EXTREME_LONG,filter_blocked,50,4.0,2.5,48,1,1,0.0,-4.583438845277287,0.01323972602739726,-4.5701991192498905,-4.5701991192498905,-4.5701991192498905,,no
AMZN,FUNDING_EXTREME_LONG,filter_off,50,5.0,2.5,48,5,5,0.4,-0.9128207149681055,0.10710479452054793,-0.8057159204475576,-0.35088043894213794,-6.563394222312361,-0.35804350850139544,no
AMZN,FUNDING_EXTREME_LONG,filter_default,50,5.0,2.5,48,4,4,0.5,0.004833817609189994,0.13057106164383558,0.1354048792530256,0.004648633040944927,-1.9931951030624702,0.09819588263460102,no
AMZN,FUNDING_EXTREME_LONG,filter_blocked,50,5.0,2.5,48,1,1,0.0,-4.583438845277287,0.01323972602739726,-4.5701991192498905,-4.5701991192498905,-4.5701991192498905,,no
AMZN,FUNDING_EXTREME_LONG,filter_off,50,6.0,3.0,48,5,5,0.4,-0.9128207149681055,0.10710479452054793,-0.8057159204475576,-0.35088043894213794,-6.563394222312361,-0.35804350850139544,no
AMZN,FUNDING_EXTREME_LONG,filter_default,50,6.0,3.0,48,4,4,0.5,0.004833817609189994,0.13057106164383558,0.1354048792530256,0.004648633040944927,-1.9931951030624702,0.09819588263460102,no
AMZN,FUNDING_EXTREME_LONG,filter_blocked,50,6.0,3.0,48,1,1,0.0,-4.583438845277287,0.01323972602739726,-4.5701991192498905,-4.5701991192498905,-4.5701991192498905,,no
AMZN,FUNDING_EXTREME_LONG,filter_off,50,3.0,2.0,72,5,5,0.4,-0.9580148805902565,0.12167123287671235,-0.8363436477135443,-0.35088043894213794,-7.384926143461039,-0.34636716626534164,no
AMZN,FUNDING_EXTREME_LONG,filter_default,50,3.0,2.0,72,4,4,0.5,-0.05165888941849883,0.14877910958904111,0.09712022017054231,0.3912265496677156,-2.814727024211148,0.05672673808892273,no
AMZN,FUNDING_EXTREME_LONG,filter_blocked,50,3.0,2.0,72,1,1,0.0,-4.583438845277287,0.01323972602739726,-4.5701991192498905,-4.5701991192498905,-4.5701991192498905,,no
AMZN,FUNDING_EXTREME_LONG,filter_off,50,4.0,2.5,72,5,5,0.4,-0.9890339029847172,0.14279269406392694,-0.8462412089207904,-0.35088043894213794,-7.434413949497269,-0.34949022432406474,no
AMZN,FUNDING_EXTREME_LONG,filter_default,50,4.0,2.5,72,4,4,0.5,-0.09043266741157463,0.17518093607305937,0.08474826866148474,0.3912265496677156,-2.8642148302473784,0.04897013340895449,no
AMZN,FUNDING_EXTREME_LONG,filter_blocked,50,4.0,2.5,72,1,1,0.0,-4.583438845277287,0.01323972602739726,-4.5701991192498905,-4.5701991192498905,-4.5701991192498905,,no
AMZN,FUNDING_EXTREME_LONG,filter_off,50,5.0,2.5,72,5,5,0.4,-0.9890339029847172,0.14279269406392694,-0.8462412089207904,-0.35088043894213794,-7.434413949497269,-0.34949022432406474,no
AMZN,FUNDING_EXTREME_LONG,filter_default,50,5.0,2.5,72,4,4,0.5,-0.09043266741157463,0.17518093607305937,0.08474826866148474,0.3912265496677156,-2.8642148302473784,0.04897013340895449,no
AMZN,FUNDING_EXTREME_LONG,filter_blocked,50,5.0,2.5,72,1,1,0.0,-4.583438845277287,0.01323972602739726,-4.5701991192498905,-4.5701991192498905,-4.5701991192498905,,no
AMZN,FUNDING_EXTREME_LONG,filter_off,50,6.0,3.0,72,5,5,0.4,-0.9424682518450144,0.14828059360730594,-0.7941876582377085,-0.35088043894213794,-7.17414619608186,-0.3326410124646648,no
AMZN,FUNDING_EXTREME_LONG,filter_default,50,6.0,3.0,72,4,4,0.5,-0.03222560348694614,0.1820408105022831,0.149815207015337,0.3912265496677156,-2.6039470768319695,0.09169197388149646,no
AMZN,FUNDING_EXTREME_LONG,filter_blocked,50,6.0,3.0,72,1,1,0.0,-4.583438845277287,0.01323972602739726,-4.5701991192498905,-4.5701991192498905,-4.5701991192498905,,no
AMZN,FUNDING_EXTREME_SHORT,filter_off,10,3.0,2.0,24,9,9,0.4444444444444444,0.16359586168429707,0.0313628868594622,0.1949587485437593,-0.04949488077361855,-0.8165270590224941,0.24197147821532505,no
AMZN,FUNDING_EXTREME_SHORT,filter_default,10,3.0,2.0,24,9,9,0.4444444444444444,0.16359586168429707,0.0313628868594622,0.1949587485437593,-0.04949488077361855,-0.8165270590224941,0.24197147821532505,no
AMZN,FUNDING_EXTREME_SHORT,filter_blocked,10,3.0,2.0,24,0,0,,,,,,,,no
AMZN,FUNDING_EXTREME_SHORT,filter_off,10,4.0,2.5,24,9,9,0.4444444444444444,0.16359586168429707,0.0313628868594622,0.1949587485437593,-0.04949488077361855,-0.8165270590224941,0.24197147821532505,no
AMZN,FUNDING_EXTREME_SHORT,filter_default,10,4.0,2.5,24,9,9,0.4444444444444444,0.16359586168429707,0.0313628868594622,0.1949587485437593,-0.04949488077361855,-0.8165270590224941,0.24197147821532505,no
AMZN,FUNDING_EXTREME_SHORT,filter_blocked,10,4.0,2.5,24,0,0,,,,,,,,no
AMZN,FUNDING_EXTREME_SHORT,filter_off,10,5.0,2.5,24,9,9,0.4444444444444444,0.16359586168429707,0.0313628868594622,0.1949587485437593,-0.04949488077361855,-0.8165270590224941,0.24197147821532505,no
AMZN,FUNDING_EXTREME_SHORT,filter_default,10,5.0,2.5,24,9,9,0.4444444444444444,0.16359586168429707,0.0313628868594622,0.1949587485437593,-0.04949488077361855,-0.8165270590224941,0.24197147821532505,no
AMZN,FUNDING_EXTREME_SHORT,filter_blocked,10,5.0,2.5,24,0,0,,,,,,,,no
AMZN,FUNDING_EXTREME_SHORT,filter_off,10,6.0,3.0,24,9,9,0.4444444444444444,0.16359586168429707,0.0313628868594622,0.1949587485437593,-0.04949488077361855,-0.8165270590224941,0.24197147821532505,no
AMZN,FUNDING_EXTREME_SHORT,filter_default,10,6.0,3.0,24,9,9,0.4444444444444444,0.16359586168429707,0.0313628868594622,0.1949587485437593,-0.04949488077361855,-0.8165270590224941,0.24197147821532505,no
AMZN,FUNDING_EXTREME_SHORT,filter_blocked,10,6.0,3.0,24,0,0,,,,,,,,no
AMZN,FUNDING_EXTREME_SHORT,filter_off,10,3.0,2.0,48,9,9,0.8888888888888888,1.5016202325631032,0.030711060375443935,1.532331292938547,0.9542186605043371,-0.37383484406645273,0.9327404021730182,no
AMZN,FUNDING_EXTREME_SHORT,filter_default,10,3.0,2.0,48,9,9,0.8888888888888888,1.5016202325631032,0.030711060375443935,1.532331292938547,0.9542186605043371,-0.37383484406645273,0.9327404021730182,no
AMZN,FUNDING_EXTREME_SHORT,filter_blocked,10,3.0,2.0,48,0,0,,,,,,,,no
AMZN,FUNDING_EXTREME_SHORT,filter_off,10,4.0,2.5,48,9,9,0.8888888888888888,1.3407649664574133,0.026958523592085233,1.3677234900494986,0.9542186605043371,-0.37383484406645273,0.9016851381419073,no
AMZN,FUNDING_EXTREME_SHORT,filter_default,10,4.0,2.5,48,9,9,0.8888888888888888,1.3407649664574133,0.026958523592085233,1.3677234900494986,0.9542186605043371,-0.37383484406645273,0.9016851381419073,no
AMZN,FUNDING_EXTREME_SHORT,filter_blocked,10,4.0,2.5,48,0,0,,,,,,,,no
AMZN,FUNDING_EXTREME_SHORT,filter_off,10,5.0,2.5,48,9,9,0.8888888888888888,1.56804198035809,0.026749999999999996,1.5947919803580901,0.9542186605043371,-0.37383484406645273,0.7754133488356715,no
AMZN,FUNDING_EXTREME_SHORT,filter_default,10,5.0,2.5,48,9,9,0.8888888888888888,1.56804198035809,0.026749999999999996,1.5947919803580901,0.9542186605043371,-0.37383484406645273,0.7754133488356715,no
AMZN,FUNDING_EXTREME_SHORT,filter_blocked,10,5.0,2.5,48,0,0,,,,,,,,no
AMZN,FUNDING_EXTREME_SHORT,filter_off,10,6.0,3.0,48,9,9,0.8888888888888888,1.56804198035809,0.026749999999999996,1.5947919803580901,0.9542186605043371,-0.37383484406645273,0.7754133488356715,no
AMZN,FUNDING_EXTREME_SHORT,filter_default,10,6.0,3.0,48,9,9,0.8888888888888888,1.56804198035809,0.026749999999999996,1.5947919803580901,0.9542186605043371,-0.37383484406645273,0.7754133488356715,no
AMZN,FUNDING_EXTREME_SHORT,filter_blocked,10,6.0,3.0,48,0,0,,,,,,,,no
AMZN,FUNDING_EXTREME_SHORT,filter_off,10,3.0,2.0,72,9,9,0.8888888888888888,2.569124822686123,0.01796270928462709,2.5870875319707505,2.6385797249083263,-0.7233437511932657,1.1667217470276727,no
AMZN,FUNDING_EXTREME_SHORT,filter_default,10,3.0,2.0,72,9,9,0.8888888888888888,2.569124822686123,0.01796270928462709,2.5870875319707505,2.6385797249083263,-0.7233437511932657,1.1667217470276727,no
AMZN,FUNDING_EXTREME_SHORT,filter_blocked,10,3.0,2.0,72,0,0,,,,,,,,no
AMZN,FUNDING_EXTREME_SHORT,filter_off,10,4.0,2.5,72,9,9,0.8888888888888888,2.4499395837331615,0.013026002029426685,2.4629655857625883,2.499051179695327,-0.7233437511932657,1.1197203234502209,no
AMZN,FUNDING_EXTREME_SHORT,filter_default,10,4.0,2.5,72,9,9,0.8888888888888888,2.4499395837331615,0.013026002029426685,2.4629655857625883,2.499051179695327,-0.7233437511932657,1.1197203234502209,no
AMZN,FUNDING_EXTREME_SHORT,filter_blocked,10,4.0,2.5,72,0,0,,,,,,,,no
AMZN,FUNDING_EXTREME_SHORT,filter_off,10,5.0,2.5,72,9,9,0.8888888888888888,2.903648001132718,0.012608954845256213,2.9162569559779743,2.499051179695327,-0.7233437511932657,1.0670745746917742,no
AMZN,FUNDING_EXTREME_SHORT,filter_default,10,5.0,2.5,72,9,9,0.8888888888888888,2.903648001132718,0.012608954845256213,2.9162569559779743,2.499051179695327,-0.7233437511932657,1.0670745746917742,no
AMZN,FUNDING_EXTREME_SHORT,filter_blocked,10,5.0,2.5,72,0,0,,,,,,,,no
AMZN,FUNDING_EXTREME_SHORT,filter_off,10,6.0,3.0,72,9,9,0.8888888888888888,2.903648001132718,0.012608954845256213,2.9162569559779743,2.499051179695327,-0.7233437511932657,1.0670745746917742,no
AMZN,FUNDING_EXTREME_SHORT,filter_default,10,6.0,3.0,72,9,9,0.8888888888888888,2.903648001132718,0.012608954845256213,2.9162569559779743,2.499051179695327,-0.7233437511932657,1.0670745746917742,no
AMZN,FUNDING_EXTREME_SHORT,filter_blocked,10,6.0,3.0,72,0,0,,,,,,,,no
AMZN,FUNDING_EXTREME_SHORT,filter_off,15,3.0,2.0,24,9,9,0.5555555555555556,0.1801309656252914,0.031508371385083715,0.21163933701037513,0.05742726590450697,-0.8165270590224941,0.2640912580114764,no
AMZN,FUNDING_EXTREME_SHORT,filter_default,15,3.0,2.0,24,9,9,0.5555555555555556,0.1801309656252914,0.031508371385083715,0.21163933701037513,0.05742726590450697,-0.8165270590224941,0.2640912580114764,no
AMZN,FUNDING_EXTREME_SHORT,filter_blocked,15,3.0,2.0,24,0,0,,,,,,,,no
AMZN,FUNDING_EXTREME_SHORT,filter_off,15,4.0,2.5,24,9,9,0.5555555555555556,0.1801309656252914,0.031508371385083715,0.21163933701037513,0.05742726590450697,-0.8165270590224941,0.2640912580114764,no
AMZN,FUNDING_EXTREME_SHORT,filter_default,15,4.0,2.5,24,9,9,0.5555555555555556,0.1801309656252914,0.031508371385083715,0.21163933701037513,0.05742726590450697,-0.8165270590224941,0.2640912580114764,no
AMZN,FUNDING_EXTREME_SHORT,filter_blocked,15,4.0,2.5,24,0,0,,,,,,,,no
AMZN,FUNDING_EXTREME_SHORT,filter_off,15,5.0,2.5,24,9,9,0.5555555555555556,0.1801309656252914,0.031508371385083715,0.21163933701037513,0.05742726590450697,-0.8165270590224941,0.2640912580114764,no
AMZN,FUNDING_EXTREME_SHORT,filter_default,15,5.0,2.5,24,9,9,0.5555555555555556,0.1801309656252914,0.031508371385083715,0.21163933701037513,0.05742726590450697,-0.8165270590224941,0.2640912580114764,no
AMZN,FUNDING_EXTREME_SHORT,filter_blocked,15,5.0,2.5,24,0,0,,,,,,,,no
AMZN,FUNDING_EXTREME_SHORT,filter_off,15,6.0,3.0,24,9,9,0.5555555555555556,0.1801309656252914,0.031508371385083715,0.21163933701037513,0.05742726590450697,-0.8165270590224941,0.2640912580114764,no
AMZN,FUNDING_EXTREME_SHORT,filter_default,15,6.0,3.0,24,9,9,0.5555555555555556,0.1801309656252914,0.031508371385083715,0.21163933701037513,0.05742726590450697,-0.8165270590224941,0.2640912580114764,no
AMZN,FUNDING_EXTREME_SHORT,filter_blocked,15,6.0,3.0,24,0,0,,,,,,,,no
AMZN,FUNDING_EXTREME_SHORT,filter_off,15,3.0,2.0,48,9,9,0.8888888888888888,1.5058624087525994,0.03095192795535261,1.536814336707952,0.9542186605043371,-0.37383484406645273,0.9377847431409151,no
AMZN,FUNDING_EXTREME_SHORT,filter_default,15,3.0,2.0,48,9,9,0.8888888888888888,1.5058624087525994,0.03095192795535261,1.536814336707952,0.9542186605043371,-0.37383484406645273,0.9377847431409151,no
AMZN,FUNDING_EXTREME_SHORT,filter_blocked,15,3.0,2.0,48,0,0,,,,,,,,no
AMZN,FUNDING_EXTREME_SHORT,filter_off,15,4.0,2.5,48,9,9,0.8888888888888888,1.3450071426469097,0.02719939117199391,1.3722065338189036,0.9542186605043371,-0.37383484406645273,0.9069763259506041,no
AMZN,FUNDING_EXTREME_SHORT,filter_default,15,4.0,2.5,48,9,9,0.8888888888888888,1.3450071426469097,0.02719939117199391,1.3722065338189036,0.9542186605043371,-0.37383484406645273,0.9069763259506041,no
AMZN,FUNDING_EXTREME_SHORT,filter_blocked,15,4.0,2.5,48,0,0,,,,,,,,no
AMZN,FUNDING_EXTREME_SHORT,filter_off,15,5.0,2.5,48,9,9,0.8888888888888888,1.5722841565475862,0.026990867579908675,1.599275024127495,0.9542186605043371,-0.37383484406645273,0.7788711734691146,no
AMZN,FUNDING_EXTREME_SHORT,filter_default,15,5.0,2.5,48,9,9,0.8888888888888888,1.5722841565475862,0.026990867579908675,1.599275024127495,0.9542186605043371,-0.37383484406645273,0.7788711734691146,no
AMZN,FUNDING_EXTREME_SHORT,filter_blocked,15,5.0,2.5,48,0,0,,,,,,,,no
AMZN,FUNDING_EXTREME_SHORT,filter_off,15,6.0,3.0,48,9,9,0.8888888888888888,1.5722841565475862,0.026990867579908675,1.599275024127495,0.9542186605043371,-0.37383484406645273,0.7788711734691146,no
AMZN,FUNDING_EXTREME_SHORT,filter_default,15,6.0,3.0,48,9,9,0.8888888888888888,1.5722841565475862,0.026990867579908675,1.599275024127495,0.9542186605043371,-0.37383484406645273,0.7788711734691146,no
AMZN,FUNDING_EXTREME_SHORT,filter_blocked,15,6.0,3.0,48,0,0,,,,,,,,no
AMZN,FUNDING_EXTREME_SHORT,filter_off,15,3.0,2.0,72,9,9,0.8888888888888888,2.5733669988756196,0.018203576864535765,2.5915705757401555,2.6385797249083263,-0.7233437511932657,1.171458952776019,no
AMZN,FUNDING_EXTREME_SHORT,filter_default,15,3.0,2.0,72,9,9,0.8888888888888888,2.5733669988756196,0.018203576864535765,2.5915705757401555,2.6385797249083263,-0.7233437511932657,1.171458952776019,no
AMZN,FUNDING_EXTREME_SHORT,filter_blocked,15,3.0,2.0,72,0,0,,,,,,,,no
AMZN,FUNDING_EXTREME_SHORT,filter_off,15,4.0,2.5,72,9,9,0.8888888888888888,2.454181759922658,0.01326686960933536,2.4674486295319933,2.499051179695327,-0.7233437511932657,1.1242772351995962,no
AMZN,FUNDING_EXTREME_SHORT,filter_default,15,4.0,2.5,72,9,9,0.8888888888888888,2.454181759922658,0.01326686960933536,2.4674486295319933,2.499051179695327,-0.7233437511932657,1.1242772351995962,no
AMZN,FUNDING_EXTREME_SHORT,filter_blocked,15,4.0,2.5,72,0,0,,,,,,,,no
AMZN,FUNDING_EXTREME_SHORT,filter_off,15,5.0,2.5,72,9,9,0.8888888888888888,2.9078901773222143,0.012849822425164888,2.9207399997473793,2.499051179695327,-0.7233437511932657,1.0705597761247454,no
AMZN,FUNDING_EXTREME_SHORT,filter_default,15,5.0,2.5,72,9,9,0.8888888888888888,2.9078901773222143,0.012849822425164888,2.9207399997473793,2.499051179695327,-0.7233437511932657,1.0705597761247454,no
AMZN,FUNDING_EXTREME_SHORT,filter_blocked,15,5.0,2.5,72,0,0,,,,,,,,no
AMZN,FUNDING_EXTREME_SHORT,filter_off,15,6.0,3.0,72,9,9,0.8888888888888888,2.9078901773222143,0.012849822425164888,2.9207399997473793,2.499051179695327,-0.7233437511932657,1.0705597761247454,no
AMZN,FUNDING_EXTREME_SHORT,filter_default,15,6.0,3.0,72,9,9,0.8888888888888888,2.9078901773222143,0.012849822425164888,2.9207399997473793,2.499051179695327,-0.7233437511932657,1.0705597761247454,no
AMZN,FUNDING_EXTREME_SHORT,filter_blocked,15,6.0,3.0,72,0,0,,,,,,,,no
AMZN,FUNDING_EXTREME_SHORT,filter_off,20,3.0,2.0,24,7,7,0.42857142857142855,-0.05676059878775286,0.0349853228962818,-0.021775275891471043,-0.04949488077361855,-1.386749417872723,-0.038577370060296226,no
AMZN,FUNDING_EXTREME_SHORT,filter_default,20,3.0,2.0,24,7,7,0.42857142857142855,-0.05676059878775286,0.0349853228962818,-0.021775275891471043,-0.04949488077361855,-1.386749417872723,-0.038577370060296226,no
AMZN,FUNDING_EXTREME_SHORT,filter_blocked,20,3.0,2.0,24,0,0,,,,,,,,no
AMZN,FUNDING_EXTREME_SHORT,filter_off,20,4.0,2.5,24,7,7,0.42857142857142855,-0.05676059878775286,0.0349853228962818,-0.021775275891471043,-0.04949488077361855,-1.386749417872723,-0.038577370060296226,no
AMZN,FUNDING_EXTREME_SHORT,filter_default,20,4.0,2.5,24,7,7,0.42857142857142855,-0.05676059878775286,0.0349853228962818,-0.021775275891471043,-0.04949488077361855,-1.386749417872723,-0.038577370060296226,no
AMZN,FUNDING_EXTREME_SHORT,filter_blocked,20,4.0,2.5,24,0,0,,,,,,,,no
AMZN,FUNDING_EXTREME_SHORT,filter_off,20,5.0,2.5,24,7,7,0.42857142857142855,-0.05676059878775286,0.0349853228962818,-0.021775275891471043,-0.04949488077361855,-1.386749417872723,-0.038577370060296226,no
AMZN,FUNDING_EXTREME_SHORT,filter_default,20,5.0,2.5,24,7,7,0.42857142857142855,-0.05676059878775286,0.0349853228962818,-0.021775275891471043,-0.04949488077361855,-1.386749417872723,-0.038577370060296226,no
AMZN,FUNDING_EXTREME_SHORT,filter_blocked,20,5.0,2.5,24,0,0,,,,,,,,no
AMZN,FUNDING_EXTREME_SHORT,filter_off,20,6.0,3.0,24,7,7,0.42857142857142855,-0.05676059878775286,0.0349853228962818,-0.021775275891471043,-0.04949488077361855,-1.386749417872723,-0.038577370060296226,no
AMZN,FUNDING_EXTREME_SHORT,filter_default,20,6.0,3.0,24,7,7,0.42857142857142855,-0.05676059878775286,0.0349853228962818,-0.021775275891471043,-0.04949488077361855,-1.386749417872723,-0.038577370060296226,no
AMZN,FUNDING_EXTREME_SHORT,filter_blocked,20,6.0,3.0,24,0,0,,,,,,,,no
AMZN,FUNDING_EXTREME_SHORT,filter_off,20,3.0,2.0,48,7,7,0.8571428571428571,1.2450158073488276,0.03352756033920418,1.2785433676880318,0.9542186605043371,-0.37383484406645184,0.9850236640707338,no
AMZN,FUNDING_EXTREME_SHORT,filter_default,20,3.0,2.0,48,7,7,0.8571428571428571,1.2450158073488276,0.03352756033920418,1.2785433676880318,0.9542186605043371,-0.37383484406645184,0.9850236640707338,no
AMZN,FUNDING_EXTREME_SHORT,filter_blocked,20,3.0,2.0,48,0,0,,,,,,,,no
AMZN,FUNDING_EXTREME_SHORT,filter_off,20,4.0,2.5,48,7,7,0.8571428571428571,1.0382018937843693,0.02870287018917156,1.0669047639735407,0.9542186605043371,-0.37383484406645184,1.038418423824479,no
AMZN,FUNDING_EXTREME_SHORT,filter_default,20,4.0,2.5,48,7,7,0.8571428571428571,1.0382018937843693,0.02870287018917156,1.0669047639735407,0.9542186605043371,-0.37383484406645184,1.038418423824479,no
AMZN,FUNDING_EXTREME_SHORT,filter_blocked,20,4.0,2.5,48,0,0,,,,,,,,no
AMZN,FUNDING_EXTREME_SHORT,filter_off,20,5.0,2.5,48,7,7,0.8571428571428571,1.0382018937843693,0.02870287018917156,1.0669047639735407,0.9542186605043371,-0.37383484406645184,1.038418423824479,no
AMZN,FUNDING_EXTREME_SHORT,filter_default,20,5.0,2.5,48,7,7,0.8571428571428571,1.0382018937843693,0.02870287018917156,1.0669047639735407,0.9542186605043371,-0.37383484406645184,1.038418423824479,no
AMZN,FUNDING_EXTREME_SHORT,filter_blocked,20,5.0,2.5,48,0,0,,,,,,,,no
AMZN,FUNDING_EXTREME_SHORT,filter_off,20,6.0,3.0,48,7,7,0.8571428571428571,1.0382018937843693,0.02870287018917156,1.0669047639735407,0.9542186605043371,-0.37383484406645184,1.038418423824479,no
AMZN,FUNDING_EXTREME_SHORT,filter_default,20,6.0,3.0,48,7,7,0.8571428571428571,1.0382018937843693,0.02870287018917156,1.0669047639735407,0.9542186605043371,-0.37383484406645184,1.038418423824479,no
AMZN,FUNDING_EXTREME_SHORT,filter_blocked,20,6.0,3.0,48,0,0,,,,,,,,no
AMZN,FUNDING_EXTREME_SHORT,filter_off,20,3.0,2.0,72,7,7,0.8571428571428571,2.617521708935568,0.015248695368558381,2.6327704043041265,2.6385797249083263,-0.7233437511932657,1.198527865239888,no
AMZN,FUNDING_EXTREME_SHORT,filter_default,20,3.0,2.0,72,7,7,0.8571428571428571,2.617521708935568,0.015248695368558381,2.6327704043041265,2.6385797249083263,-0.7233437511932657,1.198527865239888,no
AMZN,FUNDING_EXTREME_SHORT,filter_blocked,20,3.0,2.0,72,0,0,,,,,,,,no
AMZN,FUNDING_EXTREME_SHORT,filter_off,20,4.0,2.5,72,7,7,0.8571428571428571,2.4642835445674742,0.008901500326157859,2.473185044893632,2.499051179695327,-0.7233437511932657,1.1367696543006665,no
AMZN,FUNDING_EXTREME_SHORT,filter_default,20,4.0,2.5,72,7,7,0.8571428571428571,2.4642835445674742,0.008901500326157859,2.473185044893632,2.499051179695327,-0.7233437511932657,1.1367696543006665,no
AMZN,FUNDING_EXTREME_SHORT,filter_blocked,20,4.0,2.5,72,0,0,,,,,,,,no
AMZN,FUNDING_EXTREME_SHORT,filter_off,20,5.0,2.5,72,7,7,0.8571428571428571,2.7554096347803196,0.008633398564905413,2.764043033345225,2.499051179695327,-0.7233437511932657,1.0941165581356977,no
AMZN,FUNDING_EXTREME_SHORT,filter_default,20,5.0,2.5,72,7,7,0.8571428571428571,2.7554096347803196,0.008633398564905413,2.764043033345225,2.499051179695327,-0.7233437511932657,1.0941165581356977,no
AMZN,FUNDING_EXTREME_SHORT,filter_blocked,20,5.0,2.5,72,0,0,,,,,,,,no
AMZN,FUNDING_EXTREME_SHORT,filter_off,20,6.0,3.0,72,7,7,0.8571428571428571,2.7554096347803196,0.008633398564905413,2.764043033345225,2.499051179695327,-0.7233437511932657,1.0941165581356977,no
AMZN,FUNDING_EXTREME_SHORT,filter_default,20,6.0,3.0,72,7,7,0.8571428571428571,2.7554096347803196,0.008633398564905413,2.764043033345225,2.499051179695327,-0.7233437511932657,1.0941165581356977,no
AMZN,FUNDING_EXTREME_SHORT,filter_blocked,20,6.0,3.0,72,0,0,,,,,,,,no
AMZN,FUNDING_EXTREME_SHORT,filter_off,30,3.0,2.0,24,5,5,0.4,-0.22153502144642845,0.0497337899543379,-0.17180123149209056,-0.11670763660789521,-1.386749417872723,-0.3914840261067987,no
AMZN,FUNDING_EXTREME_SHORT,filter_default,30,3.0,2.0,24,5,5,0.4,-0.22153502144642845,0.0497337899543379,-0.17180123149209056,-0.11670763660789521,-1.386749417872723,-0.3914840261067987,no
AMZN,FUNDING_EXTREME_SHORT,filter_blocked,30,3.0,2.0,24,0,0,,,,,,,,no
AMZN,FUNDING_EXTREME_SHORT,filter_off,30,4.0,2.5,24,5,5,0.4,-0.22153502144642845,0.0497337899543379,-0.17180123149209056,-0.11670763660789521,-1.386749417872723,-0.3914840261067987,no
AMZN,FUNDING_EXTREME_SHORT,filter_default,30,4.0,2.5,24,5,5,0.4,-0.22153502144642845,0.0497337899543379,-0.17180123149209056,-0.11670763660789521,-1.386749417872723,-0.3914840261067987,no
AMZN,FUNDING_EXTREME_SHORT,filter_blocked,30,4.0,2.5,24,0,0,,,,,,,,no
AMZN,FUNDING_EXTREME_SHORT,filter_off,30,5.0,2.5,24,5,5,0.4,-0.22153502144642845,0.0497337899543379,-0.17180123149209056,-0.11670763660789521,-1.386749417872723,-0.3914840261067987,no
AMZN,FUNDING_EXTREME_SHORT,filter_default,30,5.0,2.5,24,5,5,0.4,-0.22153502144642845,0.0497337899543379,-0.17180123149209056,-0.11670763660789521,-1.386749417872723,-0.3914840261067987,no
AMZN,FUNDING_EXTREME_SHORT,filter_blocked,30,5.0,2.5,24,0,0,,,,,,,,no
AMZN,FUNDING_EXTREME_SHORT,filter_off,30,6.0,3.0,24,5,5,0.4,-0.22153502144642845,0.0497337899543379,-0.17180123149209056,-0.11670763660789521,-1.386749417872723,-0.3914840261067987,no
AMZN,FUNDING_EXTREME_SHORT,filter_default,30,6.0,3.0,24,5,5,0.4,-0.22153502144642845,0.0497337899543379,-0.17180123149209056,-0.11670763660789521,-1.386749417872723,-0.3914840261067987,no
AMZN,FUNDING_EXTREME_SHORT,filter_blocked,30,6.0,3.0,24,0,0,,,,,,,,no
AMZN,FUNDING_EXTREME_SHORT,filter_off,30,3.0,2.0,48,5,5,0.8,1.3735121998616417,0.04993333333333333,1.4234455331949751,1.348064150461399,-0.3738348440664523,1.1625704814219078,no
AMZN,FUNDING_EXTREME_SHORT,filter_default,30,3.0,2.0,48,5,5,0.8,1.3735121998616417,0.04993333333333333,1.4234455331949751,1.348064150461399,-0.3738348440664523,1.1625704814219078,no
AMZN,FUNDING_EXTREME_SHORT,filter_blocked,30,3.0,2.0,48,0,0,,,,,,,,no
AMZN,FUNDING_EXTREME_SHORT,filter_off,30,4.0,2.5,48,5,5,0.8,1.0839727208714,0.04317876712328767,1.1271514879946878,1.348064150461399,-0.3738348440664523,1.3677468091747997,no
AMZN,FUNDING_EXTREME_SHORT,filter_default,30,4.0,2.5,48,5,5,0.8,1.0839727208714,0.04317876712328767,1.1271514879946878,1.348064150461399,-0.3738348440664523,1.3677468091747997,no
AMZN,FUNDING_EXTREME_SHORT,filter_blocked,30,4.0,2.5,48,0,0,,,,,,,,no
AMZN,FUNDING_EXTREME_SHORT,filter_off,30,5.0,2.5,48,5,5,0.8,1.0839727208714,0.04317876712328767,1.1271514879946878,1.348064150461399,-0.3738348440664523,1.3677468091747997,no
AMZN,FUNDING_EXTREME_SHORT,filter_default,30,5.0,2.5,48,5,5,0.8,1.0839727208714,0.04317876712328767,1.1271514879946878,1.348064150461399,-0.3738348440664523,1.3677468091747997,no
AMZN,FUNDING_EXTREME_SHORT,filter_blocked,30,5.0,2.5,48,0,0,,,,,,,,no
AMZN,FUNDING_EXTREME_SHORT,filter_off,30,6.0,3.0,48,5,5,0.8,1.0839727208714,0.04317876712328767,1.1271514879946878,1.348064150461399,-0.3738348440664523,1.3677468091747997,no
AMZN,FUNDING_EXTREME_SHORT,filter_default,30,6.0,3.0,48,5,5,0.8,1.0839727208714,0.04317876712328767,1.1271514879946878,1.348064150461399,-0.3738348440664523,1.3677468091747997,no
AMZN,FUNDING_EXTREME_SHORT,filter_blocked,30,6.0,3.0,48,0,0,,,,,,,,no
AMZN,FUNDING_EXTREME_SHORT,filter_off,30,3.0,2.0,72,5,5,0.8,3.115106168113446,0.027929223744292235,3.1430353918577385,3.3998158059587236,-0.7233437511932639,1.4083416699676268,no
AMZN,FUNDING_EXTREME_SHORT,filter_default,30,3.0,2.0,72,5,5,0.8,3.115106168113446,0.027929223744292235,3.1430353918577385,3.3998158059587236,-0.7233437511932639,1.4083416699676268,no
AMZN,FUNDING_EXTREME_SHORT,filter_blocked,30,3.0,2.0,72,0,0,,,,,,,,no
AMZN,FUNDING_EXTREME_SHORT,filter_off,30,4.0,2.5,72,5,5,0.8,2.900572737998115,0.019043150684931506,2.9196158886830466,2.6385797249083263,-0.7233437511932639,1.297218275491278,no
AMZN,FUNDING_EXTREME_SHORT,filter_default,30,4.0,2.5,72,5,5,0.8,2.900572737998115,0.019043150684931506,2.9196158886830466,2.6385797249083263,-0.7233437511932639,1.297218275491278,no
AMZN,FUNDING_EXTREME_SHORT,filter_blocked,30,4.0,2.5,72,0,0,,,,,,,,no
AMZN,FUNDING_EXTREME_SHORT,filter_off,30,5.0,2.5,72,5,5,0.8,3.3081492642960986,0.01866780821917808,3.3268170725152766,2.6385797249083263,-0.7233437511932657,1.260771698130985,no
AMZN,FUNDING_EXTREME_SHORT,filter_default,30,5.0,2.5,72,5,5,0.8,3.3081492642960986,0.01866780821917808,3.3268170725152766,2.6385797249083263,-0.7233437511932657,1.260771698130985,no
AMZN,FUNDING_EXTREME_SHORT,filter_blocked,30,5.0,2.5,72,0,0,,,,,,,,no
AMZN,FUNDING_EXTREME_SHORT,filter_off,30,6.0,3.0,72,5,5,0.8,3.3713737110821884,0.017693150684931505,3.38906686176712,2.6385797249083263,-0.7233437511932657,1.2537660788521903,no
AMZN,FUNDING_EXTREME_SHORT,filter_default,30,6.0,3.0,72,5,5,0.8,3.3713737110821884,0.017693150684931505,3.38906686176712,2.6385797249083263,-0.7233437511932657,1.2537660788521903,no
AMZN,FUNDING_EXTREME_SHORT,filter_blocked,30,6.0,3.0,72,0,0,,,,,,,,no
AMZN,FUNDING_EXTREME_SHORT,filter_off,50,3.0,2.0,24,3,3,0.0,-0.5358259094583354,0.07357610350076103,-0.4622498059575744,-0.4535147222423339,-1.386749417872723,-1.6175767705895094,no
AMZN,FUNDING_EXTREME_SHORT,filter_default,50,3.0,2.0,24,3,3,0.0,-0.5358259094583354,0.07357610350076103,-0.4622498059575744,-0.4535147222423339,-1.386749417872723,-1.6175767705895094,no
AMZN,FUNDING_EXTREME_SHORT,filter_blocked,50,3.0,2.0,24,0,0,,,,,,,,no
AMZN,FUNDING_EXTREME_SHORT,filter_off,50,4.0,2.5,24,3,3,0.0,-0.5358259094583354,0.07357610350076103,-0.4622498059575744,-0.4535147222423339,-1.386749417872723,-1.6175767705895094,no
AMZN,FUNDING_EXTREME_SHORT,filter_default,50,4.0,2.5,24,3,3,0.0,-0.5358259094583354,0.07357610350076103,-0.4622498059575744,-0.4535147222423339,-1.386749417872723,-1.6175767705895094,no
AMZN,FUNDING_EXTREME_SHORT,filter_blocked,50,4.0,2.5,24,0,0,,,,,,,,no
AMZN,FUNDING_EXTREME_SHORT,filter_off,50,5.0,2.5,24,3,3,0.0,-0.5358259094583354,0.07357610350076103,-0.4622498059575744,-0.4535147222423339,-1.386749417872723,-1.6175767705895094,no
AMZN,FUNDING_EXTREME_SHORT,filter_default,50,5.0,2.5,24,3,3,0.0,-0.5358259094583354,0.07357610350076103,-0.4622498059575744,-0.4535147222423339,-1.386749417872723,-1.6175767705895094,no
AMZN,FUNDING_EXTREME_SHORT,filter_blocked,50,5.0,2.5,24,0,0,,,,,,,,no
AMZN,FUNDING_EXTREME_SHORT,filter_off,50,6.0,3.0,24,3,3,0.0,-0.5358259094583354,0.07357610350076103,-0.4622498059575744,-0.4535147222423339,-1.386749417872723,-1.6175767705895094,no
AMZN,FUNDING_EXTREME_SHORT,filter_default,50,6.0,3.0,24,3,3,0.0,-0.5358259094583354,0.07357610350076103,-0.4622498059575744,-0.4535147222423339,-1.386749417872723,-1.6175767705895094,no
AMZN,FUNDING_EXTREME_SHORT,filter_blocked,50,6.0,3.0,24,0,0,,,,,,,,no
AMZN,FUNDING_EXTREME_SHORT,filter_off,50,3.0,2.0,48,3,3,0.6666666666666666,1.5123339775449034,0.0926476407914764,1.6049816183363799,1.788963893116868,-0.3738348440664523,1.0381043617033912,no
AMZN,FUNDING_EXTREME_SHORT,filter_default,50,3.0,2.0,48,3,3,0.6666666666666666,1.5123339775449034,0.0926476407914764,1.6049816183363799,1.788963893116868,-0.3738348440664523,1.0381043617033912,no
AMZN,FUNDING_EXTREME_SHORT,filter_blocked,50,3.0,2.0,48,0,0,,,,,,,,no
AMZN,FUNDING_EXTREME_SHORT,filter_off,50,4.0,2.5,48,3,3,0.6666666666666666,1.029768179227834,0.08139003044140031,1.111158209669234,1.788963893116868,-0.3738348440664523,1.0568606225558697,no
AMZN,FUNDING_EXTREME_SHORT,filter_default,50,4.0,2.5,48,3,3,0.6666666666666666,1.029768179227834,0.08139003044140031,1.111158209669234,1.788963893116868,-0.3738348440664523,1.0568606225558697,no
AMZN,FUNDING_EXTREME_SHORT,filter_blocked,50,4.0,2.5,48,0,0,,,,,,,,no
AMZN,FUNDING_EXTREME_SHORT,filter_off,50,5.0,2.5,48,3,3,0.6666666666666666,1.029768179227834,0.08139003044140031,1.111158209669234,1.788963893116868,-0.3738348440664523,1.0568606225558697,no
AMZN,FUNDING_EXTREME_SHORT,filter_default,50,5.0,2.5,48,3,3,0.6666666666666666,1.029768179227834,0.08139003044140031,1.111158209669234,1.788963893116868,-0.3738348440664523,1.0568606225558697,no
AMZN,FUNDING_EXTREME_SHORT,filter_blocked,50,5.0,2.5,48,0,0,,,,,,,,no
AMZN,FUNDING_EXTREME_SHORT,filter_off,50,6.0,3.0,48,3,3,0.6666666666666666,1.029768179227834,0.08139003044140031,1.111158209669234,1.788963893116868,-0.3738348440664523,1.0568606225558697,no
AMZN,FUNDING_EXTREME_SHORT,filter_default,50,6.0,3.0,48,3,3,0.6666666666666666,1.029768179227834,0.08139003044140031,1.111158209669234,1.788963893116868,-0.3738348440664523,1.0568606225558697,no
AMZN,FUNDING_EXTREME_SHORT,filter_blocked,50,6.0,3.0,48,0,0,,,,,,,,no
AMZN,FUNDING_EXTREME_SHORT,filter_off,50,3.0,2.0,72,3,3,1.0,3.409263883196171,0.08182610350076103,3.4910899866969323,3.3998158059587236,0.0,4.742240740343371,no
AMZN,FUNDING_EXTREME_SHORT,filter_default,50,3.0,2.0,72,3,3,1.0,3.409263883196171,0.08182610350076103,3.4910899866969323,3.3998158059587236,0.0,4.742240740343371,no
AMZN,FUNDING_EXTREME_SHORT,filter_blocked,50,3.0,2.0,72,0,0,,,,,,,,no
AMZN,FUNDING_EXTREME_SHORT,filter_off,50,4.0,2.5,72,3,3,1.0,3.051708166337286,0.06701598173515981,3.1187241480724457,2.6385797249083263,0.0,3.3109937610854305,no
AMZN,FUNDING_EXTREME_SHORT,filter_default,50,4.0,2.5,72,3,3,1.0,3.051708166337286,0.06701598173515981,3.1187241480724457,2.6385797249083263,0.0,3.3109937610854305,no
AMZN,FUNDING_EXTREME_SHORT,filter_blocked,50,4.0,2.5,72,0,0,,,,,,,,no
AMZN,FUNDING_EXTREME_SHORT,filter_off,50,5.0,2.5,72,3,3,1.0,3.731002376833925,0.0663904109589041,3.7973927877928295,2.6385797249083263,0.0,2.0028281137674715,no
AMZN,FUNDING_EXTREME_SHORT,filter_default,50,5.0,2.5,72,3,3,1.0,3.731002376833925,0.0663904109589041,3.7973927877928295,2.6385797249083263,0.0,2.0028281137674715,no
AMZN,FUNDING_EXTREME_SHORT,filter_blocked,50,5.0,2.5,72,0,0,,,,,,,,no
AMZN,FUNDING_EXTREME_SHORT,filter_off,50,6.0,3.0,72,3,3,1.0,3.731002376833925,0.0663904109589041,3.7973927877928295,2.6385797249083263,0.0,2.0028281137674715,no
AMZN,FUNDING_EXTREME_SHORT,filter_default,50,6.0,3.0,72,3,3,1.0,3.731002376833925,0.0663904109589041,3.7973927877928295,2.6385797249083263,0.0,2.0028281137674715,no
AMZN,FUNDING_EXTREME_SHORT,filter_blocked,50,6.0,3.0,72,0,0,,,,,,,,no
