timestamp,coin,label,funding_8h,funding_ann_pct
2026-06-18T20:00:00.014000Z,xyz:AAPL,AAPL,-0.0000003827,-0.33524520
2026-06-18T20:00:00.014000Z,BTC,BTC,0.0000049308,4.31938080
2026-06-18T20:00:00.014000Z,xyz:COIN,COIN,0.0000111984,9.80979840
2026-06-18T20:00:00.014000Z,xyz:GOLD,GOLD,0.00000625,5.47500000
2026-06-18T20:00:00.014000Z,xyz:HOOD,HOOD,0.0000397473,34.81863480
2026-06-18T20:00:00.014000Z,xyz:MU,MU,0.00000625,5.47500000
2026-06-18T21:00:00.066000Z,xyz:AAPL,AAPL,-0.000009923,-8.69254800
2026-06-18T21:00:00.066000Z,BTC,BTC,0.0000125,10.95000000
2026-06-18T21:00:00.066000Z,xyz:COIN,COIN,0.0000103751,9.08858760
2026-06-18T21:00:00.066000Z,xyz:GOLD,GOLD,0.0000064844,5.68033440
2026-06-18T21:00:00.066000Z,xyz:HOOD,HOOD,0.0000579059,50.72556840
2026-06-18T21:00:00.066000Z,xyz:MU,MU,0.0000465448,40.77324480
2026-06-18T22:00:00.060000Z,xyz:AAPL,AAPL,-0.0000111397,-9.75837720
2026-06-18T22:00:00.060000Z,BTC,BTC,0.0000125,10.95000000
2026-06-18T22:00:00.060000Z,xyz:COIN,COIN,0.00000625,5.47500000
2026-06-18T22:00:00.060000Z,xyz:GOLD,GOLD,0.0000280651,24.58502760
2026-06-18T22:00:00.060000Z,xyz:HOOD,HOOD,0.0000319371,27.97689960
2026-06-18T22:00:00.060000Z,xyz:MU,MU,0.0000358952,31.44419520
2026-06-18T23:00:00.062000Z,xyz:AAPL,AAPL,-0.0000135967,-11.91070920
2026-06-18T23:00:00.062000Z,BTC,BTC,0.0000125,10.95000000
2026-06-18T23:00:00.062000Z,xyz:COIN,COIN,0.00000625,5.47500000
2026-06-18T23:00:00.062000Z,xyz:GOLD,GOLD,0.00000625,5.47500000
2026-06-18T23:00:00.062000Z,xyz:HOOD,HOOD,0.0000267813,23.46041880
2026-06-18T23:00:00.062000Z,xyz:MU,MU,0.0000280063,24.53351880
2026-06-19T00:00:00.011000Z,xyz:AAPL,AAPL,-0.0000089459,-7.83660840
2026-06-19T00:00:00.011000Z,BTC,BTC,0.0000034673,3.03735480
2026-06-19T00:00:00.011000Z,xyz:COIN,COIN,0.00000625,5.47500000
2026-06-19T00:00:00.011000Z,xyz:GOLD,GOLD,0.00000625,5.47500000
2026-06-19T00:00:00.011000Z,xyz:HOOD,HOOD,0.0000382558,33.51208080
2026-06-19T00:00:00.011000Z,xyz:MU,MU,0.0000302409,26.49102840
2026-06-19T01:00:00.007000Z,xyz:AAPL,AAPL,0.00000625,5.47500000
2026-06-19T01:00:00.007000Z,BTC,BTC,0.0000125,10.95000000
2026-06-19T01:00:00.007000Z,xyz:COIN,COIN,0.0001659174,145.34364240
2026-06-19T01:00:00.007000Z,xyz:GOLD,GOLD,0.00000625,5.47500000
2026-06-19T01:00:00.007000Z,xyz:HOOD,HOOD,-0.000074342,-65.12359200
2026-06-19T01:00:00.007000Z,xyz:MU,MU,0.00000625,5.47500000
2026-06-19T02:00:00.023000Z,xyz:AAPL,AAPL,-0.0001048434,-91.84281840
2026-06-19T02:00:00.023000Z,BTC,BTC,0.0000120219,10.53118440
2026-06-19T02:00:00.023000Z,xyz:COIN,COIN,0.0000342637,30.01500120
2026-06-19T02:00:00.023000Z,xyz:GOLD,GOLD,0.00000625,5.47500000
2026-06-19T02:00:00.023000Z,xyz:HOOD,HOOD,-0.0000399877,-35.02922520
2026-06-19T02:00:00.023000Z,xyz:MU,MU,-0.0001113212,-97.51737120
2026-06-19T03:00:00.002000Z,xyz:AAPL,AAPL,0.00000625,5.47500000
2026-06-19T03:00:00.002000Z,BTC,BTC,0.0000083981,7.35673560
2026-06-19T03:00:00.002000Z,xyz:COIN,COIN,0.0000044797,3.92421720
2026-06-19T03:00:00.002000Z,xyz:GOLD,GOLD,0.00000625,5.47500000
2026-06-19T03:00:00.002000Z,xyz:HOOD,HOOD,-0.0000724984,-63.50859840
2026-06-19T03:00:00.002000Z,xyz:MU,MU,-0.000218553,-191.45242800
2026-06-19T04:00:00.042000Z,xyz:AAPL,AAPL,0.00000625,5.47500000
2026-06-19T04:00:00.042000Z,BTC,BTC,0.0000125,10.95000000
2026-06-19T04:00:00.042000Z,xyz:COIN,COIN,-0.0001423192,-124.67161920
2026-06-19T04:00:00.042000Z,xyz:GOLD,GOLD,0.00000625,5.47500000
2026-06-19T04:00:00.042000Z,xyz:HOOD,HOOD,-0.0000888601,-77.84144760
2026-06-19T04:00:00.042000Z,xyz:MU,MU,-0.0003450729,-302.28386040
2026-06-19T05:00:00.002000Z,xyz:AAPL,AAPL,0.0000134122,11.74908720
2026-06-19T05:00:00.002000Z,BTC,BTC,0.0000125,10.95000000
2026-06-19T05:00:00.002000Z,xyz:COIN,COIN,-0.0001618913,-141.81677880
2026-06-19T05:00:00.002000Z,xyz:GOLD,GOLD,0.00000625,5.47500000
2026-06-19T05:00:00.002000Z,xyz:HOOD,HOOD,-0.0001228696,-107.63376960
2026-06-19T05:00:00.002000Z,xyz:MU,MU,-0.0002065684,-180.95391840
2026-06-19T06:00:00.022000Z,xyz:AAPL,AAPL,-0.0000607605,-53.22619800
2026-06-19T06:00:00.022000Z,BTC,BTC,0.0000125,10.95000000
2026-06-19T06:00:00.022000Z,xyz:COIN,COIN,0.00000625,5.47500000
2026-06-19T06:00:00.022000Z,xyz:GOLD,GOLD,0.00000625,5.47500000
2026-06-19T06:00:00.022000Z,xyz:HOOD,HOOD,-0.0000251214,-22.00634640
2026-06-19T06:00:00.022000Z,xyz:MU,MU,-0.0001912141,-167.50355160
2026-06-19T07:00:00.062000Z,xyz:AAPL,AAPL,0.00000625,5.47500000
2026-06-19T07:00:00.062000Z,BTC,BTC,0.0000125,10.95000000
2026-06-19T07:00:00.062000Z,xyz:COIN,COIN,0.0001250639,109.55597640
2026-06-19T07:00:00.062000Z,xyz:GOLD,GOLD,0.00000625,5.47500000
2026-06-19T07:00:00.062000Z,xyz:HOOD,HOOD,0.0000740906,64.90336560
2026-06-19T07:00:00.062000Z,xyz:MU,MU,0.0000930524,81.51390240
2026-06-19T08:00:00.051000Z,xyz:AAPL,AAPL,0.0000373395,32.70940200
2026-06-19T08:00:00.051000Z,BTC,BTC,0.0000070614,6.18578640
2026-06-19T08:00:00.051000Z,xyz:COIN,COIN,-0.0001197548,-104.90520480
2026-06-19T08:00:00.051000Z,xyz:GOLD,GOLD,0.00000625,5.47500000
2026-06-19T08:00:00.051000Z,xyz:HOOD,HOOD,0.00000625,5.47500000
2026-06-19T08:00:00.051000Z,xyz:MU,MU,0.0000761471,66.70485960
2026-06-19T09:00:00.032000Z,xyz:AAPL,AAPL,0.0000220467,19.31290920
2026-06-19T09:00:00.032000Z,BTC,BTC,0.0000070452,6.17159520
2026-06-19T09:00:00.032000Z,xyz:COIN,COIN,0.00000625,5.47500000
2026-06-19T09:00:00.032000Z,xyz:GOLD,GOLD,0.00000625,5.47500000
2026-06-19T09:00:00.032000Z,xyz:HOOD,HOOD,0.0001042629,91.33430040
2026-06-19T09:00:00.032000Z,xyz:MU,MU,0.0001301856,114.04258560
2026-06-19T10:00:00.018000Z,xyz:AAPL,AAPL,0.0000065914,5.77406640
2026-06-19T10:00:00.018000Z,BTC,BTC,0.0000046183,4.04563080
2026-06-19T10:00:00.018000Z,xyz:COIN,COIN,-0.0000673862,-59.03031120
2026-06-19T10:00:00.018000Z,xyz:GOLD,GOLD,0.00000625,5.47500000
2026-06-19T10:00:00.018000Z,xyz:HOOD,HOOD,-0.0000725996,-63.59724960
2026-06-19T10:00:00.018000Z,xyz:MU,MU,-0.0000334889,-29.33627640
2026-06-19T11:00:00Z,xyz:AAPL,AAPL,0.00000625,5.47500000
2026-06-19T11:00:00Z,BTC,BTC,0.0000117046,10.25322960
2026-06-19T11:00:00Z,xyz:COIN,COIN,-0.0000199965,-17.51693400
2026-06-19T11:00:00Z,xyz:GOLD,GOLD,0.00000625,5.47500000
2026-06-19T11:00:00Z,xyz:HOOD,HOOD,-0.0000347394,-30.43171440
2026-06-19T11:00:00Z,xyz:MU,MU,-0.0002590373,-226.91667480
2026-06-19T12:00:00.053000Z,xyz:AAPL,AAPL,-0.0000031291,-2.74109160
2026-06-19T12:00:00.053000Z,BTC,BTC,0.0000114699,10.04763240
2026-06-19T12:00:00.053000Z,xyz:COIN,COIN,0.0000566224,49.60122240
2026-06-19T12:00:00.053000Z,xyz:GOLD,GOLD,0.0000088326,7.73735760
2026-06-19T12:00:00.053000Z,xyz:HOOD,HOOD,0.0001019231,89.28463560
2026-06-19T12:00:00.053000Z,xyz:MU,MU,0.0000238313,20.87621880
2026-06-19T13:00:00.015000Z,xyz:AAPL,AAPL,0.00000625,5.47500000
2026-06-19T13:00:00.015000Z,BTC,BTC,0.0000089368,7.82863680
2026-06-19T13:00:00.015000Z,xyz:COIN,COIN,0.0000175916,15.41024160
2026-06-19T13:00:00.015000Z,xyz:GOLD,GOLD,0.0000125215,10.96883400
2026-06-19T13:00:00.015000Z,xyz:HOOD,HOOD,0.0000414118,36.27673680
2026-06-19T13:00:00.015000Z,xyz:MU,MU,0.0000012182,1.06714320
2026-06-19T14:00:00.037000Z,xyz:AAPL,AAPL,-0.0000410854,-35.99081040
2026-06-19T14:00:00.037000Z,BTC,BTC,0.0000111506,9.76792560
2026-06-19T14:00:00.037000Z,xyz:COIN,COIN,0.0001996159,174.86352840
2026-06-19T14:00:00.037000Z,xyz:GOLD,GOLD,0.0000205229,17.97806040
2026-06-19T14:00:00.037000Z,xyz:HOOD,HOOD,0.0001127807,98.79589320
2026-06-19T14:00:00.037000Z,xyz:MU,MU,0.0000514373,45.05907480
2026-06-19T15:00:00.043000Z,xyz:AAPL,AAPL,0.000001765,1.54614000
2026-06-19T15:00:00.043000Z,BTC,BTC,0.0000125,10.95000000
2026-06-19T15:00:00.043000Z,xyz:COIN,COIN,0.0001218622,106.75128720
2026-06-19T15:00:00.043000Z,xyz:GOLD,GOLD,0.0000243497,21.33033720
2026-06-19T15:00:00.043000Z,xyz:HOOD,HOOD,0.00000625,5.47500000
2026-06-19T15:00:00.043000Z,xyz:MU,MU,0.0000708899,62.09955240
2026-06-19T16:00:00.032000Z,xyz:AAPL,AAPL,0.000039868,34.92436800
2026-06-19T16:00:00.032000Z,BTC,BTC,0.0000125,10.95000000
2026-06-19T16:00:00.032000Z,xyz:COIN,COIN,0.0000340543,29.83156680
2026-06-19T16:00:00.032000Z,xyz:GOLD,GOLD,0.0000277395,24.29980200
2026-06-19T16:00:00.032000Z,xyz:HOOD,HOOD,-0.0000400547,-35.08791720
2026-06-19T16:00:00.032000Z,xyz:MU,MU,0.0000085423,7.48305480
2026-06-19T17:00:00.013000Z,xyz:AAPL,AAPL,0.00000625,5.47500000
2026-06-19T17:00:00.013000Z,BTC,BTC,0.0000125,10.95000000
2026-06-19T17:00:00.013000Z,xyz:COIN,COIN,0.00000625,5.47500000
2026-06-19T17:00:00.013000Z,xyz:GOLD,GOLD,0.000031182,27.31543200
2026-06-19T17:00:00.013000Z,xyz:HOOD,HOOD,0.00000625,5.47500000
2026-06-19T17:00:00.013000Z,xyz:MU,MU,0.0000529039,46.34381640
2026-06-19T18:00:00.044000Z,xyz:AAPL,AAPL,-0.0000285207,-24.98413320
2026-06-19T18:00:00.044000Z,BTC,BTC,0.0000094328,8.26313280
2026-06-19T18:00:00.044000Z,xyz:COIN,COIN,-0.0000303924,-26.62374240
2026-06-19T18:00:00.044000Z,xyz:GOLD,GOLD,0.0000189648,16.61316480
2026-06-19T18:00:00.044000Z,xyz:HOOD,HOOD,-0.0000219037,-19.18764120
2026-06-19T18:00:00.044000Z,xyz:MU,MU,0.00000625,5.47500000
2026-06-19T19:00:00.013000Z,xyz:AAPL,AAPL,0.00000625,5.47500000
2026-06-19T19:00:00.013000Z,BTC,BTC,0.0000125,10.95000000
2026-06-19T19:00:00.013000Z,xyz:COIN,COIN,-0.0000296157,-25.94335320
2026-06-19T19:00:00.013000Z,xyz:GOLD,GOLD,0.00000625,5.47500000
2026-06-19T19:00:00.013000Z,xyz:HOOD,HOOD,-0.0000442624,-38.77386240
2026-06-19T19:00:00.013000Z,xyz:MU,MU,-0.0000217325,-19.03767000
2026-06-19T20:00:00.028000Z,xyz:AAPL,AAPL,-0.000032604,-28.56110400
2026-06-19T20:00:00.028000Z,BTC,BTC,0.0000125,10.95000000
2026-06-19T20:00:00.028000Z,xyz:COIN,COIN,-0.0000423454,-37.09457040
2026-06-19T20:00:00.028000Z,xyz:GOLD,GOLD,0.00000625,5.47500000
2026-06-19T20:00:00.028000Z,xyz:HOOD,HOOD,-0.0000340249,-29.80581240
2026-06-19T20:00:00.028000Z,xyz:MU,MU,0.0000232332,20.35228320
2026-06-19T21:00:00.023000Z,xyz:AAPL,AAPL,-0.000004561,-3.99543600
2026-06-19T21:00:00.023000Z,BTC,BTC,0.0000125,10.95000000
2026-06-19T21:00:00.023000Z,xyz:COIN,COIN,0.0000209514,18.35342640
2026-06-19T21:00:00.023000Z,xyz:GOLD,GOLD,0.00000625,5.47500000
2026-06-19T21:00:00.023000Z,xyz:HOOD,HOOD,0.0000138527,12.13496520
2026-06-19T21:00:00.023000Z,xyz:MU,MU,0.0000431469,37.79668440
2026-06-19T22:00:00.007000Z,xyz:AAPL,AAPL,-0.0000128865,-11.28857400
2026-06-19T22:00:00.007000Z,BTC,BTC,0.0000125,10.95000000
2026-06-19T22:00:00.007000Z,xyz:COIN,COIN,0.00000625,5.47500000
2026-06-19T22:00:00.007000Z,xyz:GOLD,GOLD,0.00000625,5.47500000
2026-06-19T22:00:00.007000Z,xyz:HOOD,HOOD,0.0000189566,16.60598160
2026-06-19T22:00:00.007000Z,xyz:MU,MU,0.0001191099,104.34027240
2026-06-19T23:00:00.072000Z,xyz:AAPL,AAPL,-0.000007656,-6.70665600
2026-06-19T23:00:00.072000Z,BTC,BTC,0.0000125,10.95000000
2026-06-19T23:00:00.072000Z,xyz:COIN,COIN,0.0000447702,39.21869520
2026-06-19T23:00:00.072000Z,xyz:GOLD,GOLD,0.00000625,5.47500000
2026-06-19T23:00:00.072000Z,xyz:HOOD,HOOD,0.0000181727,15.91928520
2026-06-19T23:00:00.072000Z,xyz:MU,MU,0.0000022176,1.94261760
2026-06-20T00:00:00.067000Z,xyz:AAPL,AAPL,0.0000133553,11.69924280
2026-06-20T00:00:00.067000Z,BTC,BTC,0.0000125,10.95000000
2026-06-20T00:00:00.067000Z,xyz:COIN,COIN,0.0000674129,59.05370040
2026-06-20T00:00:00.067000Z,xyz:GOLD,GOLD,0.00000625,5.47500000
2026-06-20T00:00:00.067000Z,xyz:HOOD,HOOD,0.0000472067,41.35306920
2026-06-20T00:00:00.067000Z,xyz:MU,MU,0.0001311993,114.93058680
2026-06-20T01:00:00.031000Z,xyz:AAPL,AAPL,0.00000625,5.47500000
2026-06-20T01:00:00.031000Z,BTC,BTC,0.000012219,10.70384400
2026-06-20T01:00:00.031000Z,xyz:COIN,COIN,0.0000843659,73.90452840
2026-06-20T01:00:00.031000Z,xyz:GOLD,GOLD,0.00000625,5.47500000
2026-06-20T01:00:00.031000Z,xyz:HOOD,HOOD,0.00000625,5.47500000
2026-06-20T01:00:00.031000Z,xyz:MU,MU,0.00000625,5.47500000
2026-06-20T02:00:00.026000Z,xyz:AAPL,AAPL,0.00000625,5.47500000
2026-06-20T02:00:00.026000Z,BTC,BTC,0.0000092121,8.06979960
2026-06-20T02:00:00.026000Z,xyz:COIN,COIN,-0.00000405,-3.54780000
2026-06-20T02:00:00.026000Z,xyz:GOLD,GOLD,0.00000625,5.47500000
2026-06-20T02:00:00.026000Z,xyz:HOOD,HOOD,-0.0000439356,-38.48758560
2026-06-20T02:00:00.026000Z,xyz:MU,MU,-0.000064399,-56.41352400
2026-06-20T03:00:00.064000Z,xyz:AAPL,AAPL,0.00000625,5.47500000
2026-06-20T03:00:00.064000Z,BTC,BTC,0.0000044195,3.87148200
2026-06-20T03:00:00.064000Z,xyz:COIN,COIN,-0.0000237355,-20.79229800
2026-06-20T03:00:00.064000Z,xyz:GOLD,GOLD,0.0000013701,1.20020760
2026-06-20T03:00:00.064000Z,xyz:HOOD,HOOD,0.0000466709,40.88370840
2026-06-20T03:00:00.064000Z,xyz:MU,MU,0.000069847,61.18597200
2026-06-20T04:00:00.056000Z,xyz:AAPL,AAPL,0.00000625,5.47500000
2026-06-20T04:00:00.056000Z,BTC,BTC,0.0000045835,4.01514600
2026-06-20T04:00:00.056000Z,xyz:COIN,COIN,0.000009685,8.48406000
2026-06-20T04:00:00.056000Z,xyz:GOLD,GOLD,0.00000625,5.47500000
2026-06-20T04:00:00.056000Z,xyz:HOOD,HOOD,0.00000625,5.47500000
2026-06-20T04:00:00.056000Z,xyz:MU,MU,0.0000844109,73.94394840
2026-06-20T05:00:00.023000Z,xyz:AAPL,AAPL,0.00000625,5.47500000
2026-06-20T05:00:00.023000Z,BTC,BTC,0.0000125,10.95000000
2026-06-20T05:00:00.023000Z,xyz:COIN,COIN,0.0000136546,11.96142960
2026-06-20T05:00:00.023000Z,xyz:GOLD,GOLD,0.00000625,5.47500000
2026-06-20T05:00:00.023000Z,xyz:HOOD,HOOD,0.000076757,67.23913200
2026-06-20T05:00:00.023000Z,xyz:MU,MU,0.0000964663,84.50447880
2026-06-20T06:00:00.048000Z,xyz:AAPL,AAPL,0.00000625,5.47500000
2026-06-20T06:00:00.048000Z,BTC,BTC,0.0000125,10.95000000
2026-06-20T06:00:00.048000Z,xyz:COIN,COIN,0.0000294041,25.75799160
2026-06-20T06:00:00.048000Z,xyz:GOLD,GOLD,0.00000625,5.47500000
2026-06-20T06:00:00.048000Z,xyz:HOOD,HOOD,0.0001411906,123.68296560
2026-06-20T06:00:00.048000Z,xyz:MU,MU,0.0000552062,48.36063120
2026-06-20T07:00:00.021000Z,xyz:AAPL,AAPL,0.00000625,5.47500000
2026-06-20T07:00:00.021000Z,BTC,BTC,0.0000125,10.95000000
2026-06-20T07:00:00.021000Z,xyz:COIN,COIN,0.00000625,5.47500000
2026-06-20T07:00:00.021000Z,xyz:GOLD,GOLD,0.00000625,5.47500000
2026-06-20T07:00:00.021000Z,xyz:HOOD,HOOD,0.0000680588,59.61950880
2026-06-20T07:00:00.021000Z,xyz:MU,MU,0.0001311763,114.91043880
2026-06-20T08:00:00.036000Z,xyz:AAPL,AAPL,-0.0000327659,-28.70292840
2026-06-20T08:00:00.036000Z,BTC,BTC,0.0000125,10.95000000
2026-06-20T08:00:00.036000Z,xyz:COIN,COIN,-0.0000037663,-3.29927880
2026-06-20T08:00:00.036000Z,xyz:GOLD,GOLD,0.00000625,5.47500000
2026-06-20T08:00:00.036000Z,xyz:HOOD,HOOD,0.0000101211,8.86608360
2026-06-20T08:00:00.036000Z,xyz:MU,MU,-0.0000862548,-75.55920480
2026-06-20T09:00:00.017000Z,xyz:AAPL,AAPL,0.00000625,5.47500000
2026-06-20T09:00:00.017000Z,BTC,BTC,0.0000014874,1.30296240
2026-06-20T09:00:00.017000Z,xyz:COIN,COIN,-0.0000492906,-43.17856560
2026-06-20T09:00:00.017000Z,xyz:GOLD,GOLD,0.00000625,5.47500000
2026-06-20T09:00:00.017000Z,xyz:HOOD,HOOD,-0.0000388979,-34.07456040
2026-06-20T09:00:00.017000Z,xyz:MU,MU,0.0000482306,42.25000560
2026-06-20T10:00:00.001000Z,xyz:AAPL,AAPL,-0.0000049932,-4.37404320
2026-06-20T10:00:00.001000Z,BTC,BTC,0.0000093989,8.23343640
2026-06-20T10:00:00.001000Z,xyz:COIN,COIN,0.0000169656,14.86186560
2026-06-20T10:00:00.001000Z,xyz:GOLD,GOLD,0.00000625,5.47500000
2026-06-20T10:00:00.001000Z,xyz:HOOD,HOOD,-0.0000724958,-63.50632080
2026-06-20T10:00:00.001000Z,xyz:MU,MU,-0.00018931,-165.83556000
2026-06-20T11:00:00.008000Z,xyz:AAPL,AAPL,-0.0000013338,-1.16840880
2026-06-20T11:00:00.008000Z,BTC,BTC,0.0000064863,5.68199880
2026-06-20T11:00:00.008000Z,xyz:COIN,COIN,0.00000625,5.47500000
2026-06-20T11:00:00.008000Z,xyz:GOLD,GOLD,0.00000625,5.47500000
2026-06-20T11:00:00.008000Z,xyz:HOOD,HOOD,0.0000201216,17.62652160
2026-06-20T11:00:00.008000Z,xyz:MU,MU,-0.0000501634,-43.94313840
2026-06-20T12:00:00.010000Z,xyz:AAPL,AAPL,0.00000625,5.47500000
2026-06-20T12:00:00.010000Z,BTC,BTC,0.0000107853,9.44792280
2026-06-20T12:00:00.010000Z,xyz:COIN,COIN,0.0000261209,22.88190840
2026-06-20T12:00:00.010000Z,xyz:GOLD,GOLD,0.00000625,5.47500000
2026-06-20T12:00:00.010000Z,xyz:HOOD,HOOD,0.00000625,5.47500000
2026-06-20T12:00:00.010000Z,xyz:MU,MU,0.00000625,5.47500000
2026-06-20T13:00:00.008000Z,xyz:AAPL,AAPL,0.00000625,5.47500000
2026-06-20T13:00:00.008000Z,BTC,BTC,0.0000038266,3.35210160
2026-06-20T13:00:00.008000Z,xyz:COIN,COIN,0.00000625,5.47500000
2026-06-20T13:00:00.008000Z,xyz:GOLD,GOLD,0.00000625,5.47500000
2026-06-20T13:00:00.008000Z,xyz:HOOD,HOOD,-0.0000197884,-17.33463840
2026-06-20T13:00:00.008000Z,xyz:MU,MU,0.00000625,5.47500000
2026-06-20T14:00:00.023000Z,xyz:AAPL,AAPL,0.0000044025,3.85659000
2026-06-20T14:00:00.023000Z,BTC,BTC,0.0000039752,3.48227520
2026-06-20T14:00:00.023000Z,xyz:COIN,COIN,-0.0001127128,-98.73641280
2026-06-20T14:00:00.023000Z,xyz:GOLD,GOLD,-0.0000111444,-9.76249440
2026-06-20T14:00:00.023000Z,xyz:HOOD,HOOD,-0.0000500558,-43.84888080
2026-06-20T14:00:00.023000Z,xyz:MU,MU,-0.0000843743,-73.91188680
2026-06-20T15:00:00.024000Z,xyz:AAPL,AAPL,-0.0000326682,-28.61734320
2026-06-20T15:00:00.024000Z,BTC,BTC,0.0000121083,10.60687080
2026-06-20T15:00:00.024000Z,xyz:COIN,COIN,-0.000010463,-9.16558800
2026-06-20T15:00:00.024000Z,xyz:GOLD,GOLD,0.00000625,5.47500000
2026-06-20T15:00:00.024000Z,xyz:HOOD,HOOD,-0.0000094753,-8.30036280
2026-06-20T15:00:00.024000Z,xyz:MU,MU,0.0000119812,10.49553120
2026-06-20T16:00:00.039000Z,xyz:AAPL,AAPL,0.0000010732,0.94012320
2026-06-20T16:00:00.039000Z,BTC,BTC,0.0000125,10.95000000
2026-06-20T16:00:00.039000Z,xyz:COIN,COIN,0.0001608786,140.92965360
2026-06-20T16:00:00.039000Z,xyz:GOLD,GOLD,0.0000110865,9.71177400
2026-06-20T16:00:00.039000Z,xyz:HOOD,HOOD,0.0000296972,26.01474720
2026-06-20T16:00:00.039000Z,xyz:MU,MU,0.000053056,46.47705600
2026-06-20T17:00:00.006000Z,xyz:AAPL,AAPL,-0.0000139421,-12.21327960
2026-06-20T17:00:00.006000Z,BTC,BTC,0.0000059951,5.25170760
2026-06-20T17:00:00.006000Z,xyz:COIN,COIN,0.0000040807,3.57469320
2026-06-20T17:00:00.006000Z,xyz:GOLD,GOLD,0.0000028562,2.50203120
2026-06-20T17:00:00.006000Z,xyz:HOOD,HOOD,-0.0000238162,-20.86299120
2026-06-20T17:00:00.006000Z,xyz:MU,MU,0.00000625,5.47500000
2026-06-20T18:00:00.046000Z,xyz:AAPL,AAPL,0.00000625,5.47500000
2026-06-20T18:00:00.046000Z,BTC,BTC,0.0000038863,3.40439880
2026-06-20T18:00:00.046000Z,xyz:COIN,COIN,-0.0000535821,-46.93791960
2026-06-20T18:00:00.046000Z,xyz:GOLD,GOLD,0.0000005694,0.49879440
2026-06-20T18:00:00.046000Z,xyz:HOOD,HOOD,-0.0000365876,-32.05073760
2026-06-20T18:00:00.046000Z,xyz:MU,MU,-0.0000539333,-47.24557080
2026-06-20T19:00:00.017000Z,xyz:AAPL,AAPL,0.00000625,5.47500000
2026-06-20T19:00:00.017000Z,BTC,BTC,0.0000017967,1.57390920
2026-06-20T19:00:00.017000Z,xyz:COIN,COIN,-0.0000060126,-5.26703760
2026-06-20T19:00:00.017000Z,xyz:GOLD,GOLD,0.00000625,5.47500000
2026-06-20T19:00:00.017000Z,xyz:HOOD,HOOD,0.0000051559,4.51656840
2026-06-20T19:00:00.017000Z,xyz:MU,MU,-0.0000363713,-31.86125880
2026-06-20T20:00:00.032000Z,xyz:AAPL,AAPL,0.00000625,5.47500000
2026-06-20T20:00:00.032000Z,BTC,BTC,0.0000076944,6.74029440
2026-06-20T20:00:00.032000Z,xyz:COIN,COIN,0.00000625,5.47500000
2026-06-20T20:00:00.032000Z,xyz:GOLD,GOLD,0.00000625,5.47500000
2026-06-20T20:00:00.032000Z,xyz:HOOD,HOOD,0.0000155246,13.59954960
2026-06-20T20:00:00.032000Z,xyz:MU,MU,0.00000625,5.47500000
2026-06-20T21:00:00.043000Z,xyz:AAPL,AAPL,0.00000625,5.47500000
2026-06-20T21:00:00.043000Z,BTC,BTC,0.0000090437,7.92228120
2026-06-20T21:00:00.043000Z,xyz:COIN,COIN,0.00000625,5.47500000
2026-06-20T21:00:00.043000Z,xyz:GOLD,GOLD,0.00000625,5.47500000
2026-06-20T21:00:00.043000Z,xyz:HOOD,HOOD,0.0000545297,47.76801720
2026-06-20T21:00:00.043000Z,xyz:MU,MU,0.0000472362,41.37891120
2026-06-20T22:00:00.059000Z,xyz:AAPL,AAPL,0.00000625,5.47500000
2026-06-20T22:00:00.059000Z,BTC,BTC,0.0000125,10.95000000
2026-06-20T22:00:00.059000Z,xyz:COIN,COIN,0.0000470522,41.21772720
2026-06-20T22:00:00.059000Z,xyz:GOLD,GOLD,0.00000625,5.47500000
2026-06-20T22:00:00.059000Z,xyz:HOOD,HOOD,0.00000625,5.47500000
2026-06-20T22:00:00.059000Z,xyz:MU,MU,0.00000625,5.47500000
2026-06-20T23:00:00.038000Z,xyz:AAPL,AAPL,0.00000625,5.47500000
2026-06-20T23:00:00.038000Z,BTC,BTC,0.0000125,10.95000000
2026-06-20T23:00:00.038000Z,xyz:COIN,COIN,0.0001016858,89.07676080
2026-06-20T23:00:00.038000Z,xyz:GOLD,GOLD,0.00000625,5.47500000
2026-06-20T23:00:00.038000Z,xyz:HOOD,HOOD,0.0000283618,24.84493680
2026-06-20T23:00:00.038000Z,xyz:MU,MU,0.000001472,1.28947200
2026-06-21T00:00:00.047000Z,xyz:AAPL,AAPL,0.0000092549,8.10729240
2026-06-21T00:00:00.047000Z,BTC,BTC,0.0000125,10.95000000
2026-06-21T00:00:00.047000Z,xyz:COIN,COIN,0.0000235392,20.62033920
2026-06-21T00:00:00.047000Z,xyz:GOLD,GOLD,0.00000625,5.47500000
2026-06-21T00:00:00.047000Z,xyz:HOOD,HOOD,0.00000625,5.47500000
2026-06-21T00:00:00.047000Z,xyz:MU,MU,0.000062556,54.79905600
2026-06-21T01:00:00.035000Z,xyz:AAPL,AAPL,0.00000625,5.47500000
2026-06-21T01:00:00.035000Z,BTC,BTC,0.0000125,10.95000000
2026-06-21T01:00:00.035000Z,xyz:COIN,COIN,0.00000625,5.47500000
2026-06-21T01:00:00.035000Z,xyz:GOLD,GOLD,0.00000625,5.47500000
2026-06-21T01:00:00.035000Z,xyz:HOOD,HOOD,-0.0000304445,-26.66938200
2026-06-21T01:00:00.035000Z,xyz:MU,MU,-0.0000662526,-58.03727760
2026-06-21T02:00:00.009000Z,xyz:AAPL,AAPL,0.00000625,5.47500000
2026-06-21T02:00:00.009000Z,BTC,BTC,0.0000125,10.95000000
2026-06-21T02:00:00.009000Z,xyz:COIN,COIN,0.00000625,5.47500000
2026-06-21T02:00:00.009000Z,xyz:GOLD,GOLD,0.00000625,5.47500000
2026-06-21T02:00:00.009000Z,xyz:HOOD,HOOD,-0.0000077257,-6.76771320
2026-06-21T02:00:00.009000Z,xyz:MU,MU,0.0000775237,67.91076120
2026-06-21T03:00:00.033000Z,xyz:AAPL,AAPL,-0.0000050227,-4.39988520
2026-06-21T03:00:00.033000Z,BTC,BTC,0.0000125,10.95000000
2026-06-21T03:00:00.033000Z,xyz:COIN,COIN,0.00000625,5.47500000
2026-06-21T03:00:00.033000Z,xyz:GOLD,GOLD,0.00000625,5.47500000
2026-06-21T03:00:00.033000Z,xyz:HOOD,HOOD,0.00000625,5.47500000
2026-06-21T03:00:00.033000Z,xyz:MU,MU,0.0000287349,25.17177240
2026-06-21T04:00:00.034000Z,xyz:AAPL,AAPL,0.00000625,5.47500000
2026-06-21T04:00:00.034000Z,BTC,BTC,0.0000109303,9.57494280
2026-06-21T04:00:00.034000Z,xyz:COIN,COIN,0.0000664258,58.18900080
2026-06-21T04:00:00.034000Z,xyz:GOLD,GOLD,0.00000625,5.47500000
2026-06-21T04:00:00.034000Z,xyz:HOOD,HOOD,0.0000511564,44.81300640
2026-06-21T04:00:00.034000Z,xyz:MU,MU,0.0000715372,62.66658720
2026-06-21T05:00:00.004000Z,xyz:AAPL,AAPL,0.00000625,5.47500000
2026-06-21T05:00:00.004000Z,BTC,BTC,0.0000100536,8.80695360
2026-06-21T05:00:00.004000Z,xyz:COIN,COIN,0.0000244201,21.39200760
2026-06-21T05:00:00.004000Z,xyz:GOLD,GOLD,0.00000625,5.47500000
2026-06-21T05:00:00.004000Z,xyz:HOOD,HOOD,0.0000249287,21.83754120
2026-06-21T05:00:00.004000Z,xyz:MU,MU,0.0000489962,42.92067120
2026-06-21T06:00:00.025000Z,xyz:AAPL,AAPL,0.00000625,5.47500000
2026-06-21T06:00:00.025000Z,BTC,BTC,-0.0000000057,-0.00499320
2026-06-21T06:00:00.025000Z,xyz:COIN,COIN,-0.0000318147,-27.86967720
2026-06-21T06:00:00.025000Z,xyz:GOLD,GOLD,0.00000625,5.47500000
2026-06-21T06:00:00.025000Z,xyz:HOOD,HOOD,0.0000441689,38.69195640
2026-06-21T06:00:00.025000Z,xyz:MU,MU,0.00000625,5.47500000
2026-06-21T07:00:00.043000Z,xyz:AAPL,AAPL,0.00000625,5.47500000
2026-06-21T07:00:00.043000Z,BTC,BTC,0.0000026072,2.28390720
2026-06-21T07:00:00.043000Z,xyz:COIN,COIN,0.00000625,5.47500000
2026-06-21T07:00:00.043000Z,xyz:GOLD,GOLD,0.0000096757,8.47591320
2026-06-21T07:00:00.043000Z,xyz:HOOD,HOOD,0.0000472564,41.39660640
2026-06-21T07:00:00.043000Z,xyz:MU,MU,0.0000201576,17.65805760
2026-06-21T08:00:00.033000Z,xyz:AAPL,AAPL,0.00000625,5.47500000
2026-06-21T08:00:00.033000Z,BTC,BTC,-0.0000027056,-2.37010560
2026-06-21T08:00:00.033000Z,xyz:COIN,COIN,-0.0000251576,-22.03805760
2026-06-21T08:00:00.033000Z,xyz:GOLD,GOLD,0.00000625,5.47500000
2026-06-21T08:00:00.033000Z,xyz:HOOD,HOOD,0.00000625,5.47500000
2026-06-21T08:00:00.033000Z,xyz:MU,MU,0.0000338799,29.67879240
2026-06-21T09:00:00.005000Z,xyz:AAPL,AAPL,-0.0000116658,-10.21924080
2026-06-21T09:00:00.005000Z,BTC,BTC,-0.0000062019,-5.43286440
2026-06-21T09:00:00.005000Z,xyz:COIN,COIN,-0.0001316194,-115.29859440
2026-06-21T09:00:00.005000Z,xyz:GOLD,GOLD,-0.0000003932,-0.34444320
2026-06-21T09:00:00.005000Z,xyz:HOOD,HOOD,-0.0000917484,-80.37159840
2026-06-21T09:00:00.005000Z,xyz:MU,MU,-0.0000293934,-25.74861840
2026-06-21T10:00:00.020000Z,xyz:AAPL,AAPL,0.0000049961,4.37658360
2026-06-21T10:00:00.020000Z,BTC,BTC,0.0000087119,7.63162440
2026-06-21T10:00:00.020000Z,xyz:COIN,COIN,0.00000625,5.47500000
2026-06-21T10:00:00.020000Z,xyz:GOLD,GOLD,0.00000625,5.47500000
2026-06-21T10:00:00.020000Z,xyz:HOOD,HOOD,0.000033459,29.31008400
2026-06-21T10:00:00.020000Z,xyz:MU,MU,-0.0000241652,-21.16871520
2026-06-21T11:00:00.040000Z,xyz:AAPL,AAPL,0.00000625,5.47500000
2026-06-21T11:00:00.040000Z,BTC,BTC,0.0000052761,4.62186360
2026-06-21T11:00:00.040000Z,xyz:COIN,COIN,0.0000373273,32.69871480
2026-06-21T11:00:00.040000Z,xyz:GOLD,GOLD,0.00000625,5.47500000
2026-06-21T11:00:00.040000Z,xyz:HOOD,HOOD,0.0000094463,8.27495880
2026-06-21T11:00:00.040000Z,xyz:MU,MU,0.00000625,5.47500000
2026-06-21T12:00:00.044000Z,xyz:AAPL,AAPL,0.00000625,5.47500000
2026-06-21T12:00:00.044000Z,BTC,BTC,-0.0000047459,-4.15740840
2026-06-21T12:00:00.044000Z,xyz:COIN,COIN,-0.0000427612,-37.45881120
2026-06-21T12:00:00.044000Z,xyz:GOLD,GOLD,0.00000625,5.47500000
2026-06-21T12:00:00.044000Z,xyz:HOOD,HOOD,-0.000052812,-46.26331200
2026-06-21T12:00:00.044000Z,xyz:MU,MU,0.00000625,5.47500000
2026-06-21T13:00:00.053000Z,xyz:AAPL,AAPL,0.00000625,5.47500000
2026-06-21T13:00:00.053000Z,BTC,BTC,-0.0000131008,-11.47630080
2026-06-21T13:00:00.053000Z,xyz:COIN,COIN,-0.0000246497,-21.59313720
2026-06-21T13:00:00.053000Z,xyz:GOLD,GOLD,0.00000625,5.47500000
2026-06-21T13:00:00.053000Z,xyz:HOOD,HOOD,0.00000625,5.47500000
2026-06-21T13:00:00.053000Z,xyz:MU,MU,0.00000625,5.47500000
2026-06-21T14:00:00.007000Z,xyz:AAPL,AAPL,0.00000625,5.47500000
2026-06-21T14:00:00.007000Z,BTC,BTC,-0.0000113397,-9.93357720
2026-06-21T14:00:00.007000Z,xyz:COIN,COIN,0.00000625,5.47500000
2026-06-21T14:00:00.007000Z,xyz:GOLD,GOLD,0.00000625,5.47500000
2026-06-21T14:00:00.007000Z,xyz:HOOD,HOOD,-0.0000135396,-11.86068960
2026-06-21T14:00:00.007000Z,xyz:MU,MU,-0.0000691952,-60.61499520
2026-06-21T15:00:00.003000Z,xyz:AAPL,AAPL,0.00000625,5.47500000
2026-06-21T15:00:00.003000Z,BTC,BTC,-0.0000080165,-7.02245400
2026-06-21T15:00:00.003000Z,xyz:COIN,COIN,-0.000010677,-9.35305200
2026-06-21T15:00:00.003000Z,xyz:GOLD,GOLD,0.00000625,5.47500000
2026-06-21T15:00:00.003000Z,xyz:HOOD,HOOD,0.00000625,5.47500000
2026-06-21T15:00:00.003000Z,xyz:MU,MU,0.0000182712,16.00557120
2026-06-21T16:00:00.030000Z,xyz:AAPL,AAPL,0.00000625,5.47500000
2026-06-21T16:00:00.030000Z,BTC,BTC,-0.0000024511,-2.14716360
2026-06-21T16:00:00.030000Z,xyz:COIN,COIN,0.0000200648,17.57676480
2026-06-21T16:00:00.030000Z,xyz:GOLD,GOLD,0.00000625,5.47500000
2026-06-21T16:00:00.030000Z,xyz:HOOD,HOOD,0.00000625,5.47500000
2026-06-21T16:00:00.030000Z,xyz:MU,MU,0.0000926005,81.11803800
2026-06-21T17:00:00.007000Z,xyz:AAPL,AAPL,0.00000625,5.47500000
2026-06-21T17:00:00.007000Z,BTC,BTC,-0.0000054436,-4.76859360
2026-06-21T17:00:00.007000Z,xyz:COIN,COIN,0.0000060547,5.30391720
2026-06-21T17:00:00.007000Z,xyz:GOLD,GOLD,0.00000625,5.47500000
2026-06-21T17:00:00.007000Z,xyz:HOOD,HOOD,-0.0000470553,-41.22044280
2026-06-21T17:00:00.007000Z,xyz:MU,MU,0.00000625,5.47500000
2026-06-21T18:00:00.046000Z,xyz:AAPL,AAPL,0.00000625,5.47500000
2026-06-21T18:00:00.046000Z,BTC,BTC,-0.0000037171,-3.25617960
2026-06-21T18:00:00.046000Z,xyz:COIN,COIN,-0.0000023165,-2.02925400
2026-06-21T18:00:00.046000Z,xyz:GOLD,GOLD,0.00000625,5.47500000
2026-06-21T18:00:00.046000Z,xyz:HOOD,HOOD,0.0000010242,0.89719920
2026-06-21T18:00:00.046000Z,xyz:MU,MU,0.00000625,5.47500000
2026-06-21T19:00:00.029000Z,xyz:AAPL,AAPL,0.00000625,5.47500000
2026-06-21T19:00:00.029000Z,BTC,BTC,-0.0000032544,-2.85085440
2026-06-21T19:00:00.029000Z,xyz:COIN,COIN,0.00000625,5.47500000
2026-06-21T19:00:00.029000Z,xyz:GOLD,GOLD,0.00000625,5.47500000
2026-06-21T19:00:00.029000Z,xyz:HOOD,HOOD,-0.0000053771,-4.71033960
2026-06-21T19:00:00.029000Z,xyz:MU,MU,-0.0000466971,-40.90665960
2026-06-21T20:00:00.036000Z,xyz:AAPL,AAPL,0.00000625,5.47500000
2026-06-21T20:00:00.036000Z,BTC,BTC,-0.0000052568,-4.60495680
2026-06-21T20:00:00.036000Z,xyz:COIN,COIN,0.0000357026,31.27547760
2026-06-21T20:00:00.036000Z,xyz:GOLD,GOLD,0.00000625,5.47500000
2026-06-21T20:00:00.036000Z,xyz:HOOD,HOOD,0.00000625,5.47500000
2026-06-21T20:00:00.036000Z,xyz:MU,MU,-0.0000258236,-22.62147360
2026-06-21T21:00:00.057000Z,xyz:AAPL,AAPL,-0.0000000234,-0.02049840
2026-06-21T21:00:00.057000Z,BTC,BTC,-0.0000058244,-5.10217440
2026-06-21T21:00:00.057000Z,xyz:COIN,COIN,-0.000058793,-51.50266800
2026-06-21T21:00:00.057000Z,xyz:GOLD,GOLD,0.0000008884,0.77823840
2026-06-21T21:00:00.057000Z,xyz:HOOD,HOOD,0.00000625,5.47500000
2026-06-21T21:00:00.057000Z,xyz:MU,MU,0.0000054795,4.80004200
2026-06-21T22:00:00.077000Z,xyz:AAPL,AAPL,0.00000625,5.47500000
2026-06-21T22:00:00.077000Z,BTC,BTC,-0.0000166529,-14.58794040
2026-06-21T22:00:00.077000Z,xyz:COIN,COIN,-0.0001055194,-92.43499440
2026-06-21T22:00:00.077000Z,xyz:GOLD,GOLD,-0.0000020748,-1.81752480
2026-06-21T22:00:00.077000Z,xyz:HOOD,HOOD,0.0000055216,4.83692160
2026-06-21T22:00:00.077000Z,xyz:MU,MU,0.00000625,5.47500000
2026-06-21T23:00:00.061000Z,xyz:AAPL,AAPL,-0.0000581619,-50.94982440
2026-06-21T23:00:00.061000Z,BTC,BTC,-0.0000052208,-4.57342080
2026-06-21T23:00:00.061000Z,xyz:COIN,COIN,0.0000200962,17.60427120
2026-06-21T23:00:00.061000Z,xyz:GOLD,GOLD,0.0000118568,10.38655680
2026-06-21T23:00:00.061000Z,xyz:HOOD,HOOD,-0.0000735119,-64.39642440
2026-06-21T23:00:00.061000Z,xyz:MU,MU,-0.0000163052,-14.28335520
2026-06-22T00:00:00.011000Z,xyz:AAPL,AAPL,-0.0000325321,-28.49811960
2026-06-22T00:00:00.011000Z,BTC,BTC,-0.0000061048,-5.34780480
2026-06-22T00:00:00.011000Z,xyz:COIN,COIN,-0.0001654877,-144.96722520
2026-06-22T00:00:00.011000Z,xyz:GOLD,GOLD,0.0000115472,10.11534720
2026-06-22T00:00:00.011000Z,xyz:HOOD,HOOD,-0.0001605022,-140.59992720
2026-06-22T00:00:00.011000Z,xyz:MU,MU,-0.0003336541,-292.28099160
2026-06-22T01:00:00.019000Z,xyz:AAPL,AAPL,-0.0000182998,-16.03062480
2026-06-22T01:00:00.019000Z,BTC,BTC,-0.0000042085,-3.68664600
2026-06-22T01:00:00.019000Z,xyz:COIN,COIN,0.0000248655,21.78217800
2026-06-22T01:00:00.019000Z,xyz:GOLD,GOLD,0.0000086069,7.53964440
2026-06-22T01:00:00.019000Z,xyz:HOOD,HOOD,0.0000362853,31.78592280
2026-06-22T01:00:00.019000Z,xyz:MU,MU,0.00000625,5.47500000
2026-06-22T02:00:00.074000Z,xyz:AAPL,AAPL,-0.0000210902,-18.47501520
2026-06-22T02:00:00.074000Z,BTC,BTC,0.000001112,0.97411200
2026-06-22T02:00:00.074000Z,xyz:COIN,COIN,0.0000222584,19.49835840
2026-06-22T02:00:00.074000Z,xyz:GOLD,GOLD,0.0000157697,13.81425720
2026-06-22T02:00:00.074000Z,xyz:HOOD,HOOD,0.0000226278,19.82195280
2026-06-22T02:00:00.074000Z,xyz:MU,MU,0.0000182365,15.97517400
2026-06-22T03:00:00.037000Z,xyz:AAPL,AAPL,-0.0000114168,-10.00111680
2026-06-22T03:00:00.037000Z,BTC,BTC,0.0000001625,0.14235000
2026-06-22T03:00:00.037000Z,xyz:COIN,COIN,0.0000126312,11.06493120
2026-06-22T03:00:00.037000Z,xyz:GOLD,GOLD,0.0000163518,14.32417680
2026-06-22T03:00:00.037000Z,xyz:HOOD,HOOD,0.0000340301,29.81036760
2026-06-22T03:00:00.037000Z,xyz:MU,MU,0.0000228213,19.99145880
2026-06-22T04:00:00.020000Z,xyz:AAPL,AAPL,0.0000020765,1.81901400
2026-06-22T04:00:00.020000Z,BTC,BTC,-0.0000004032,-0.35320320
2026-06-22T04:00:00.020000Z,xyz:COIN,COIN,0.00000625,5.47500000
2026-06-22T04:00:00.020000Z,xyz:GOLD,GOLD,0.000019522,17.10127200
2026-06-22T04:00:00.020000Z,xyz:HOOD,HOOD,0.0000163501,14.32268760
2026-06-22T04:00:00.020000Z,xyz:MU,MU,0.0000326306,28.58440560
2026-06-22T05:00:00.054000Z,xyz:AAPL,AAPL,0.000002208,1.93420800
2026-06-22T05:00:00.054000Z,BTC,BTC,0.0000015422,1.35096720
2026-06-22T05:00:00.054000Z,xyz:COIN,COIN,0.000012756,11.17425600
2026-06-22T05:00:00.054000Z,xyz:GOLD,GOLD,0.0000183921,16.11147960
2026-06-22T05:00:00.054000Z,xyz:HOOD,HOOD,0.0000297119,26.02762440
2026-06-22T05:00:00.054000Z,xyz:MU,MU,0.0000154489,13.53323640
2026-06-22T06:00:00.033000Z,xyz:AAPL,AAPL,0.00000625,5.47500000
2026-06-22T06:00:00.033000Z,BTC,BTC,0.0000021272,1.86342720
2026-06-22T06:00:00.033000Z,xyz:COIN,COIN,0.0000408778,35.80895280
2026-06-22T06:00:00.033000Z,xyz:GOLD,GOLD,0.0000168725,14.78031000
2026-06-22T06:00:00.033000Z,xyz:HOOD,HOOD,0.0000398791,34.93409160
2026-06-22T06:00:00.033000Z,xyz:MU,MU,0.000038523,33.74614800
2026-06-22T07:00:00.031000Z,xyz:AAPL,AAPL,0.00000625,5.47500000
2026-06-22T07:00:00.031000Z,BTC,BTC,0.0000017466,1.53002160
2026-06-22T07:00:00.031000Z,xyz:COIN,COIN,0.0000258846,22.67490960
2026-06-22T07:00:00.031000Z,xyz:GOLD,GOLD,0.0000149405,13.08787800
2026-06-22T07:00:00.031000Z,xyz:HOOD,HOOD,0.0000429198,37.59774480
2026-06-22T07:00:00.031000Z,xyz:MU,MU,0.000049912,43.72291200
2026-06-22T08:00:00.054000Z,xyz:AAPL,AAPL,0.00000625,5.47500000
2026-06-22T08:00:00.054000Z,BTC,BTC,0.0000072571,6.35721960
2026-06-22T08:00:00.054000Z,xyz:COIN,COIN,0.0000330172,28.92306720
2026-06-22T08:00:00.054000Z,xyz:GOLD,GOLD,0.0000122929,10.76858040
2026-06-22T08:00:00.054000Z,xyz:HOOD,HOOD,0.000051171,44.82579600
2026-06-22T08:00:00.054000Z,xyz:MU,MU,0.000012098,10.59784800
2026-06-22T09:00:00.012000Z,xyz:AAPL,AAPL,0.00000625,5.47500000
2026-06-22T09:00:00.012000Z,BTC,BTC,0.0000097535,8.54406600
2026-06-22T09:00:00.012000Z,xyz:COIN,COIN,0.00000625,5.47500000
2026-06-22T09:00:00.012000Z,xyz:GOLD,GOLD,0.0000134988,11.82494880
2026-06-22T09:00:00.012000Z,xyz:HOOD,HOOD,0.0000479666,42.01874160
2026-06-22T09:00:00.012000Z,xyz:MU,MU,0.0000228239,19.99373640
2026-06-22T10:00:00.040000Z,xyz:AAPL,AAPL,0.00000625,5.47500000
2026-06-22T10:00:00.040000Z,BTC,BTC,0.0000103105,9.03199800
2026-06-22T10:00:00.040000Z,xyz:COIN,COIN,0.00000625,5.47500000
2026-06-22T10:00:00.040000Z,xyz:GOLD,GOLD,0.0000088145,7.72150200
2026-06-22T10:00:00.040000Z,xyz:HOOD,HOOD,0.000024237,21.23161200
2026-06-22T10:00:00.040000Z,xyz:MU,MU,0.0000187082,16.38838320
2026-06-22T11:00:00.045000Z,xyz:AAPL,AAPL,0.00000625,5.47500000
2026-06-22T11:00:00.045000Z,BTC,BTC,0.0000088485,7.75128600
2026-06-22T11:00:00.045000Z,xyz:COIN,COIN,0.00000625,5.47500000
2026-06-22T11:00:00.045000Z,xyz:GOLD,GOLD,0.0000182146,15.95598960
2026-06-22T11:00:00.045000Z,xyz:HOOD,HOOD,0.0000105763,9.26483880
2026-06-22T11:00:00.045000Z,xyz:MU,MU,0.0000372105,32.59639800
2026-06-22T12:00:00.028000Z,xyz:AAPL,AAPL,0.0000047291,4.14269160
2026-06-22T12:00:00.028000Z,BTC,BTC,0.0000125,10.95000000
2026-06-22T12:00:00.028000Z,xyz:COIN,COIN,0.0000196185,17.18580600
2026-06-22T12:00:00.028000Z,xyz:GOLD,GOLD,0.0000168675,14.77593000
2026-06-22T12:00:00.028000Z,xyz:HOOD,HOOD,0.0000207688,18.19346880
2026-06-22T12:00:00.028000Z,xyz:MU,MU,0.0000250657,21.95755320
2026-06-22T13:00:00.062000Z,xyz:AAPL,AAPL,0.00000625,5.47500000
2026-06-22T13:00:00.062000Z,BTC,BTC,0.0000101211,8.86608360
2026-06-22T13:00:00.062000Z,xyz:COIN,COIN,0.0000157498,13.79682480
2026-06-22T13:00:00.062000Z,xyz:GOLD,GOLD,0.0000158831,13.91359560
2026-06-22T13:00:00.062000Z,xyz:HOOD,HOOD,0.0000106187,9.30198120
2026-06-22T13:00:00.062000Z,xyz:MU,MU,0.0000328936,28.81479360
2026-06-22T14:00:00.004000Z,xyz:AAPL,AAPL,0.00000625,5.47500000
2026-06-22T14:00:00.004000Z,BTC,BTC,0.0000020572,1.80210720
2026-06-22T14:00:00.004000Z,xyz:COIN,COIN,0.00000625,5.47500000
2026-06-22T14:00:00.004000Z,xyz:GOLD,GOLD,0.0000247297,21.66321720
2026-06-22T14:00:00.004000Z,xyz:HOOD,HOOD,0.00003624,31.74624000
2026-06-22T14:00:00.004000Z,xyz:MU,MU,0.0000585009,51.24678840
2026-06-22T15:00:00.009000Z,xyz:AAPL,AAPL,-0.0000036324,-3.18198240
2026-06-22T15:00:00.009000Z,BTC,BTC,0.0000002285,0.20016600
2026-06-22T15:00:00.009000Z,xyz:COIN,COIN,0.00000625,5.47500000
2026-06-22T15:00:00.009000Z,xyz:GOLD,GOLD,0.0000208985,18.30708600
2026-06-22T15:00:00.009000Z,xyz:HOOD,HOOD,0.000045263,39.65038800
2026-06-22T15:00:00.009000Z,xyz:MU,MU,0.0000348741,30.54971160
2026-06-22T16:00:00.016000Z,xyz:AAPL,AAPL,0.0000000107,0.00937320
2026-06-22T16:00:00.016000Z,BTC,BTC,0.0000072038,6.31052880
2026-06-22T16:00:00.016000Z,xyz:COIN,COIN,0.00000625,5.47500000
2026-06-22T16:00:00.016000Z,xyz:GOLD,GOLD,0.0000183719,16.09378440
2026-06-22T16:00:00.016000Z,xyz:HOOD,HOOD,0.0000217493,19.05238680
2026-06-22T16:00:00.016000Z,xyz:MU,MU,0.0000247391,21.67145160
2026-06-22T17:00:00.020000Z,xyz:AAPL,AAPL,0.00000625,5.47500000
2026-06-22T17:00:00.020000Z,BTC,BTC,0.0000125,10.95000000
2026-06-22T17:00:00.020000Z,xyz:COIN,COIN,0.000025307,22.16893200
2026-06-22T17:00:00.020000Z,xyz:GOLD,GOLD,0.0000248382,21.75826320
2026-06-22T17:00:00.020000Z,xyz:HOOD,HOOD,0.0000306153,26.81900280
2026-06-22T17:00:00.020000Z,xyz:MU,MU,0.0000125598,11.00238480
2026-06-22T18:00:00.035000Z,xyz:AAPL,AAPL,0.00000625,5.47500000
2026-06-22T18:00:00.035000Z,BTC,BTC,0.0000125,10.95000000
2026-06-22T18:00:00.035000Z,xyz:COIN,COIN,0.0000389304,34.10303040
2026-06-22T18:00:00.035000Z,xyz:GOLD,GOLD,0.0000239871,21.01269960
2026-06-22T18:00:00.035000Z,xyz:HOOD,HOOD,0.0000374493,32.80558680
2026-06-22T18:00:00.035000Z,xyz:MU,MU,0.0000246691,21.61013160
2026-06-22T19:00:00.028000Z,xyz:AAPL,AAPL,0.00000625,5.47500000
2026-06-22T19:00:00.028000Z,BTC,BTC,0.0000125,10.95000000
2026-06-22T19:00:00.028000Z,xyz:COIN,COIN,0.0000304694,26.69119440
2026-06-22T19:00:00.028000Z,xyz:GOLD,GOLD,0.0000208573,18.27099480
2026-06-22T19:00:00.028000Z,xyz:HOOD,HOOD,0.0000351761,30.81426360
2026-06-22T19:00:00.028000Z,xyz:MU,MU,0.0000254128,22.26161280
2026-06-22T20:00:00.037000Z,xyz:AAPL,AAPL,0.00000625,5.47500000
2026-06-22T20:00:00.037000Z,BTC,BTC,0.0000125,10.95000000
2026-06-22T20:00:00.037000Z,xyz:COIN,COIN,0.0000216656,18.97906560
2026-06-22T20:00:00.037000Z,xyz:GOLD,GOLD,0.0000224707,19.68433320
2026-06-22T20:00:00.037000Z,xyz:HOOD,HOOD,0.0000283688,24.85106880
2026-06-22T20:00:00.037000Z,xyz:MU,MU,0.0000192222,16.83864720
2026-06-22T21:00:00.027000Z,xyz:AAPL,AAPL,0.00000625,5.47500000
2026-06-22T21:00:00.027000Z,BTC,BTC,0.0000125,10.95000000
2026-06-22T21:00:00.027000Z,xyz:COIN,COIN,0.0000238653,20.90600280
2026-06-22T21:00:00.027000Z,xyz:GOLD,GOLD,0.0000193948,16.98984480
2026-06-22T21:00:00.027000Z,xyz:HOOD,HOOD,0.0000438116,38.37896160
2026-06-22T21:00:00.027000Z,xyz:MU,MU,0.0000283528,24.83705280
2026-06-22T22:00:00.001000Z,xyz:AAPL,AAPL,0.00000625,5.47500000
2026-06-22T22:00:00.001000Z,BTC,BTC,0.0000125,10.95000000
2026-06-22T22:00:00.001000Z,xyz:COIN,COIN,0.000007266,6.36501600
2026-06-22T22:00:00.001000Z,xyz:GOLD,GOLD,0.00000625,5.47500000
2026-06-22T22:00:00.001000Z,xyz:HOOD,HOOD,0.000031285,27.40566000
2026-06-22T22:00:00.001000Z,xyz:MU,MU,0.0000253702,22.22429520
2026-06-22T23:00:00.047000Z,xyz:AAPL,AAPL,0.00000625,5.47500000
2026-06-22T23:00:00.047000Z,BTC,BTC,0.0000125,10.95000000
2026-06-22T23:00:00.047000Z,xyz:COIN,COIN,0.00000625,5.47500000
2026-06-22T23:00:00.047000Z,xyz:GOLD,GOLD,0.0000201613,17.66129880
2026-06-22T23:00:00.047000Z,xyz:HOOD,HOOD,0.00000625,5.47500000
2026-06-22T23:00:00.047000Z,xyz:MU,MU,0.0000251726,22.05119760
2026-06-23T00:00:00.019000Z,xyz:AAPL,AAPL,0.00000625,5.47500000
2026-06-23T00:00:00.019000Z,BTC,BTC,0.0000125,10.95000000
2026-06-23T00:00:00.019000Z,xyz:COIN,COIN,0.000035231,30.86235600
2026-06-23T00:00:00.019000Z,xyz:GOLD,GOLD,0.0000185838,16.27940880
2026-06-23T00:00:00.019000Z,xyz:HOOD,HOOD,0.0000596227,52.22948520
2026-06-23T00:00:00.019000Z,xyz:MU,MU,0.0000208723,18.28413480
2026-06-23T01:00:00.050000Z,xyz:AAPL,AAPL,0.0000059831,5.24119560
2026-06-23T01:00:00.050000Z,BTC,BTC,0.0000125,10.95000000
2026-06-23T01:00:00.050000Z,xyz:COIN,COIN,0.0000055418,4.85461680
2026-06-23T01:00:00.050000Z,xyz:GOLD,GOLD,0.000015944,13.96694400
2026-06-23T01:00:00.050000Z,xyz:HOOD,HOOD,0.0000196367,17.20174920
2026-06-23T01:00:00.050000Z,xyz:MU,MU,0.00000625,5.47500000
2026-06-23T02:00:00.059000Z,xyz:AAPL,AAPL,0.0000159615,13.98227400
2026-06-23T02:00:00.059000Z,BTC,BTC,0.0000125,10.95000000
2026-06-23T02:00:00.059000Z,xyz:COIN,COIN,0.00000625,5.47500000
2026-06-23T02:00:00.059000Z,xyz:GOLD,GOLD,0.0000220336,19.30143360
2026-06-23T02:00:00.059000Z,xyz:HOOD,HOOD,0.00000625,5.47500000
2026-06-23T02:00:00.059000Z,xyz:MU,MU,0.0000129616,11.35436160
2026-06-23T03:00:00.043000Z,xyz:AAPL,AAPL,0.0000241422,21.14856720
2026-06-23T03:00:00.043000Z,BTC,BTC,0.0000087723,7.68453480
2026-06-23T03:00:00.043000Z,xyz:COIN,COIN,0.00000625,5.47500000
2026-06-23T03:00:00.043000Z,xyz:GOLD,GOLD,0.0000241052,21.11615520
2026-06-23T03:00:00.043000Z,xyz:HOOD,HOOD,0.00000625,5.47500000
2026-06-23T03:00:00.043000Z,xyz:MU,MU,0.00000625,5.47500000
2026-06-23T04:00:00.043000Z,xyz:AAPL,AAPL,0.0000178993,15.67978680
2026-06-23T04:00:00.043000Z,BTC,BTC,0.0000050152,4.39331520
2026-06-23T04:00:00.043000Z,xyz:COIN,COIN,0.00000625,5.47500000
2026-06-23T04:00:00.043000Z,xyz:GOLD,GOLD,0.0000246187,21.56598120
2026-06-23T04:00:00.043000Z,xyz:HOOD,HOOD,0.0000132623,11.61777480
2026-06-23T04:00:00.043000Z,xyz:MU,MU,0.00000625,5.47500000
2026-06-23T05:00:00Z,xyz:AAPL,AAPL,0.000017191,15.05931600
2026-06-23T05:00:00Z,BTC,BTC,0.0000051996,4.55484960
2026-06-23T05:00:00Z,xyz:COIN,COIN,0.00000625,5.47500000
2026-06-23T05:00:00Z,xyz:GOLD,GOLD,0.0000272934,23.90901840
2026-06-23T05:00:00Z,xyz:HOOD,HOOD,0.00000625,5.47500000
2026-06-23T05:00:00Z,xyz:MU,MU,0.0000172693,15.12790680
2026-06-23T06:00:00.028000Z,xyz:AAPL,AAPL,0.0000111964,9.80804640
2026-06-23T06:00:00.028000Z,BTC,BTC,0.0000098166,8.59934160
2026-06-23T06:00:00.028000Z,xyz:COIN,COIN,0.00000625,5.47500000
2026-06-23T06:00:00.028000Z,xyz:GOLD,GOLD,0.0000279034,24.44337840
2026-06-23T06:00:00.028000Z,xyz:HOOD,HOOD,0.00000625,5.47500000
2026-06-23T06:00:00.028000Z,xyz:MU,MU,0.0000244456,21.41434560
2026-06-23T07:00:00.005000Z,xyz:AAPL,AAPL,0.00000625,5.47500000
2026-06-23T07:00:00.005000Z,BTC,BTC,0.0000000915,0.08015400
2026-06-23T07:00:00.005000Z,xyz:COIN,COIN,0.00000625,5.47500000
2026-06-23T07:00:00.005000Z,xyz:GOLD,GOLD,0.0000096564,8.45900640
2026-06-23T07:00:00.005000Z,xyz:HOOD,HOOD,0.00000625,5.47500000
2026-06-23T07:00:00.005000Z,xyz:MU,MU,0.0000400456,35.07994560
2026-06-23T08:00:00.004000Z,xyz:AAPL,AAPL,-0.0000011174,-0.97884240
2026-06-23T08:00:00.004000Z,BTC,BTC,-0.0000045402,-3.97721520
2026-06-23T08:00:00.004000Z,xyz:COIN,COIN,0.00000625,5.47500000
2026-06-23T08:00:00.004000Z,xyz:GOLD,GOLD,0.0000146625,12.84435000
2026-06-23T08:00:00.004000Z,xyz:HOOD,HOOD,0.00000625,5.47500000
2026-06-23T08:00:00.004000Z,xyz:MU,MU,0.00000625,5.47500000
2026-06-23T09:00:00.027000Z,xyz:AAPL,AAPL,-0.000007725,-6.76710000
2026-06-23T09:00:00.027000Z,BTC,BTC,-0.0000090926,-7.96511760
2026-06-23T09:00:00.027000Z,xyz:COIN,COIN,0.00000625,5.47500000
2026-06-23T09:00:00.027000Z,xyz:GOLD,GOLD,0.0000106263,9.30863880
2026-06-23T09:00:00.027000Z,xyz:HOOD,HOOD,0.00000625,5.47500000
2026-06-23T09:00:00.027000Z,xyz:MU,MU,0.00000625,5.47500000
2026-06-23T10:00:00.015000Z,xyz:AAPL,AAPL,0.0000043198,3.78414480
2026-06-23T10:00:00.015000Z,BTC,BTC,-0.0000086932,-7.61524320
2026-06-23T10:00:00.015000Z,xyz:COIN,COIN,0.0000219709,19.24650840
2026-06-23T10:00:00.015000Z,xyz:GOLD,GOLD,0.0000072631,6.36247560
2026-06-23T10:00:00.015000Z,xyz:HOOD,HOOD,0.00000625,5.47500000
2026-06-23T10:00:00.015000Z,xyz:MU,MU,0.00000625,5.47500000
2026-06-23T11:00:00.038000Z,xyz:AAPL,AAPL,0.00000625,5.47500000
2026-06-23T11:00:00.038000Z,BTC,BTC,-0.0000058728,-5.14457280
2026-06-23T11:00:00.038000Z,xyz:COIN,COIN,0.0000211622,18.53808720
2026-06-23T11:00:00.038000Z,xyz:GOLD,GOLD,0.00000625,5.47500000
2026-06-23T11:00:00.038000Z,xyz:HOOD,HOOD,0.00000625,5.47500000
2026-06-23T11:00:00.038000Z,xyz:MU,MU,0.00000625,5.47500000
2026-06-23T12:00:00.032000Z,xyz:AAPL,AAPL,0.00000625,5.47500000
2026-06-23T12:00:00.032000Z,BTC,BTC,0.0000053496,4.68624960
2026-06-23T12:00:00.032000Z,xyz:COIN,COIN,0.0000237634,20.81673840
2026-06-23T12:00:00.032000Z,xyz:GOLD,GOLD,0.00000625,5.47500000
2026-06-23T12:00:00.032000Z,xyz:HOOD,HOOD,0.00000625,5.47500000
2026-06-23T12:00:00.032000Z,xyz:MU,MU,0.00000625,5.47500000
2026-06-23T13:00:00.064000Z,xyz:AAPL,AAPL,-0.0000103051,-9.02726760
2026-06-23T13:00:00.064000Z,BTC,BTC,0.0000086098,7.54218480
2026-06-23T13:00:00.064000Z,xyz:COIN,COIN,0.0000180397,15.80277720
2026-06-23T13:00:00.064000Z,xyz:GOLD,GOLD,0.0000093783,8.21539080
2026-06-23T13:00:00.064000Z,xyz:HOOD,HOOD,0.000007758,6.79600800
2026-06-23T13:00:00.064000Z,xyz:MU,MU,0.00000625,5.47500000
2026-06-23T14:00:00.005000Z,xyz:AAPL,AAPL,0.0000048,4.20480000
2026-06-23T14:00:00.005000Z,BTC,BTC,0.0000092052,8.06375520
2026-06-23T14:00:00.005000Z,xyz:COIN,COIN,0.00000625,5.47500000
2026-06-23T14:00:00.005000Z,xyz:GOLD,GOLD,0.0000157884,13.83063840
2026-06-23T14:00:00.005000Z,xyz:HOOD,HOOD,0.0000176965,15.50213400
2026-06-23T14:00:00.005000Z,xyz:MU,MU,0.0000434301,38.04476760
2026-06-23T15:00:00.068000Z,xyz:AAPL,AAPL,-0.0000007776,-0.68117760
2026-06-23T15:00:00.068000Z,BTC,BTC,0.0000075091,6.57797160
2026-06-23T15:00:00.068000Z,xyz:COIN,COIN,0.00000625,5.47500000
2026-06-23T15:00:00.068000Z,xyz:GOLD,GOLD,0.0000102008,8.93590080
2026-06-23T15:00:00.068000Z,xyz:HOOD,HOOD,0.0000151783,13.29619080
2026-06-23T15:00:00.068000Z,xyz:MU,MU,0.0000372071,32.59341960
2026-06-23T16:00:00.018000Z,xyz:AAPL,AAPL,-0.0000080651,-7.06502760
2026-06-23T16:00:00.018000Z,BTC,BTC,0.0000031741,2.78051160
2026-06-23T16:00:00.018000Z,xyz:COIN,COIN,0.00000625,5.47500000
2026-06-23T16:00:00.018000Z,xyz:GOLD,GOLD,0.00000625,5.47500000
2026-06-23T16:00:00.018000Z,xyz:HOOD,HOOD,0.0000217897,19.08777720
2026-06-23T16:00:00.018000Z,xyz:MU,MU,0.000013606,11.91885600
2026-06-23T17:00:00.004000Z,xyz:AAPL,AAPL,-0.0000061561,-5.39274360
2026-06-23T17:00:00.004000Z,BTC,BTC,0.0000122657,10.74475320
2026-06-23T17:00:00.004000Z,xyz:COIN,COIN,0.000006749,5.91212400
2026-06-23T17:00:00.004000Z,xyz:GOLD,GOLD,0.00000625,5.47500000
2026-06-23T17:00:00.004000Z,xyz:HOOD,HOOD,0.0000169031,14.80711560
2026-06-23T17:00:00.004000Z,xyz:MU,MU,0.0000310402,27.19121520
2026-06-23T18:00:00.057000Z,xyz:AAPL,AAPL,-0.0000037117,-3.25144920
2026-06-23T18:00:00.057000Z,BTC,BTC,0.0000112356,9.84238560
2026-06-23T18:00:00.057000Z,xyz:COIN,COIN,0.0000063178,5.53439280
2026-06-23T18:00:00.057000Z,xyz:GOLD,GOLD,0.00000625,5.47500000
2026-06-23T18:00:00.057000Z,xyz:HOOD,HOOD,0.0000196438,17.20796880
2026-06-23T18:00:00.057000Z,xyz:MU,MU,0.0000176221,15.43695960
2026-06-23T19:00:00.036000Z,xyz:AAPL,AAPL,-0.0000122934,-10.76901840
2026-06-23T19:00:00.036000Z,BTC,BTC,0.000009086,7.95933600
2026-06-23T19:00:00.036000Z,xyz:COIN,COIN,0.0000169221,14.82375960
2026-06-23T19:00:00.036000Z,xyz:GOLD,GOLD,0.0000099039,8.67581640
2026-06-23T19:00:00.036000Z,xyz:HOOD,HOOD,0.000016909,14.81228400
2026-06-23T19:00:00.036000Z,xyz:MU,MU,0.0000372288,32.61242880
2026-06-23T20:00:00.052000Z,xyz:AAPL,AAPL,-0.0000109918,-9.62881680
2026-06-23T20:00:00.052000Z,BTC,BTC,0.0000125,10.95000000
2026-06-23T20:00:00.052000Z,xyz:COIN,COIN,0.0000223812,19.60593120
2026-06-23T20:00:00.052000Z,xyz:GOLD,GOLD,0.0000089802,7.86665520
2026-06-23T20:00:00.052000Z,xyz:HOOD,HOOD,0.0000143478,12.56867280
2026-06-23T20:00:00.052000Z,xyz:MU,MU,0.0000571897,50.09817720
2026-06-23T21:00:00.041000Z,xyz:AAPL,AAPL,-0.0000008237,-0.72156120
2026-06-23T21:00:00.041000Z,BTC,BTC,0.0000125,10.95000000
2026-06-23T21:00:00.041000Z,xyz:COIN,COIN,0.0000221232,19.37992320
2026-06-23T21:00:00.041000Z,xyz:GOLD,GOLD,0.0000157756,13.81942560
2026-06-23T21:00:00.041000Z,xyz:HOOD,HOOD,0.00000625,5.47500000
2026-06-23T21:00:00.041000Z,xyz:MU,MU,0.0000465234,40.75449840
2026-06-23T22:00:00.077000Z,xyz:AAPL,AAPL,0.000003203,2.80582800
2026-06-23T22:00:00.077000Z,BTC,BTC,0.0000115542,10.12147920
2026-06-23T22:00:00.077000Z,xyz:COIN,COIN,0.0000391239,34.27253640
2026-06-23T22:00:00.077000Z,xyz:GOLD,GOLD,0.0000407058,35.65828080
2026-06-23T22:00:00.077000Z,xyz:HOOD,HOOD,-0.0000117143,-10.26172680
2026-06-23T22:00:00.077000Z,xyz:MU,MU,0.0000458849,40.19517240
2026-06-23T23:00:00.017000Z,xyz:AAPL,AAPL,-0.0000100094,-8.76823440
2026-06-23T23:00:00.017000Z,BTC,BTC,0.0000107788,9.44222880
2026-06-23T23:00:00.017000Z,xyz:COIN,COIN,0.0000224092,19.63045920
2026-06-23T23:00:00.017000Z,xyz:GOLD,GOLD,0.0000071431,6.25735560
2026-06-23T23:00:00.017000Z,xyz:HOOD,HOOD,0.00000625,5.47500000
2026-06-23T23:00:00.017000Z,xyz:MU,MU,0.0000250231,21.92023560
2026-06-24T00:00:00.059000Z,xyz:AAPL,AAPL,-0.0000208932,-18.30244320
2026-06-24T00:00:00.059000Z,BTC,BTC,0.0000125,10.95000000
2026-06-24T00:00:00.059000Z,xyz:COIN,COIN,0.000021452,18.79195200
2026-06-24T00:00:00.059000Z,xyz:GOLD,GOLD,0.00000625,5.47500000
2026-06-24T00:00:00.059000Z,xyz:HOOD,HOOD,0.00000625,5.47500000
2026-06-24T00:00:00.059000Z,xyz:MU,MU,0.000030105,26.37198000
2026-06-24T01:00:00.007000Z,xyz:AAPL,AAPL,-0.0000074451,-6.52190760
2026-06-24T01:00:00.007000Z,BTC,BTC,0.0000125,10.95000000
2026-06-24T01:00:00.007000Z,xyz:COIN,COIN,0.0000101433,8.88553080
2026-06-24T01:00:00.007000Z,xyz:GOLD,GOLD,0.00000625,5.47500000
2026-06-24T01:00:00.007000Z,xyz:HOOD,HOOD,0.00000625,5.47500000
2026-06-24T01:00:00.007000Z,xyz:MU,MU,0.0000165369,14.48632440
2026-06-24T02:00:00.045000Z,xyz:AAPL,AAPL,-0.0000228528,-20.01905280
2026-06-24T02:00:00.045000Z,BTC,BTC,0.0000125,10.95000000
2026-06-24T02:00:00.045000Z,xyz:COIN,COIN,0.0000197315,17.28479400
2026-06-24T02:00:00.045000Z,xyz:GOLD,GOLD,0.00000625,5.47500000
2026-06-24T02:00:00.045000Z,xyz:HOOD,HOOD,0.0000068681,6.01645560
2026-06-24T02:00:00.045000Z,xyz:MU,MU,0.0000197396,17.29188960
2026-06-24T03:00:00.043000Z,xyz:AAPL,AAPL,-0.0000309461,-27.10878360
2026-06-24T03:00:00.043000Z,BTC,BTC,0.0000098136,8.59671360
2026-06-24T03:00:00.043000Z,xyz:COIN,COIN,0.0000035264,3.08912640
2026-06-24T03:00:00.043000Z,xyz:GOLD,GOLD,0.0000120126,10.52303760
2026-06-24T03:00:00.043000Z,xyz:HOOD,HOOD,0.00000625,5.47500000
2026-06-24T03:00:00.043000Z,xyz:MU,MU,0.0000112794,9.88075440
2026-06-24T04:00:00.009000Z,xyz:AAPL,AAPL,-0.0000095174,-8.33724240
2026-06-24T04:00:00.009000Z,BTC,BTC,0.0000125,10.95000000
2026-06-24T04:00:00.009000Z,xyz:COIN,COIN,-0.0000053922,-4.72356720
2026-06-24T04:00:00.009000Z,xyz:GOLD,GOLD,0.0000080796,7.07772960
2026-06-24T04:00:00.009000Z,xyz:HOOD,HOOD,0.0000246304,21.57623040
2026-06-24T04:00:00.009000Z,xyz:MU,MU,0.0000434921,38.09907960
2026-06-24T05:00:00.004000Z,xyz:AAPL,AAPL,-0.0000197971,-17.34225960
2026-06-24T05:00:00.004000Z,BTC,BTC,0.0000125,10.95000000
2026-06-24T05:00:00.004000Z,xyz:COIN,COIN,0.0000272368,23.85943680
2026-06-24T05:00:00.004000Z,xyz:GOLD,GOLD,0.0000104622,9.16488720
2026-06-24T05:00:00.004000Z,xyz:HOOD,HOOD,0.0000024961,2.18658360
2026-06-24T05:00:00.004000Z,xyz:MU,MU,0.0000437104,38.29031040
2026-06-24T06:00:00.031000Z,xyz:AAPL,AAPL,-0.0000380356,-33.31918560
2026-06-24T06:00:00.031000Z,BTC,BTC,0.0000125,10.95000000
2026-06-24T06:00:00.031000Z,xyz:COIN,COIN,0.0000270496,23.69544960
2026-06-24T06:00:00.031000Z,xyz:GOLD,GOLD,0.0000151276,13.25177760
2026-06-24T06:00:00.031000Z,xyz:HOOD,HOOD,0.0000095194,8.33899440
2026-06-24T06:00:00.031000Z,xyz:MU,MU,0.0000510683,44.73583080
2026-06-24T07:00:00.002000Z,xyz:AAPL,AAPL,-0.0000401498,-35.17122480
2026-06-24T07:00:00.002000Z,BTC,BTC,0.0000046544,4.07725440
2026-06-24T07:00:00.002000Z,xyz:COIN,COIN,0.00000625,5.47500000
2026-06-24T07:00:00.002000Z,xyz:GOLD,GOLD,0.00000625,5.47500000
2026-06-24T07:00:00.002000Z,xyz:HOOD,HOOD,0.0000053457,4.68283320
2026-06-24T07:00:00.002000Z,xyz:MU,MU,0.0000492262,43.12215120
2026-06-24T08:00:00.010000Z,xyz:AAPL,AAPL,-0.0000326962,-28.64187120
2026-06-24T08:00:00.010000Z,BTC,BTC,-0.0000027601,-2.41784760
2026-06-24T08:00:00.010000Z,xyz:COIN,COIN,0.0000119186,10.44069360
2026-06-24T08:00:00.010000Z,xyz:GOLD,GOLD,0.00000625,5.47500000
2026-06-24T08:00:00.010000Z,xyz:HOOD,HOOD,0.0000224494,19.66567440
2026-06-24T08:00:00.010000Z,xyz:MU,MU,0.0000655928,57.45929280
2026-06-24T09:00:00.011000Z,xyz:AAPL,AAPL,-0.000012177,-10.66705200
2026-06-24T09:00:00.011000Z,BTC,BTC,0.0000069275,6.06849000
2026-06-24T09:00:00.011000Z,xyz:COIN,COIN,0.0000086419,7.57030440
2026-06-24T09:00:00.011000Z,xyz:GOLD,GOLD,0.00000625,5.47500000
2026-06-24T09:00:00.011000Z,xyz:HOOD,HOOD,0.0000301463,26.40815880
2026-06-24T09:00:00.011000Z,xyz:MU,MU,0.0000464706,40.70824560
2026-06-24T10:00:00.043000Z,xyz:AAPL,AAPL,-0.0000071667,-6.27802920
2026-06-24T10:00:00.043000Z,BTC,BTC,0.0000098227,8.60468520
2026-06-24T10:00:00.043000Z,xyz:COIN,COIN,0.00000625,5.47500000
2026-06-24T10:00:00.043000Z,xyz:GOLD,GOLD,0.0000078757,6.89911320
2026-06-24T10:00:00.043000Z,xyz:HOOD,HOOD,0.0000227477,19.92698520
2026-06-24T10:00:00.043000Z,xyz:MU,MU,0.0000426292,37.34317920
2026-06-24T11:00:00.026000Z,xyz:AAPL,AAPL,0.00000625,5.47500000
2026-06-24T11:00:00.026000Z,BTC,BTC,0.0000067893,5.94742680
2026-06-24T11:00:00.026000Z,xyz:COIN,COIN,0.0000215375,18.86685000
2026-06-24T11:00:00.026000Z,xyz:GOLD,GOLD,0.0000176069,15.42364440
2026-06-24T11:00:00.026000Z,xyz:HOOD,HOOD,0.0000113484,9.94119840
2026-06-24T11:00:00.026000Z,xyz:MU,MU,0.0000218619,19.15102440
2026-06-24T12:00:00.040000Z,xyz:AAPL,AAPL,0.00000625,5.47500000
2026-06-24T12:00:00.040000Z,BTC,BTC,0.0000051607,4.52077320
2026-06-24T12:00:00.040000Z,xyz:COIN,COIN,0.0000204459,17.91060840
2026-06-24T12:00:00.040000Z,xyz:GOLD,GOLD,0.0000104516,9.15560160
2026-06-24T12:00:00.040000Z,xyz:HOOD,HOOD,0.0000183328,16.05953280
2026-06-24T12:00:00.040000Z,xyz:MU,MU,0.0000247885,21.71472600
2026-06-24T13:00:00.010000Z,xyz:AAPL,AAPL,-0.0000184637,-16.17420120
2026-06-24T13:00:00.010000Z,BTC,BTC,0.0000004421,0.38727960
2026-06-24T13:00:00.010000Z,xyz:COIN,COIN,0.00000625,5.47500000
2026-06-24T13:00:00.010000Z,xyz:GOLD,GOLD,0.0000174393,15.27682680
2026-06-24T13:00:00.010000Z,xyz:HOOD,HOOD,0.00000625,5.47500000
2026-06-24T13:00:00.010000Z,xyz:MU,MU,0.0000269812,23.63553120
2026-06-24T14:00:00.048000Z,xyz:AAPL,AAPL,-0.0000123969,-10.85968440
2026-06-24T14:00:00.048000Z,BTC,BTC,-0.0000041508,-3.63610080
2026-06-24T14:00:00.048000Z,xyz:COIN,COIN,0.00000625,5.47500000
2026-06-24T14:00:00.048000Z,xyz:GOLD,GOLD,0.0000315717,27.65680920
2026-06-24T14:00:00.048000Z,xyz:HOOD,HOOD,0.00000625,5.47500000
2026-06-24T14:00:00.048000Z,xyz:MU,MU,0.0000215517,18.87928920
2026-06-24T15:00:00.052000Z,xyz:AAPL,AAPL,-0.0000152053,-13.31984280
2026-06-24T15:00:00.052000Z,BTC,BTC,0.0000042983,3.76531080
2026-06-24T15:00:00.052000Z,xyz:COIN,COIN,0.0000095431,8.35975560
2026-06-24T15:00:00.052000Z,xyz:GOLD,GOLD,0.000013359,11.70248400
2026-06-24T15:00:00.052000Z,xyz:HOOD,HOOD,0.0000175255,15.35233800
2026-06-24T15:00:00.052000Z,xyz:MU,MU,0.000040804,35.74430400
2026-06-24T16:00:00.060000Z,xyz:AAPL,AAPL,-0.0000157739,-13.81793640
2026-06-24T16:00:00.060000Z,BTC,BTC,-0.0000022568,-1.97695680
2026-06-24T16:00:00.060000Z,xyz:COIN,COIN,0.00000625,5.47500000
2026-06-24T16:00:00.060000Z,xyz:GOLD,GOLD,0.0000217516,19.05440160
2026-06-24T16:00:00.060000Z,xyz:HOOD,HOOD,0.0000223234,19.55529840
2026-06-24T16:00:00.060000Z,xyz:MU,MU,0.0000561119,49.15402440
2026-06-24T17:00:00.011000Z,xyz:AAPL,AAPL,0.000000341,0.29871600
2026-06-24T17:00:00.011000Z,BTC,BTC,0.0000045381,3.97537560
2026-06-24T17:00:00.011000Z,xyz:COIN,COIN,0.0000111446,9.76266960
2026-06-24T17:00:00.011000Z,xyz:GOLD,GOLD,0.0000203241,17.80391160
2026-06-24T17:00:00.011000Z,xyz:HOOD,HOOD,0.0000074391,6.51665160
2026-06-24T17:00:00.011000Z,xyz:MU,MU,0.0000365361,32.00562360
2026-06-24T18:00:00.061000Z,xyz:AAPL,AAPL,-0.0000049178,-4.30799280
2026-06-24T18:00:00.061000Z,BTC,BTC,-0.0000070317,-6.15976920
2026-06-24T18:00:00.061000Z,xyz:COIN,COIN,0.00000625,5.47500000
2026-06-24T18:00:00.061000Z,xyz:GOLD,GOLD,0.0000119535,10.47126600
2026-06-24T18:00:00.061000Z,xyz:HOOD,HOOD,0.0000116071,10.16781960
2026-06-24T18:00:00.061000Z,xyz:MU,MU,0.0001016223,89.02113480
2026-06-24T19:00:00.107000Z,xyz:AAPL,AAPL,-0.0000201538,-17.65472880
2026-06-24T19:00:00.107000Z,BTC,BTC,0.0000008821,0.77271960
2026-06-24T19:00:00.107000Z,xyz:COIN,COIN,0.00000625,5.47500000
2026-06-24T19:00:00.107000Z,xyz:GOLD,GOLD,0.0000295953,25.92548280
2026-06-24T19:00:00.107000Z,xyz:HOOD,HOOD,0.0000126863,11.11319880
2026-06-24T19:00:00.107000Z,xyz:MU,MU,0.0001415426,123.99131760
2026-06-24T20:00:00.013000Z,xyz:AAPL,AAPL,-0.0000054999,-4.81791240
2026-06-24T20:00:00.013000Z,BTC,BTC,0.0000053178,4.65839280
2026-06-24T20:00:00.013000Z,xyz:COIN,COIN,0.0000116277,10.18586520
2026-06-24T20:00:00.013000Z,xyz:GOLD,GOLD,0.0000252845,22.14922200
2026-06-24T20:00:00.013000Z,xyz:HOOD,HOOD,0.0000086336,7.56303360
2026-06-24T20:00:00.013000Z,xyz:MU,MU,0.0001018554,89.22533040
2026-06-24T21:00:00.057000Z,xyz:AAPL,AAPL,0.00000625,5.47500000
2026-06-24T21:00:00.057000Z,BTC,BTC,0.0000053486,4.68537360
2026-06-24T21:00:00.057000Z,xyz:COIN,COIN,0.0000406907,35.64505320
2026-06-24T21:00:00.057000Z,xyz:GOLD,GOLD,0.0000330539,28.95521640
2026-06-24T21:00:00.057000Z,xyz:HOOD,HOOD,0.0000186999,16.38111240
2026-06-24T21:00:00.057000Z,xyz:MU,MU,0.0000005455,0.47785800
2026-06-24T22:00:00.034000Z,xyz:AAPL,AAPL,0.00000625,5.47500000
2026-06-24T22:00:00.034000Z,BTC,BTC,0.0000038264,3.35192640
2026-06-24T22:00:00.034000Z,xyz:COIN,COIN,0.0000660308,57.84298080
2026-06-24T22:00:00.034000Z,xyz:GOLD,GOLD,0.0000434068,38.02435680
2026-06-24T22:00:00.034000Z,xyz:HOOD,HOOD,0.0000553163,48.45707880
2026-06-24T22:00:00.034000Z,xyz:MU,MU,0.0000435751,38.17178760
2026-06-24T23:00:00.012000Z,xyz:AAPL,AAPL,0.00000625,5.47500000
2026-06-24T23:00:00.012000Z,BTC,BTC,-0.00000228,-1.99728000
2026-06-24T23:00:00.012000Z,xyz:COIN,COIN,0.0000360198,31.55334480
2026-06-24T23:00:00.012000Z,xyz:GOLD,GOLD,0.0000139247,12.19803720
2026-06-24T23:00:00.012000Z,xyz:HOOD,HOOD,0.00000625,5.47500000
2026-06-24T23:00:00.012000Z,xyz:MU,MU,0.000011945,10.46382000
2026-06-25T00:00:00.020000Z,xyz:AAPL,AAPL,0.00000625,5.47500000
2026-06-25T00:00:00.020000Z,BTC,BTC,-0.0000002964,-0.25964640
2026-06-25T00:00:00.020000Z,xyz:COIN,COIN,0.0000071531,6.26611560
2026-06-25T00:00:00.020000Z,xyz:GOLD,GOLD,0.0000139954,12.25997040
2026-06-25T00:00:00.020000Z,xyz:HOOD,HOOD,0.000014435,12.64506000
2026-06-25T00:00:00.020000Z,xyz:MU,MU,0.0000256106,22.43488560
2026-06-25T01:00:00.006000Z,xyz:AAPL,AAPL,0.00000625,5.47500000
2026-06-25T01:00:00.006000Z,BTC,BTC,0.0000014929,1.30778040
2026-06-25T01:00:00.006000Z,xyz:COIN,COIN,0.00000625,5.47500000
2026-06-25T01:00:00.006000Z,xyz:GOLD,GOLD,0.0000145124,12.71286240
2026-06-25T01:00:00.006000Z,xyz:HOOD,HOOD,0.00000625,5.47500000
2026-06-25T01:00:00.006000Z,xyz:MU,MU,0.0000139187,12.19278120
2026-06-25T02:00:00.035000Z,xyz:AAPL,AAPL,0.00000625,5.47500000
2026-06-25T02:00:00.035000Z,BTC,BTC,-0.0000009215,-0.80723400
2026-06-25T02:00:00.035000Z,xyz:COIN,COIN,0.00000625,5.47500000
2026-06-25T02:00:00.035000Z,xyz:GOLD,GOLD,0.0000178906,15.67216560
2026-06-25T02:00:00.035000Z,xyz:HOOD,HOOD,0.00000625,5.47500000
2026-06-25T02:00:00.035000Z,xyz:MU,MU,0.0000266574,23.35188240
2026-06-25T03:00:00.010000Z,xyz:AAPL,AAPL,0.00000625,5.47500000
2026-06-25T03:00:00.010000Z,BTC,BTC,-0.0000051557,-4.51639320
2026-06-25T03:00:00.010000Z,xyz:COIN,COIN,0.0000170659,14.94972840
2026-06-25T03:00:00.010000Z,xyz:GOLD,GOLD,0.0000133137,11.66280120
2026-06-25T03:00:00.010000Z,xyz:HOOD,HOOD,0.00000625,5.47500000
2026-06-25T03:00:00.010000Z,xyz:MU,MU,0.000009282,8.13103200
2026-06-25T04:00:00.019000Z,xyz:AAPL,AAPL,0.00000625,5.47500000
2026-06-25T04:00:00.019000Z,BTC,BTC,-0.000008506,-7.45125600
2026-06-25T04:00:00.019000Z,xyz:COIN,COIN,0.0000267582,23.44018320
2026-06-25T04:00:00.019000Z,xyz:GOLD,GOLD,0.0000165741,14.51891160
2026-06-25T04:00:00.019000Z,xyz:HOOD,HOOD,0.00000625,5.47500000
2026-06-25T04:00:00.019000Z,xyz:MU,MU,0.0000119244,10.44577440
2026-06-25T05:00:00.009000Z,xyz:AAPL,AAPL,0.0000028291,2.47829160
2026-06-25T05:00:00.009000Z,BTC,BTC,0.0000037713,3.30365880
2026-06-25T05:00:00.009000Z,xyz:COIN,COIN,0.0000186432,16.33144320
2026-06-25T05:00:00.009000Z,xyz:GOLD,GOLD,0.0000064383,5.63995080
2026-06-25T05:00:00.009000Z,xyz:HOOD,HOOD,-0.0000005029,-0.44054040
2026-06-25T05:00:00.009000Z,xyz:MU,MU,0.0000261695,22.92448200
2026-06-25T06:00:00.044000Z,xyz:AAPL,AAPL,0.00000625,5.47500000
2026-06-25T06:00:00.044000Z,BTC,BTC,0.00000216,1.89216000
2026-06-25T06:00:00.044000Z,xyz:COIN,COIN,0.0000316231,27.70183560
2026-06-25T06:00:00.044000Z,xyz:GOLD,GOLD,0.0000083134,7.28253840
2026-06-25T06:00:00.044000Z,xyz:HOOD,HOOD,0.00000625,5.47500000
2026-06-25T06:00:00.044000Z,xyz:MU,MU,0.0000163511,14.32356360
2026-06-25T07:00:00.021000Z,xyz:AAPL,AAPL,0.00000625,5.47500000
2026-06-25T07:00:00.021000Z,BTC,BTC,0.0000012884,1.12863840
2026-06-25T07:00:00.021000Z,xyz:COIN,COIN,0.0000204521,17.91603960
2026-06-25T07:00:00.021000Z,xyz:GOLD,GOLD,0.00000625,5.47500000
2026-06-25T07:00:00.021000Z,xyz:HOOD,HOOD,0.0000107929,9.45458040
2026-06-25T07:00:00.021000Z,xyz:MU,MU,0.000024353,21.33322800
2026-06-25T08:00:00.066000Z,xyz:AAPL,AAPL,0.00000625,5.47500000
2026-06-25T08:00:00.066000Z,BTC,BTC,-0.0000006489,-0.56843640
2026-06-25T08:00:00.066000Z,xyz:COIN,COIN,0.0000346882,30.38686320
2026-06-25T08:00:00.066000Z,xyz:GOLD,GOLD,0.0000240733,21.08821080
2026-06-25T08:00:00.066000Z,xyz:HOOD,HOOD,0.0000356725,31.24911000
2026-06-25T08:00:00.066000Z,xyz:MU,MU,0.0000234498,20.54202480
2026-06-25T09:00:00.009000Z,xyz:AAPL,AAPL,0.00000625,5.47500000
2026-06-25T09:00:00.009000Z,BTC,BTC,-0.0000077055,-6.75001800
2026-06-25T09:00:00.009000Z,xyz:COIN,COIN,0.0000297013,26.01833880
2026-06-25T09:00:00.009000Z,xyz:GOLD,GOLD,0.0000192683,16.87903080
2026-06-25T09:00:00.009000Z,xyz:HOOD,HOOD,0.0000133494,11.69407440
2026-06-25T09:00:00.009000Z,xyz:MU,MU,0.0000377154,33.03869040
2026-06-25T10:00:00.040000Z,xyz:AAPL,AAPL,0.00000625,5.47500000
2026-06-25T10:00:00.040000Z,BTC,BTC,-0.000004107,-3.59773200
2026-06-25T10:00:00.040000Z,xyz:COIN,COIN,0.00000625,5.47500000
2026-06-25T10:00:00.040000Z,xyz:GOLD,GOLD,0.0000215801,18.90416760
2026-06-25T10:00:00.040000Z,xyz:HOOD,HOOD,0.0000079037,6.92364120
2026-06-25T10:00:00.040000Z,xyz:MU,MU,0.0000469391,41.11865160
2026-06-25T11:00:00.059000Z,xyz:AAPL,AAPL,0.00000625,5.47500000
2026-06-25T11:00:00.059000Z,BTC,BTC,-0.000005146,-4.50789600
2026-06-25T11:00:00.059000Z,xyz:COIN,COIN,0.00000625,5.47500000
2026-06-25T11:00:00.059000Z,xyz:GOLD,GOLD,0.0000314896,27.58488960
2026-06-25T11:00:00.059000Z,xyz:HOOD,HOOD,0.0000068364,5.98868640
2026-06-25T11:00:00.059000Z,xyz:MU,MU,0.0000518949,45.45993240
2026-06-25T12:00:00.013000Z,xyz:AAPL,AAPL,0.00000625,5.47500000
2026-06-25T12:00:00.013000Z,BTC,BTC,-0.0000044893,-3.93262680
2026-06-25T12:00:00.013000Z,xyz:COIN,COIN,-0.0000127327,-11.15384520
2026-06-25T12:00:00.013000Z,xyz:GOLD,GOLD,0.000033509,29.35388400
2026-06-25T12:00:00.013000Z,xyz:HOOD,HOOD,0.00000625,5.47500000
2026-06-25T12:00:00.013000Z,xyz:MU,MU,0.0000412431,36.12895560
2026-06-25T13:00:00.054000Z,xyz:AAPL,AAPL,0.00000625,5.47500000
2026-06-25T13:00:00.054000Z,BTC,BTC,-0.0000021264,-1.86272640
2026-06-25T13:00:00.054000Z,xyz:COIN,COIN,-0.0000096327,-8.43824520
2026-06-25T13:00:00.054000Z,xyz:GOLD,GOLD,0.0000273131,23.92627560
2026-06-25T13:00:00.054000Z,xyz:HOOD,HOOD,0.0000141401,12.38672760
2026-06-25T13:00:00.054000Z,xyz:MU,MU,0.0000487867,42.73714920
2026-06-25T14:00:00.004000Z,xyz:AAPL,AAPL,0.00000625,5.47500000
2026-06-25T14:00:00.004000Z,BTC,BTC,-0.0000142952,-12.52259520
2026-06-25T14:00:00.004000Z,xyz:COIN,COIN,0.00000625,5.47500000
2026-06-25T14:00:00.004000Z,xyz:GOLD,GOLD,0.0000200672,17.57886720
2026-06-25T14:00:00.004000Z,xyz:HOOD,HOOD,0.0000122663,10.74527880
2026-06-25T14:00:00.004000Z,xyz:MU,MU,0.0000430721,37.73115960
2026-06-25T15:00:00.031000Z,xyz:AAPL,AAPL,0.00000625,5.47500000
2026-06-25T15:00:00.031000Z,BTC,BTC,-0.0000197415,-17.29355400
2026-06-25T15:00:00.031000Z,xyz:COIN,COIN,0.00000625,5.47500000
2026-06-25T15:00:00.031000Z,xyz:GOLD,GOLD,0.0000179998,15.76782480
2026-06-25T15:00:00.031000Z,xyz:HOOD,HOOD,0.000011591,10.15371600
2026-06-25T15:00:00.031000Z,xyz:MU,MU,0.0000762171,66.76617960
2026-06-25T16:00:00.049000Z,xyz:AAPL,AAPL,0.00000625,5.47500000
2026-06-25T16:00:00.049000Z,BTC,BTC,-0.0000047767,-4.18438920
2026-06-25T16:00:00.049000Z,xyz:COIN,COIN,0.00000625,5.47500000
2026-06-25T16:00:00.049000Z,xyz:GOLD,GOLD,0.0000224982,19.70842320
2026-06-25T16:00:00.049000Z,xyz:HOOD,HOOD,0.0000159289,13.95371640
2026-06-25T16:00:00.049000Z,xyz:MU,MU,0.0000150958,13.22392080
2026-06-25T17:00:00.028000Z,xyz:AAPL,AAPL,0.00000625,5.47500000
2026-06-25T17:00:00.028000Z,BTC,BTC,-0.0000053158,-4.65664080
2026-06-25T17:00:00.028000Z,xyz:COIN,COIN,0.00000625,5.47500000
2026-06-25T17:00:00.028000Z,xyz:GOLD,GOLD,0.0000259313,22.71581880
2026-06-25T17:00:00.028000Z,xyz:HOOD,HOOD,0.0000292485,25.62168600
2026-06-25T17:00:00.028000Z,xyz:MU,MU,0.0000137118,12.01153680
2026-06-25T18:00:00.008000Z,xyz:AAPL,AAPL,0.000021008,18.40300800
2026-06-25T18:00:00.008000Z,BTC,BTC,-0.0000026261,-2.30046360
2026-06-25T18:00:00.008000Z,xyz:COIN,COIN,0.00000625,5.47500000
2026-06-25T18:00:00.008000Z,xyz:GOLD,GOLD,0.0000245312,21.48933120
2026-06-25T18:00:00.008000Z,xyz:HOOD,HOOD,0.0000348703,30.54638280
2026-06-25T18:00:00.008000Z,xyz:MU,MU,0.0000132795,11.63284200
2026-06-25T19:00:00.054000Z,xyz:AAPL,AAPL,0.0000140048,12.26820480
2026-06-25T19:00:00.054000Z,BTC,BTC,0.0000015991,1.40081160
2026-06-25T19:00:00.054000Z,xyz:COIN,COIN,0.00000625,5.47500000
2026-06-25T19:00:00.054000Z,xyz:GOLD,GOLD,0.000023386,20.48613600
2026-06-25T19:00:00.054000Z,xyz:HOOD,HOOD,0.0000294135,25.76622600
2026-06-25T19:00:00.054000Z,xyz:MU,MU,0.0000088839,7.78229640
2026-06-25T20:00:00.025000Z,xyz:AAPL,AAPL,0.0000069623,6.09897480
2026-06-25T20:00:00.025000Z,BTC,BTC,-0.0000042613,-3.73289880
2026-06-25T20:00:00.025000Z,xyz:COIN,COIN,0.00000625,5.47500000
2026-06-25T20:00:00.025000Z,xyz:GOLD,GOLD,0.000018333,16.05970800
2026-06-25T20:00:00.025000Z,xyz:HOOD,HOOD,0.0000344721,30.19755960
2026-06-25T20:00:00.025000Z,xyz:MU,MU,0.0000074873,6.55887480
2026-06-25T21:00:00.001000Z,xyz:AAPL,AAPL,0.0000165664,14.51216640
2026-06-25T21:00:00.001000Z,BTC,BTC,-0.0000008174,-0.71604240
2026-06-25T21:00:00.001000Z,xyz:COIN,COIN,0.00000625,5.47500000
2026-06-25T21:00:00.001000Z,xyz:GOLD,GOLD,0.0000200529,17.56634040
2026-06-25T21:00:00.001000Z,xyz:HOOD,HOOD,0.0000428325,37.52127000
2026-06-25T21:00:00.001000Z,xyz:MU,MU,0.0000102158,8.94904080
2026-06-25T22:00:00.049000Z,xyz:AAPL,AAPL,0.00000625,5.47500000
2026-06-25T22:00:00.049000Z,BTC,BTC,0.0000013853,1.21352280
2026-06-25T22:00:00.049000Z,xyz:COIN,COIN,0.0000068003,5.95706280
2026-06-25T22:00:00.049000Z,xyz:GOLD,GOLD,0.0000220969,19.35688440
2026-06-25T22:00:00.049000Z,xyz:HOOD,HOOD,0.0000703955,61.66645800
2026-06-25T22:00:00.049000Z,xyz:MU,MU,0.0000161189,14.12015640
2026-06-25T23:00:00.053000Z,xyz:AAPL,AAPL,0.00000625,5.47500000
2026-06-25T23:00:00.053000Z,BTC,BTC,-0.0000073666,-6.45314160
2026-06-25T23:00:00.053000Z,xyz:COIN,COIN,0.00000625,5.47500000
2026-06-25T23:00:00.053000Z,xyz:GOLD,GOLD,0.0000212675,18.63033000
2026-06-25T23:00:00.053000Z,xyz:HOOD,HOOD,0.0000242089,21.20699640
2026-06-25T23:00:00.053000Z,xyz:MU,MU,0.0000148412,13.00089120
2026-06-26T00:00:00.043000Z,xyz:AAPL,AAPL,0.000024582,21.53383200
2026-06-26T00:00:00.043000Z,BTC,BTC,-0.000003331,-2.91795600
2026-06-26T00:00:00.043000Z,xyz:COIN,COIN,0.00000625,5.47500000
2026-06-26T00:00:00.043000Z,xyz:GOLD,GOLD,0.0000228746,20.03814960
2026-06-26T00:00:00.043000Z,xyz:HOOD,HOOD,0.0000240722,21.08724720
2026-06-26T00:00:00.043000Z,xyz:MU,MU,0.0000483658,42.36844080
2026-06-26T01:00:00.034000Z,xyz:AAPL,AAPL,0.0000155503,13.62206280
2026-06-26T01:00:00.034000Z,BTC,BTC,-0.0000070816,-6.20348160
2026-06-26T01:00:00.034000Z,xyz:COIN,COIN,0.00000625,5.47500000
2026-06-26T01:00:00.034000Z,xyz:GOLD,GOLD,0.0000218653,19.15400280
2026-06-26T01:00:00.034000Z,xyz:HOOD,HOOD,0.0000116443,10.20040680
2026-06-26T01:00:00.034000Z,xyz:MU,MU,0.0000151571,13.27761960
2026-06-26T02:00:00.084000Z,xyz:AAPL,AAPL,0.00000625,5.47500000
2026-06-26T02:00:00.084000Z,BTC,BTC,-0.000011692,-10.24219200
2026-06-26T02:00:00.084000Z,xyz:COIN,COIN,-0.000018426,-16.14117600
2026-06-26T02:00:00.084000Z,xyz:GOLD,GOLD,0.0000147136,12.88911360
2026-06-26T02:00:00.084000Z,xyz:HOOD,HOOD,0.000007284,6.38078400
2026-06-26T02:00:00.084000Z,xyz:MU,MU,0.0000105265,9.22121400
2026-06-26T03:00:00.008000Z,xyz:AAPL,AAPL,0.00000625,5.47500000
2026-06-26T03:00:00.008000Z,BTC,BTC,-0.0000153865,-13.47857400
2026-06-26T03:00:00.008000Z,xyz:COIN,COIN,-0.0000093368,-8.17903680
2026-06-26T03:00:00.008000Z,xyz:GOLD,GOLD,0.0000156271,13.68933960
2026-06-26T03:00:00.008000Z,xyz:HOOD,HOOD,0.0000323045,28.29874200
2026-06-26T03:00:00.008000Z,xyz:MU,MU,0.0000114917,10.06672920
2026-06-26T04:00:00.013000Z,xyz:AAPL,AAPL,0.00000625,5.47500000
2026-06-26T04:00:00.013000Z,BTC,BTC,0.0000001693,0.14830680
2026-06-26T04:00:00.013000Z,xyz:COIN,COIN,0.00000625,5.47500000
2026-06-26T04:00:00.013000Z,xyz:GOLD,GOLD,0.0000088244,7.73017440
2026-06-26T04:00:00.013000Z,xyz:HOOD,HOOD,0.0000386055,33.81841800
2026-06-26T04:00:00.013000Z,xyz:MU,MU,0.0000063286,5.54385360
2026-06-26T05:00:00.010000Z,xyz:AAPL,AAPL,0.00000625,5.47500000
2026-06-26T05:00:00.010000Z,BTC,BTC,0.0000109522,9.59412720
2026-06-26T05:00:00.010000Z,xyz:COIN,COIN,0.00000625,5.47500000
2026-06-26T05:00:00.010000Z,xyz:GOLD,GOLD,0.000018072,15.83107200
2026-06-26T05:00:00.010000Z,xyz:HOOD,HOOD,0.0000134446,11.77746960
2026-06-26T05:00:00.010000Z,xyz:MU,MU,0.00000625,5.47500000
2026-06-26T06:00:00.030000Z,xyz:AAPL,AAPL,0.0000073371,6.42729960
2026-06-26T06:00:00.030000Z,BTC,BTC,0.0000048834,4.27785840
2026-06-26T06:00:00.030000Z,xyz:COIN,COIN,0.0000289039,25.31981640
2026-06-26T06:00:00.030000Z,xyz:GOLD,GOLD,0.0000165125,14.46495000
2026-06-26T06:00:00.030000Z,xyz:HOOD,HOOD,0.00000625,5.47500000
2026-06-26T06:00:00.030000Z,xyz:MU,MU,0.0000485573,42.53619480
2026-06-26T07:00:00.029000Z,xyz:AAPL,AAPL,0.0000144461,12.65478360
2026-06-26T07:00:00.029000Z,BTC,BTC,-0.0000065597,-5.74629720
2026-06-26T07:00:00.029000Z,xyz:COIN,COIN,0.0000108349,9.49137240
2026-06-26T07:00:00.029000Z,xyz:GOLD,GOLD,0.0000137807,12.07189320
2026-06-26T07:00:00.029000Z,xyz:HOOD,HOOD,0.0000288155,25.24237800
2026-06-26T07:00:00.029000Z,xyz:MU,MU,0.0000434106,38.02768560
2026-06-26T08:00:00.070000Z,xyz:AAPL,AAPL,0.00000625,5.47500000
2026-06-26T08:00:00.070000Z,BTC,BTC,-0.0000059278,-5.19275280
2026-06-26T08:00:00.070000Z,xyz:COIN,COIN,0.00000625,5.47500000
2026-06-26T08:00:00.070000Z,xyz:GOLD,GOLD,0.0000141169,12.36640440
2026-06-26T08:00:00.070000Z,xyz:HOOD,HOOD,0.0000193189,16.92335640
2026-06-26T08:00:00.070000Z,xyz:MU,MU,0.0000129403,11.33570280
2026-06-26T09:00:00.001000Z,xyz:AAPL,AAPL,0.00000625,5.47500000
2026-06-26T09:00:00.001000Z,BTC,BTC,-0.0000126616,-11.09156160
2026-06-26T09:00:00.001000Z,xyz:COIN,COIN,-0.00000976,-8.54976000
2026-06-26T09:00:00.001000Z,xyz:GOLD,GOLD,0.0000104466,9.15122160
2026-06-26T09:00:00.001000Z,xyz:HOOD,HOOD,0.0000211109,18.49314840
2026-06-26T09:00:00.001000Z,xyz:MU,MU,0.0000142569,12.48904440
2026-06-26T10:00:00.009000Z,xyz:AAPL,AAPL,0.00000625,5.47500000
2026-06-26T10:00:00.009000Z,BTC,BTC,-0.0000080603,-7.06082280
2026-06-26T10:00:00.009000Z,xyz:COIN,COIN,0.0000028537,2.49984120
2026-06-26T10:00:00.009000Z,xyz:GOLD,GOLD,0.000010006,8.76525600
2026-06-26T10:00:00.009000Z,xyz:HOOD,HOOD,0.0000347314,30.42470640
2026-06-26T10:00:00.009000Z,xyz:MU,MU,0.0000262775,23.01909000
2026-06-26T11:00:00.032000Z,xyz:AAPL,AAPL,0.00000625,5.47500000
2026-06-26T11:00:00.032000Z,BTC,BTC,0.0000000125,0.01095000
2026-06-26T11:00:00.032000Z,xyz:COIN,COIN,0.00000625,5.47500000
2026-06-26T11:00:00.032000Z,xyz:GOLD,GOLD,0.0000161981,14.18953560
2026-06-26T11:00:00.032000Z,xyz:HOOD,HOOD,0.000017204,15.07070400
2026-06-26T11:00:00.032000Z,xyz:MU,MU,0.0000251132,21.99916320
2026-06-26T12:00:00.076000Z,xyz:AAPL,AAPL,0.00000625,5.47500000
2026-06-26T12:00:00.076000Z,BTC,BTC,0.0000027049,2.36949240
2026-06-26T12:00:00.076000Z,xyz:COIN,COIN,0.00000625,5.47500000
2026-06-26T12:00:00.076000Z,xyz:GOLD,GOLD,0.0000165173,14.46915480
2026-06-26T12:00:00.076000Z,xyz:HOOD,HOOD,0.0000218234,19.11729840
2026-06-26T12:00:00.076000Z,xyz:MU,MU,0.0000321925,28.20063000
2026-06-26T13:00:00.058000Z,xyz:AAPL,AAPL,0.0000050291,4.40549160
2026-06-26T13:00:00.058000Z,BTC,BTC,0.0000046336,4.05903360
2026-06-26T13:00:00.058000Z,xyz:COIN,COIN,-0.0000147084,-12.88455840
2026-06-26T13:00:00.058000Z,xyz:GOLD,GOLD,0.0000248757,21.79111320
2026-06-26T13:00:00.058000Z,xyz:HOOD,HOOD,0.00000625,5.47500000
2026-06-26T13:00:00.058000Z,xyz:MU,MU,0.0000420346,36.82230960
2026-06-26T14:00:00.025000Z,xyz:AAPL,AAPL,0.00000625,5.47500000
2026-06-26T14:00:00.025000Z,BTC,BTC,-0.0000019509,-1.70898840
2026-06-26T14:00:00.025000Z,xyz:COIN,COIN,-0.0000034412,-3.01449120
2026-06-26T14:00:00.025000Z,xyz:GOLD,GOLD,0.0000325314,28.49750640
2026-06-26T14:00:00.025000Z,xyz:HOOD,HOOD,0.0000078576,6.88325760
2026-06-26T14:00:00.025000Z,xyz:MU,MU,0.0000500442,43.83871920
2026-06-26T15:00:00.036000Z,xyz:AAPL,AAPL,0.00000625,5.47500000
2026-06-26T15:00:00.036000Z,BTC,BTC,0.0000001303,0.11414280
2026-06-26T15:00:00.036000Z,xyz:COIN,COIN,0.00000625,5.47500000
2026-06-26T15:00:00.036000Z,xyz:GOLD,GOLD,0.0000215085,18.84144600
2026-06-26T15:00:00.036000Z,xyz:HOOD,HOOD,0.0000220165,19.28645400
2026-06-26T15:00:00.036000Z,xyz:MU,MU,0.00000625,5.47500000
2026-06-26T16:00:00.035000Z,xyz:AAPL,AAPL,0.00000625,5.47500000
2026-06-26T16:00:00.035000Z,BTC,BTC,0.0000025329,2.21882040
2026-06-26T16:00:00.035000Z,xyz:COIN,COIN,0.0000075244,6.59137440
2026-06-26T16:00:00.035000Z,xyz:GOLD,GOLD,0.0000183928,16.11209280
2026-06-26T16:00:00.035000Z,xyz:HOOD,HOOD,0.0000272531,23.87371560
2026-06-26T16:00:00.035000Z,xyz:MU,MU,0.00000625,5.47500000
2026-06-26T17:00:00.027000Z,xyz:AAPL,AAPL,0.00000625,5.47500000
2026-06-26T17:00:00.027000Z,BTC,BTC,-0.0000029854,-2.61521040
2026-06-26T17:00:00.027000Z,xyz:COIN,COIN,0.00000625,5.47500000
2026-06-26T17:00:00.027000Z,xyz:GOLD,GOLD,0.0000272963,23.91155880
2026-06-26T17:00:00.027000Z,xyz:HOOD,HOOD,0.0000184533,16.16509080
2026-06-26T17:00:00.027000Z,xyz:MU,MU,0.00000625,5.47500000
2026-06-26T18:00:00.042000Z,xyz:AAPL,AAPL,0.0000066709,5.84370840
2026-06-26T18:00:00.042000Z,BTC,BTC,-0.000003616,-3.16761600
2026-06-26T18:00:00.042000Z,xyz:COIN,COIN,0.0000158852,13.91543520
2026-06-26T18:00:00.042000Z,xyz:GOLD,GOLD,0.0000258822,22.67280720
2026-06-26T18:00:00.042000Z,xyz:HOOD,HOOD,0.0000146526,12.83567760
2026-06-26T18:00:00.042000Z,xyz:MU,MU,0.00000625,5.47500000
2026-06-26T19:00:00.058000Z,xyz:AAPL,AAPL,0.00000625,5.47500000
2026-06-26T19:00:00.058000Z,BTC,BTC,-0.0000078836,-6.90603360
2026-06-26T19:00:00.058000Z,xyz:COIN,COIN,0.0000155882,13.65526320
2026-06-26T19:00:00.058000Z,xyz:GOLD,GOLD,0.0000269187,23.58078120
2026-06-26T19:00:00.058000Z,xyz:HOOD,HOOD,0.0000154955,13.57405800
2026-06-26T19:00:00.058000Z,xyz:MU,MU,0.00000625,5.47500000
2026-06-26T20:00:00.001000Z,xyz:AAPL,AAPL,0.00000625,5.47500000
2026-06-26T20:00:00.001000Z,BTC,BTC,-0.0000009643,-0.84472680
2026-06-26T20:00:00.001000Z,xyz:COIN,COIN,0.00000625,5.47500000
2026-06-26T20:00:00.001000Z,xyz:GOLD,GOLD,0.0000302977,26.54078520
2026-06-26T20:00:00.001000Z,xyz:HOOD,HOOD,0.0000191787,16.80054120
2026-06-26T20:00:00.001000Z,xyz:MU,MU,0.00000625,5.47500000
2026-06-26T21:00:00.081000Z,xyz:AAPL,AAPL,-0.0000459936,-40.29039360
2026-06-26T21:00:00.081000Z,BTC,BTC,-0.0000001721,-0.15075960
2026-06-26T21:00:00.081000Z,xyz:COIN,COIN,0.00000625,5.47500000
2026-06-26T21:00:00.081000Z,xyz:GOLD,GOLD,0.0000292621,25.63359960
2026-06-26T21:00:00.081000Z,xyz:HOOD,HOOD,0.0000070345,6.16222200
2026-06-26T21:00:00.081000Z,xyz:MU,MU,0.00000625,5.47500000
2026-06-26T22:00:00.052000Z,xyz:AAPL,AAPL,-0.0000300871,-26.35629960
2026-06-26T22:00:00.052000Z,BTC,BTC,0.0000044487,3.89706120
2026-06-26T22:00:00.052000Z,xyz:COIN,COIN,0.00000625,5.47500000
2026-06-26T22:00:00.052000Z,xyz:GOLD,GOLD,0.00000625,5.47500000
2026-06-26T22:00:00.052000Z,xyz:HOOD,HOOD,0.0000071845,6.29362200
2026-06-26T22:00:00.052000Z,xyz:MU,MU,0.0000146607,12.84277320
2026-06-26T23:00:00.072000Z,xyz:AAPL,AAPL,-0.000036519,-31.99064400
2026-06-26T23:00:00.072000Z,BTC,BTC,-0.0000014599,-1.27887240
2026-06-26T23:00:00.072000Z,xyz:COIN,COIN,0.00000625,5.47500000
2026-06-26T23:00:00.072000Z,xyz:GOLD,GOLD,0.00000625,5.47500000
2026-06-26T23:00:00.072000Z,xyz:HOOD,HOOD,0.00000625,5.47500000
2026-06-26T23:00:00.072000Z,xyz:MU,MU,0.000017889,15.67076400
2026-06-27T00:00:00.047000Z,xyz:AAPL,AAPL,-0.0000285491,-25.00901160
2026-06-27T00:00:00.047000Z,BTC,BTC,0.0000017298,1.51530480
2026-06-27T00:00:00.047000Z,xyz:COIN,COIN,0.0000338631,29.66407560
2026-06-27T00:00:00.047000Z,xyz:GOLD,GOLD,0.00000625,5.47500000
2026-06-27T00:00:00.047000Z,xyz:HOOD,HOOD,0.00000625,5.47500000
2026-06-27T00:00:00.047000Z,xyz:MU,MU,0.0000307663,26.95127880
2026-06-27T01:00:00.061000Z,xyz:AAPL,AAPL,0.00000625,5.47500000
2026-06-27T01:00:00.061000Z,BTC,BTC,-0.0000025728,-2.25377280
2026-06-27T01:00:00.061000Z,xyz:COIN,COIN,0.0000294236,25.77507360
2026-06-27T01:00:00.061000Z,xyz:GOLD,GOLD,-0.0000028393,-2.48722680
2026-06-27T01:00:00.061000Z,xyz:HOOD,HOOD,0.00000625,5.47500000
2026-06-27T01:00:00.061000Z,xyz:MU,MU,0.00000625,5.47500000
2026-06-27T02:00:00.033000Z,xyz:AAPL,AAPL,-0.0000013786,-1.20765360
2026-06-27T02:00:00.033000Z,BTC,BTC,-0.0000072372,-6.33978720
2026-06-27T02:00:00.033000Z,xyz:COIN,COIN,0.0000143113,12.53669880
2026-06-27T02:00:00.033000Z,xyz:GOLD,GOLD,0.00000625,5.47500000
2026-06-27T02:00:00.033000Z,xyz:HOOD,HOOD,0.00000625,5.47500000
2026-06-27T02:00:00.033000Z,xyz:MU,MU,0.000126921,111.18279600
2026-06-27T03:00:00.064000Z,xyz:AAPL,AAPL,-0.00006802,-59.58552000
2026-06-27T03:00:00.064000Z,BTC,BTC,0.0000070285,6.15696600
2026-06-27T03:00:00.064000Z,xyz:COIN,COIN,0.0001473963,129.11915880
2026-06-27T03:00:00.064000Z,xyz:GOLD,GOLD,0.00000625,5.47500000
2026-06-27T03:00:00.064000Z,xyz:HOOD,HOOD,0.00005098,44.65848000
2026-06-27T03:00:00.064000Z,xyz:MU,MU,0.000050963,44.64358800
2026-06-27T04:00:00.005000Z,xyz:AAPL,AAPL,0.0000062512,5.47605120
2026-06-27T04:00:00.005000Z,BTC,BTC,0.000007318,6.41056800
2026-06-27T04:00:00.005000Z,xyz:COIN,COIN,0.0000688432,60.30664320
2026-06-27T04:00:00.005000Z,xyz:GOLD,GOLD,0.00000625,5.47500000
2026-06-27T04:00:00.005000Z,xyz:HOOD,HOOD,0.0000273671,23.97357960
2026-06-27T04:00:00.005000Z,xyz:MU,MU,-0.0000789501,-69.16028760
2026-06-27T05:00:00.052000Z,xyz:AAPL,AAPL,0.0000326634,28.61313840
2026-06-27T05:00:00.052000Z,BTC,BTC,0.0000052405,4.59067800
2026-06-27T05:00:00.052000Z,xyz:COIN,COIN,0.0000326063,28.56311880
2026-06-27T05:00:00.052000Z,xyz:GOLD,GOLD,0.00000625,5.47500000
2026-06-27T05:00:00.052000Z,xyz:HOOD,HOOD,0.0000046611,4.08312360
2026-06-27T05:00:00.052000Z,xyz:MU,MU,0.0000045668,4.00051680
2026-06-27T06:00:00.003000Z,xyz:AAPL,AAPL,0.00000625,5.47500000
2026-06-27T06:00:00.003000Z,BTC,BTC,-0.0000004916,-0.43064160
2026-06-27T06:00:00.003000Z,xyz:COIN,COIN,-0.0000155491,-13.62101160
2026-06-27T06:00:00.003000Z,xyz:GOLD,GOLD,-0.0000006137,-0.53760120
2026-06-27T06:00:00.003000Z,xyz:HOOD,HOOD,-0.0000066402,-5.81681520
2026-06-27T06:00:00.003000Z,xyz:MU,MU,-0.0000130227,-11.40788520
2026-06-27T07:00:00.022000Z,xyz:AAPL,AAPL,-0.0000016383,-1.43515080
2026-06-27T07:00:00.022000Z,BTC,BTC,-0.0000016603,-1.45442280
2026-06-27T07:00:00.022000Z,xyz:COIN,COIN,0.0000425306,37.25680560
2026-06-27T07:00:00.022000Z,xyz:GOLD,GOLD,0.00000625,5.47500000
2026-06-27T07:00:00.022000Z,xyz:HOOD,HOOD,0.0000248404,21.76019040
2026-06-27T07:00:00.022000Z,xyz:MU,MU,0.00000625,5.47500000
2026-06-27T08:00:00.062000Z,xyz:AAPL,AAPL,-0.0000019557,-1.71319320
2026-06-27T08:00:00.062000Z,BTC,BTC,0.0000042032,3.68200320
2026-06-27T08:00:00.062000Z,xyz:COIN,COIN,0.0000435941,38.18843160
2026-06-27T08:00:00.062000Z,xyz:GOLD,GOLD,0.00000625,5.47500000
2026-06-27T08:00:00.062000Z,xyz:HOOD,HOOD,0.00000625,5.47500000
2026-06-27T08:00:00.062000Z,xyz:MU,MU,0.00000625,5.47500000
2026-06-27T09:00:00.001000Z,xyz:AAPL,AAPL,-0.0000102935,-9.01710600
2026-06-27T09:00:00.001000Z,BTC,BTC,-0.0000005609,-0.49134840
2026-06-27T09:00:00.001000Z,xyz:COIN,COIN,0.0000111513,9.76853880
2026-06-27T09:00:00.001000Z,xyz:GOLD,GOLD,0.00000625,5.47500000
2026-06-27T09:00:00.001000Z,xyz:HOOD,HOOD,0.0000188188,16.48526880
2026-06-27T09:00:00.001000Z,xyz:MU,MU,-0.0000026423,-2.31465480
2026-06-27T10:00:00.064000Z,xyz:AAPL,AAPL,-0.0000185843,-16.27984680
2026-06-27T10:00:00.064000Z,BTC,BTC,-0.0000004085,-0.35784600
2026-06-27T10:00:00.064000Z,xyz:COIN,COIN,-0.000008672,-7.59667200
2026-06-27T10:00:00.064000Z,xyz:GOLD,GOLD,0.00000625,5.47500000
2026-06-27T10:00:00.064000Z,xyz:HOOD,HOOD,0.0000419623,36.75897480
2026-06-27T10:00:00.064000Z,xyz:MU,MU,-0.0000131842,-11.54935920
2026-06-27T11:00:00.032000Z,xyz:AAPL,AAPL,-0.0000360593,-31.58794680
2026-06-27T11:00:00.032000Z,BTC,BTC,0.0000007014,0.61442640
2026-06-27T11:00:00.032000Z,xyz:COIN,COIN,0.00000625,5.47500000
2026-06-27T11:00:00.032000Z,xyz:GOLD,GOLD,0.00000625,5.47500000
2026-06-27T11:00:00.032000Z,xyz:HOOD,HOOD,0.0000342831,30.03199560
2026-06-27T11:00:00.032000Z,xyz:MU,MU,0.0000081388,7.12958880
2026-06-27T12:00:00.003000Z,xyz:AAPL,AAPL,-0.0000006418,-0.56221680
2026-06-27T12:00:00.003000Z,BTC,BTC,-0.0000013297,-1.16481720
2026-06-27T12:00:00.003000Z,xyz:COIN,COIN,-0.0000303345,-26.57302200
2026-06-27T12:00:00.003000Z,xyz:GOLD,GOLD,0.00000625,5.47500000
2026-06-27T12:00:00.003000Z,xyz:HOOD,HOOD,0.00000625,5.47500000
2026-06-27T12:00:00.003000Z,xyz:MU,MU,0.00000625,5.47500000
2026-06-27T13:00:00.057000Z,xyz:AAPL,AAPL,0.0000050672,4.43886720
2026-06-27T13:00:00.057000Z,BTC,BTC,-0.0000047106,-4.12648560
2026-06-27T13:00:00.057000Z,xyz:COIN,COIN,0.00000625,5.47500000
2026-06-27T13:00:00.057000Z,xyz:GOLD,GOLD,0.00000625,5.47500000
2026-06-27T13:00:00.057000Z,xyz:HOOD,HOOD,0.0000097907,8.57665320
2026-06-27T13:00:00.057000Z,xyz:MU,MU,0.00000625,5.47500000
2026-06-27T14:00:00.038000Z,xyz:AAPL,AAPL,0.0000344751,30.20018760
2026-06-27T14:00:00.038000Z,BTC,BTC,0.0000010422,0.91296720
2026-06-27T14:00:00.038000Z,xyz:COIN,COIN,0.0000390857,34.23907320
2026-06-27T14:00:00.038000Z,xyz:GOLD,GOLD,0.00000625,5.47500000
2026-06-27T14:00:00.038000Z,xyz:HOOD,HOOD,-0.0000100537,-8.80704120
2026-06-27T14:00:00.038000Z,xyz:MU,MU,0.0000929879,81.45740040
2026-06-27T15:00:00.065000Z,xyz:AAPL,AAPL,0.0000200014,17.52122640
2026-06-27T15:00:00.065000Z,BTC,BTC,0.0000067297,5.89521720
2026-06-27T15:00:00.065000Z,xyz:COIN,COIN,0.00000625,5.47500000
2026-06-27T15:00:00.065000Z,xyz:GOLD,GOLD,0.00000625,5.47500000
2026-06-27T15:00:00.065000Z,xyz:HOOD,HOOD,-0.000033735,-29.55186000
2026-06-27T15:00:00.065000Z,xyz:MU,MU,-0.0000217549,-19.05729240
2026-06-27T16:00:00.043000Z,xyz:AAPL,AAPL,0.00000625,5.47500000
2026-06-27T16:00:00.043000Z,BTC,BTC,0.0000101735,8.91198600
2026-06-27T16:00:00.043000Z,xyz:COIN,COIN,0.0000395651,34.65902760
2026-06-27T16:00:00.043000Z,xyz:GOLD,GOLD,0.00000625,5.47500000
2026-06-27T16:00:00.043000Z,xyz:HOOD,HOOD,0.0000142388,12.47318880
2026-06-27T16:00:00.043000Z,xyz:MU,MU,0.00000625,5.47500000
2026-06-27T17:00:00.058000Z,xyz:AAPL,AAPL,0.0000032839,2.87669640
2026-06-27T17:00:00.058000Z,BTC,BTC,0.000012155,10.64778000
2026-06-27T17:00:00.058000Z,xyz:COIN,COIN,0.0000799295,70.01824200
2026-06-27T17:00:00.058000Z,xyz:GOLD,GOLD,0.00000625,5.47500000
2026-06-27T17:00:00.058000Z,xyz:HOOD,HOOD,0.00000625,5.47500000
2026-06-27T17:00:00.058000Z,xyz:MU,MU,-0.0000215544,-18.88165440
2026-06-27T18:00:00.108000Z,xyz:AAPL,AAPL,-0.0000261453,-22.90328280
2026-06-27T18:00:00.108000Z,BTC,BTC,0.0000107849,9.44757240
2026-06-27T18:00:00.108000Z,xyz:COIN,COIN,-0.0000056214,-4.92434640
2026-06-27T18:00:00.108000Z,xyz:GOLD,GOLD,-0.000038222,-33.48247200
2026-06-27T18:00:00.108000Z,xyz:HOOD,HOOD,-0.0000216725,-18.98511000
2026-06-27T18:00:00.108000Z,xyz:MU,MU,-0.0000408621,-35.79519960
2026-06-27T19:00:00.053000Z,xyz:AAPL,AAPL,0.00000625,5.47500000
2026-06-27T19:00:00.053000Z,BTC,BTC,0.0000068748,6.02232480
2026-06-27T19:00:00.053000Z,xyz:COIN,COIN,-0.000000555,-0.48618000
2026-06-27T19:00:00.053000Z,xyz:GOLD,GOLD,0.00000625,5.47500000
2026-06-27T19:00:00.053000Z,xyz:HOOD,HOOD,0.00000625,5.47500000
2026-06-27T19:00:00.053000Z,xyz:MU,MU,0.0000330689,28.96835640
2026-06-27T20:00:00.044000Z,xyz:AAPL,AAPL,0.0000107338,9.40280880
2026-06-27T20:00:00.044000Z,BTC,BTC,0.000004437,3.88681200
2026-06-27T20:00:00.044000Z,xyz:COIN,COIN,-0.0001005358,-88.06936080
2026-06-27T20:00:00.044000Z,xyz:GOLD,GOLD,-0.0000053839,-4.71629640
2026-06-27T20:00:00.044000Z,xyz:HOOD,HOOD,-0.0000093384,-8.18043840
2026-06-27T20:00:00.044000Z,xyz:MU,MU,-0.0001000448,-87.63924480
2026-06-27T21:00:00.058000Z,xyz:AAPL,AAPL,-0.0000013199,-1.15623240
2026-06-27T21:00:00.058000Z,BTC,BTC,0.0000040869,3.58012440
2026-06-27T21:00:00.058000Z,xyz:COIN,COIN,0.0000046074,4.03608240
2026-06-27T21:00:00.058000Z,xyz:GOLD,GOLD,0.00000625,5.47500000
2026-06-27T21:00:00.058000Z,xyz:HOOD,HOOD,0.00000625,5.47500000
2026-06-27T21:00:00.058000Z,xyz:MU,MU,-0.0000618023,-54.13881480
2026-06-27T22:00:00.021000Z,xyz:AAPL,AAPL,0.00000625,5.47500000
2026-06-27T22:00:00.021000Z,BTC,BTC,0.0000036289,3.17891640
2026-06-27T22:00:00.021000Z,xyz:COIN,COIN,-0.0000087039,-7.62461640
2026-06-27T22:00:00.021000Z,xyz:GOLD,GOLD,0.00000625,5.47500000
2026-06-27T22:00:00.021000Z,xyz:HOOD,HOOD,0.0000228357,20.00407320
2026-06-27T22:00:00.021000Z,xyz:MU,MU,0.0000329984,28.90659840
2026-06-27T23:00:00.040000Z,xyz:AAPL,AAPL,-0.0000692192,-60.63601920
2026-06-27T23:00:00.040000Z,BTC,BTC,-0.0000012937,-1.13328120
2026-06-27T23:00:00.040000Z,xyz:COIN,COIN,-0.0001068779,-93.62504040
2026-06-27T23:00:00.040000Z,xyz:GOLD,GOLD,0.00000625,5.47500000
2026-06-27T23:00:00.040000Z,xyz:HOOD,HOOD,0.0000005205,0.45595800
2026-06-27T23:00:00.040000Z,xyz:MU,MU,-0.0000666525,-58.38759000
2026-06-28T00:00:00.067000Z,xyz:AAPL,AAPL,0.00000625,5.47500000
2026-06-28T00:00:00.067000Z,BTC,BTC,-0.0000091266,-7.99490160
2026-06-28T00:00:00.067000Z,xyz:COIN,COIN,-0.0000427304,-37.43183040
2026-06-28T00:00:00.067000Z,xyz:GOLD,GOLD,0.000003894,3.41114400
2026-06-28T00:00:00.067000Z,xyz:HOOD,HOOD,-0.0000382454,-33.50297040
2026-06-28T00:00:00.067000Z,xyz:MU,MU,-0.0000040554,-3.55253040
2026-06-28T01:00:00.011000Z,xyz:AAPL,AAPL,0.00000625,5.47500000
2026-06-28T01:00:00.011000Z,BTC,BTC,-0.0000059325,-5.19687000
2026-06-28T01:00:00.011000Z,xyz:COIN,COIN,-0.0000054066,-4.73618160
2026-06-28T01:00:00.011000Z,xyz:GOLD,GOLD,0.00000625,5.47500000
2026-06-28T01:00:00.011000Z,xyz:HOOD,HOOD,-0.0000207634,-18.18873840
2026-06-28T01:00:00.011000Z,xyz:MU,MU,-0.0000173706,-15.21664560
2026-06-28T02:00:00.060000Z,xyz:AAPL,AAPL,-0.0000111469,-9.76468440
2026-06-28T02:00:00.060000Z,BTC,BTC,0.0000032832,2.87608320
2026-06-28T02:00:00.060000Z,xyz:COIN,COIN,0.00000625,5.47500000
2026-06-28T02:00:00.060000Z,xyz:GOLD,GOLD,0.00000625,5.47500000
2026-06-28T02:00:00.060000Z,xyz:HOOD,HOOD,-0.0000469195,-41.10148200
2026-06-28T02:00:00.060000Z,xyz:MU,MU,-0.000123981,-108.60735600
2026-06-28T03:00:00.023000Z,xyz:AAPL,AAPL,0.0000126432,11.07544320
2026-06-28T03:00:00.023000Z,BTC,BTC,0.0000012853,1.12592280
2026-06-28T03:00:00.023000Z,xyz:COIN,COIN,-0.0000035419,-3.10270440
2026-06-28T03:00:00.023000Z,xyz:GOLD,GOLD,0.00000625,5.47500000
2026-06-28T03:00:00.023000Z,xyz:HOOD,HOOD,-0.0000221963,-19.44395880
2026-06-28T03:00:00.023000Z,xyz:MU,MU,0.000020076,17.58657600
2026-06-28T04:00:00.024000Z,xyz:AAPL,AAPL,0.00000625,5.47500000
2026-06-28T04:00:00.024000Z,BTC,BTC,0.0000043666,3.82514160
2026-06-28T04:00:00.024000Z,xyz:COIN,COIN,0.00000625,5.47500000
2026-06-28T04:00:00.024000Z,xyz:GOLD,GOLD,0.00000625,5.47500000
2026-06-28T04:00:00.024000Z,xyz:HOOD,HOOD,0.00000625,5.47500000
2026-06-28T04:00:00.024000Z,xyz:MU,MU,0.0000362254,31.73345040
2026-06-28T05:00:00.062000Z,xyz:AAPL,AAPL,0.00000625,5.47500000
2026-06-28T05:00:00.062000Z,BTC,BTC,0.0000049955,4.37605800
2026-06-28T05:00:00.062000Z,xyz:COIN,COIN,0.00000625,5.47500000
2026-06-28T05:00:00.062000Z,xyz:GOLD,GOLD,0.00000625,5.47500000
2026-06-28T05:00:00.062000Z,xyz:HOOD,HOOD,0.00000625,5.47500000
2026-06-28T05:00:00.062000Z,xyz:MU,MU,0.0000204416,17.90684160
2026-06-28T06:00:00.048000Z,xyz:AAPL,AAPL,0.00000625,5.47500000
2026-06-28T06:00:00.048000Z,BTC,BTC,0.0000016996,1.48884960
2026-06-28T06:00:00.048000Z,xyz:COIN,COIN,-0.0000065406,-5.72956560
2026-06-28T06:00:00.048000Z,xyz:GOLD,GOLD,0.00000625,5.47500000
2026-06-28T06:00:00.048000Z,xyz:HOOD,HOOD,-0.0000018771,-1.64433960
2026-06-28T06:00:00.048000Z,xyz:MU,MU,-0.0000601963,-52.73195880
2026-06-28T07:00:00.131000Z,xyz:AAPL,AAPL,0.00000625,5.47500000
2026-06-28T07:00:00.131000Z,BTC,BTC,0.0000112891,9.88925160
2026-06-28T07:00:00.131000Z,xyz:COIN,COIN,0.00000625,5.47500000
2026-06-28T07:00:00.131000Z,xyz:GOLD,GOLD,0.00000625,5.47500000
2026-06-28T07:00:00.131000Z,xyz:HOOD,HOOD,0.00000625,5.47500000
2026-06-28T07:00:00.131000Z,xyz:MU,MU,-0.0000078449,-6.87213240
2026-06-28T08:00:00.007000Z,xyz:AAPL,AAPL,0.00000625,5.47500000
2026-06-28T08:00:00.007000Z,BTC,BTC,0.0000119922,10.50516720
2026-06-28T08:00:00.007000Z,xyz:COIN,COIN,0.000093509,81.91388400
2026-06-28T08:00:00.007000Z,xyz:GOLD,GOLD,0.00000625,5.47500000
2026-06-28T08:00:00.007000Z,xyz:HOOD,HOOD,0.0000346825,30.38187000
2026-06-28T08:00:00.007000Z,xyz:MU,MU,0.0000937104,82.09031040
2026-06-28T09:00:00.030000Z,xyz:AAPL,AAPL,0.00000625,5.47500000
2026-06-28T09:00:00.030000Z,BTC,BTC,-0.0000017174,-1.50444240
2026-06-28T09:00:00.030000Z,xyz:COIN,COIN,0.0000457812,40.10433120
2026-06-28T09:00:00.030000Z,xyz:GOLD,GOLD,0.00000625,5.47500000
2026-06-28T09:00:00.030000Z,xyz:HOOD,HOOD,0.0000446594,39.12163440
2026-06-28T09:00:00.030000Z,xyz:MU,MU,0.0001527976,133.85069760
2026-06-28T10:00:00.008000Z,xyz:AAPL,AAPL,0.00000625,5.47500000
2026-06-28T10:00:00.008000Z,BTC,BTC,-0.0000005101,-0.44684760
2026-06-28T10:00:00.008000Z,xyz:COIN,COIN,0.0000845271,74.04573960
2026-06-28T10:00:00.008000Z,xyz:GOLD,GOLD,0.00000625,5.47500000
2026-06-28T10:00:00.008000Z,xyz:HOOD,HOOD,0.0000378436,33.15099360
2026-06-28T10:00:00.008000Z,xyz:MU,MU,0.0000453123,39.69357480
2026-06-28T11:00:00.056000Z,xyz:AAPL,AAPL,0.00000625,5.47500000
2026-06-28T11:00:00.056000Z,BTC,BTC,-0.0000067876,-5.94593760
2026-06-28T11:00:00.056000Z,xyz:COIN,COIN,0.00000625,5.47500000
2026-06-28T11:00:00.056000Z,xyz:GOLD,GOLD,0.00000625,5.47500000
2026-06-28T11:00:00.056000Z,xyz:HOOD,HOOD,-0.0000305513,-26.76293880
2026-06-28T11:00:00.056000Z,xyz:MU,MU,0.00000625,5.47500000
2026-06-28T12:00:00Z,xyz:AAPL,AAPL,0.00000625,5.47500000
2026-06-28T12:00:00Z,BTC,BTC,0.0000065001,5.69408760
2026-06-28T12:00:00Z,xyz:COIN,COIN,0.0000324784,28.45107840
2026-06-28T12:00:00Z,xyz:GOLD,GOLD,0.00000625,5.47500000
2026-06-28T12:00:00Z,xyz:HOOD,HOOD,0.0000304526,26.67647760
2026-06-28T12:00:00Z,xyz:MU,MU,0.0000450188,39.43646880
2026-06-28T13:00:00.035000Z,xyz:AAPL,AAPL,-0.0000017199,-1.50663240
2026-06-28T13:00:00.035000Z,BTC,BTC,0.000007575,6.63570000
2026-06-28T13:00:00.035000Z,xyz:COIN,COIN,-0.0000316286,-27.70665360
2026-06-28T13:00:00.035000Z,xyz:GOLD,GOLD,0.00000625,5.47500000
2026-06-28T13:00:00.035000Z,xyz:HOOD,HOOD,0.00000625,5.47500000
2026-06-28T13:00:00.035000Z,xyz:MU,MU,0.00000625,5.47500000
2026-06-28T14:00:00.057000Z,xyz:AAPL,AAPL,0.00000625,5.47500000
2026-06-28T14:00:00.057000Z,BTC,BTC,0.0000004816,0.42188160
2026-06-28T14:00:00.057000Z,xyz:COIN,COIN,-0.0000572332,-50.13628320
2026-06-28T14:00:00.057000Z,xyz:GOLD,GOLD,0.00000625,5.47500000
2026-06-28T14:00:00.057000Z,xyz:HOOD,HOOD,0.00000625,5.47500000
2026-06-28T14:00:00.057000Z,xyz:MU,MU,0.0000316911,27.76140360
2026-06-28T15:00:00.011000Z,xyz:AAPL,AAPL,0.00000625,5.47500000
2026-06-28T15:00:00.011000Z,BTC,BTC,-0.0000004776,-0.41837760
2026-06-28T15:00:00.011000Z,xyz:COIN,COIN,-0.0000239668,-20.99491680
2026-06-28T15:00:00.011000Z,xyz:GOLD,GOLD,0.00000625,5.47500000
2026-06-28T15:00:00.011000Z,xyz:HOOD,HOOD,0.00000625,5.47500000
2026-06-28T15:00:00.011000Z,xyz:MU,MU,0.0000891696,78.11256960
2026-06-28T16:00:00.009000Z,xyz:AAPL,AAPL,0.0000062228,5.45117280
2026-06-28T16:00:00.009000Z,BTC,BTC,-0.0000029793,-2.60986680
2026-06-28T16:00:00.009000Z,xyz:COIN,COIN,-0.0000512399,-44.88615240
2026-06-28T16:00:00.009000Z,xyz:GOLD,GOLD,0.00000625,5.47500000
2026-06-28T16:00:00.009000Z,xyz:HOOD,HOOD,0.0000025385,2.22372600
2026-06-28T16:00:00.009000Z,xyz:MU,MU,0.00000625,5.47500000
2026-06-28T17:00:00.008000Z,xyz:AAPL,AAPL,-0.0000186442,-16.33231920
2026-06-28T17:00:00.008000Z,BTC,BTC,-0.0000053064,-4.64840640
2026-06-28T17:00:00.008000Z,xyz:COIN,COIN,-0.0000751688,-65.84786880
2026-06-28T17:00:00.008000Z,xyz:GOLD,GOLD,0.00000625,5.47500000
2026-06-28T17:00:00.008000Z,xyz:HOOD,HOOD,-0.0000109123,-9.55917480
2026-06-28T17:00:00.008000Z,xyz:MU,MU,0.00000625,5.47500000
2026-06-28T18:00:00.035000Z,xyz:AAPL,AAPL,-0.0000049967,-4.37710920
2026-06-28T18:00:00.035000Z,BTC,BTC,0.0000032652,2.86031520
2026-06-28T18:00:00.035000Z,xyz:COIN,COIN,-0.0000626295,-54.86344200
2026-06-28T18:00:00.035000Z,xyz:GOLD,GOLD,0.00000625,5.47500000
2026-06-28T18:00:00.035000Z,xyz:HOOD,HOOD,-0.0000086082,-7.54078320
2026-06-28T18:00:00.035000Z,xyz:MU,MU,-0.000042796,-37.48929600
2026-06-28T19:00:00.062000Z,xyz:AAPL,AAPL,0.0000051117,4.47784920
2026-06-28T19:00:00.062000Z,BTC,BTC,0.0000072002,6.30737520
2026-06-28T19:00:00.062000Z,xyz:COIN,COIN,-0.0000532863,-46.67879880
2026-06-28T19:00:00.062000Z,xyz:GOLD,GOLD,0.00000625,5.47500000
2026-06-28T19:00:00.062000Z,xyz:HOOD,HOOD,0.00000625,5.47500000
2026-06-28T19:00:00.062000Z,xyz:MU,MU,0.0000410877,35.99282520
2026-06-28T20:00:00.011000Z,xyz:AAPL,AAPL,0.00000625,5.47500000
2026-06-28T20:00:00.011000Z,BTC,BTC,0.000000719,0.62984400
2026-06-28T20:00:00.011000Z,xyz:COIN,COIN,-0.000075158,-65.83840800
2026-06-28T20:00:00.011000Z,xyz:GOLD,GOLD,0.00000625,5.47500000
2026-06-28T20:00:00.011000Z,xyz:HOOD,HOOD,-0.0000436327,-38.22224520
2026-06-28T20:00:00.011000Z,xyz:MU,MU,0.00000625,5.47500000
2026-06-28T21:00:00.003000Z,xyz:AAPL,AAPL,0.0000173324,15.18318240
2026-06-28T21:00:00.003000Z,BTC,BTC,0.0000033935,2.97270600
2026-06-28T21:00:00.003000Z,xyz:COIN,COIN,0.0000655588,57.42950880
2026-06-28T21:00:00.003000Z,xyz:GOLD,GOLD,0.00000625,5.47500000
2026-06-28T21:00:00.003000Z,xyz:HOOD,HOOD,-0.0000060678,-5.31539280
2026-06-28T21:00:00.003000Z,xyz:MU,MU,0.0001063875,93.19545000
2026-06-28T22:00:00.039000Z,xyz:AAPL,AAPL,0.0000370552,32.46035520
2026-06-28T22:00:00.039000Z,BTC,BTC,0.0000059963,5.25275880
2026-06-28T22:00:00.039000Z,xyz:COIN,COIN,0.00000625,5.47500000
2026-06-28T22:00:00.039000Z,xyz:GOLD,GOLD,0.00000625,5.47500000
2026-06-28T22:00:00.039000Z,xyz:HOOD,HOOD,0.00000625,5.47500000
2026-06-28T22:00:00.039000Z,xyz:MU,MU,0.00000625,5.47500000
2026-06-28T23:00:00.013000Z,xyz:AAPL,AAPL,0.0000683755,59.89693800
2026-06-28T23:00:00.013000Z,BTC,BTC,0.0000028958,2.53672080
2026-06-28T23:00:00.013000Z,xyz:COIN,COIN,-0.0001651213,-144.64625880
2026-06-28T23:00:00.013000Z,xyz:GOLD,GOLD,0.000023874,20.91362400
2026-06-28T23:00:00.013000Z,xyz:HOOD,HOOD,0.000100487,88.02661200
2026-06-28T23:00:00.013000Z,xyz:MU,MU,0.0000653375,57.23565000
2026-06-29T00:00:00.001000Z,xyz:AAPL,AAPL,0.0000782294,68.52895440
2026-06-29T00:00:00.001000Z,BTC,BTC,0.0000088272,7.73262720
2026-06-29T00:00:00.001000Z,xyz:COIN,COIN,0.0000786019,68.85526440
2026-06-29T00:00:00.001000Z,xyz:GOLD,GOLD,0.0000223834,19.60785840
2026-06-29T00:00:00.001000Z,xyz:HOOD,HOOD,0.0000494668,43.33291680
2026-06-29T00:00:00.001000Z,xyz:MU,MU,0.0000362997,31.79853720
2026-06-29T01:00:00.041000Z,xyz:AAPL,AAPL,-0.0000294041,-25.75799160
2026-06-29T01:00:00.041000Z,BTC,BTC,0.0000020291,1.77749160
2026-06-29T01:00:00.041000Z,xyz:COIN,COIN,0.00000625,5.47500000
2026-06-29T01:00:00.041000Z,xyz:GOLD,GOLD,0.000016388,14.35588800
2026-06-29T01:00:00.041000Z,xyz:HOOD,HOOD,0.00000625,5.47500000
2026-06-29T01:00:00.041000Z,xyz:MU,MU,0.00000625,5.47500000
2026-06-29T02:00:00.037000Z,xyz:AAPL,AAPL,-0.0000052766,-4.62230160
2026-06-29T02:00:00.037000Z,BTC,BTC,0.0000047173,4.13235480
2026-06-29T02:00:00.037000Z,xyz:COIN,COIN,0.00000625,5.47500000
2026-06-29T02:00:00.037000Z,xyz:GOLD,GOLD,0.0000217476,19.05089760
2026-06-29T02:00:00.037000Z,xyz:HOOD,HOOD,0.000012408,10.86940800
2026-06-29T02:00:00.037000Z,xyz:MU,MU,0.00000625,5.47500000
2026-06-29T03:00:00.024000Z,xyz:AAPL,AAPL,-0.0000010118,-0.88633680
2026-06-29T03:00:00.024000Z,BTC,BTC,0.0000029224,2.56002240
2026-06-29T03:00:00.024000Z,xyz:COIN,COIN,0.00000625,5.47500000
2026-06-29T03:00:00.024000Z,xyz:GOLD,GOLD,0.0000240583,21.07507080
2026-06-29T03:00:00.024000Z,xyz:HOOD,HOOD,0.00000625,5.47500000
2026-06-29T03:00:00.024000Z,xyz:MU,MU,0.00000625,5.47500000
2026-06-29T04:00:00.028000Z,xyz:AAPL,AAPL,0.00000625,5.47500000
2026-06-29T04:00:00.028000Z,BTC,BTC,0.000002708,2.37220800
2026-06-29T04:00:00.028000Z,xyz:COIN,COIN,0.0000154041,13.49399160
2026-06-29T04:00:00.028000Z,xyz:GOLD,GOLD,0.0000282726,24.76679760
2026-06-29T04:00:00.028000Z,xyz:HOOD,HOOD,0.0000104761,9.17706360
2026-06-29T04:00:00.028000Z,xyz:MU,MU,0.00000625,5.47500000
2026-06-29T05:00:00.033000Z,xyz:AAPL,AAPL,0.0000035779,3.13424040
2026-06-29T05:00:00.033000Z,BTC,BTC,0.0000002937,0.25728120
2026-06-29T05:00:00.033000Z,xyz:COIN,COIN,0.0000131089,11.48339640
2026-06-29T05:00:00.033000Z,xyz:GOLD,GOLD,0.0000305533,26.76469080
2026-06-29T05:00:00.033000Z,xyz:HOOD,HOOD,0.00000625,5.47500000
2026-06-29T05:00:00.033000Z,xyz:MU,MU,0.00000625,5.47500000
2026-06-29T06:00:00.084000Z,xyz:AAPL,AAPL,0.0000060432,5.29384320
2026-06-29T06:00:00.084000Z,BTC,BTC,0.0000055019,4.81966440
2026-06-29T06:00:00.084000Z,xyz:COIN,COIN,0.0000574803,50.35274280
2026-06-29T06:00:00.084000Z,xyz:GOLD,GOLD,0.0000301521,26.41323960
2026-06-29T06:00:00.084000Z,xyz:HOOD,HOOD,0.00000625,5.47500000
2026-06-29T06:00:00.084000Z,xyz:MU,MU,0.0000213842,18.73255920
2026-06-29T07:00:00.013000Z,xyz:AAPL,AAPL,0.00000625,5.47500000
2026-06-29T07:00:00.013000Z,BTC,BTC,0.0000028439,2.49125640
2026-06-29T07:00:00.013000Z,xyz:COIN,COIN,0.000027651,24.22227600
2026-06-29T07:00:00.013000Z,xyz:GOLD,GOLD,0.0000303168,26.55751680
2026-06-29T07:00:00.013000Z,xyz:HOOD,HOOD,0.0000096934,8.49141840
2026-06-29T07:00:00.013000Z,xyz:MU,MU,0.0000553011,48.44376360
2026-06-29T08:00:00.021000Z,xyz:AAPL,AAPL,0.0000026046,2.28162960
2026-06-29T08:00:00.021000Z,BTC,BTC,0.0000057967,5.07790920
2026-06-29T08:00:00.021000Z,xyz:COIN,COIN,0.0000323111,28.30452360
2026-06-29T08:00:00.021000Z,xyz:GOLD,GOLD,0.000021554,18.88130400
2026-06-29T08:00:00.021000Z,xyz:HOOD,HOOD,0.0000399616,35.00636160
2026-06-29T08:00:00.021000Z,xyz:MU,MU,0.0000445827,39.05444520
2026-06-29T09:00:00.032000Z,xyz:AAPL,AAPL,-0.0000118032,-10.33960320
2026-06-29T09:00:00.032000Z,BTC,BTC,0.0000058906,5.16016560
2026-06-29T09:00:00.032000Z,xyz:COIN,COIN,0.00000625,5.47500000
2026-06-29T09:00:00.032000Z,xyz:GOLD,GOLD,0.0000268275,23.50089000
2026-06-29T09:00:00.032000Z,xyz:HOOD,HOOD,0.00000625,5.47500000
2026-06-29T09:00:00.032000Z,xyz:MU,MU,0.0000468832,41.06968320
2026-06-29T10:00:00.059000Z,xyz:AAPL,AAPL,-0.0000021649,-1.89645240
2026-06-29T10:00:00.059000Z,BTC,BTC,0.0000091666,8.02994160
2026-06-29T10:00:00.059000Z,xyz:COIN,COIN,0.00000625,5.47500000
2026-06-29T10:00:00.059000Z,xyz:GOLD,GOLD,0.0000248208,21.74302080
2026-06-29T10:00:00.059000Z,xyz:HOOD,HOOD,0.00000625,5.47500000
2026-06-29T10:00:00.059000Z,xyz:MU,MU,0.000042659,37.36928400
2026-06-29T11:00:00.002000Z,xyz:AAPL,AAPL,0.0000032775,2.87109000
2026-06-29T11:00:00.002000Z,BTC,BTC,0.0000043036,3.76995360
2026-06-29T11:00:00.002000Z,xyz:COIN,COIN,0.00000625,5.47500000
2026-06-29T11:00:00.002000Z,xyz:GOLD,GOLD,0.0000186142,16.30603920
2026-06-29T11:00:00.002000Z,xyz:HOOD,HOOD,0.0000101428,8.88509280
2026-06-29T11:00:00.002000Z,xyz:MU,MU,0.0000484453,42.43808280
2026-06-29T12:00:00.034000Z,xyz:AAPL,AAPL,-0.00000188,-1.64688000
2026-06-29T12:00:00.034000Z,BTC,BTC,0.0000048464,4.24544640
2026-06-29T12:00:00.034000Z,xyz:COIN,COIN,0.00000625,5.47500000
2026-06-29T12:00:00.034000Z,xyz:GOLD,GOLD,0.000020635,18.07626000
2026-06-29T12:00:00.034000Z,xyz:HOOD,HOOD,0.00000625,5.47500000
2026-06-29T12:00:00.034000Z,xyz:MU,MU,0.0000604316,52.93808160
2026-06-29T13:00:00.037000Z,xyz:AAPL,AAPL,0.00000625,5.47500000
2026-06-29T13:00:00.037000Z,BTC,BTC,0.0000083323,7.29909480
2026-06-29T13:00:00.037000Z,xyz:COIN,COIN,0.000012801,11.21367600
2026-06-29T13:00:00.037000Z,xyz:GOLD,GOLD,0.0000233828,20.48333280
2026-06-29T13:00:00.037000Z,xyz:HOOD,HOOD,0.0000160618,14.07013680
2026-06-29T13:00:00.037000Z,xyz:MU,MU,0.0000351634,30.80313840
2026-06-29T14:00:00.097000Z,xyz:AAPL,AAPL,0.0000005802,0.50825520
2026-06-29T14:00:00.097000Z,BTC,BTC,0.0000061273,5.36751480
2026-06-29T14:00:00.097000Z,xyz:COIN,COIN,0.0000170071,14.89821960
2026-06-29T14:00:00.097000Z,xyz:GOLD,GOLD,0.0000299231,26.21263560
2026-06-29T14:00:00.097000Z,xyz:HOOD,HOOD,0.0000141445,12.39058200
2026-06-29T14:00:00.097000Z,xyz:MU,MU,0.000065277,57.18265200
2026-06-29T15:00:00.041000Z,xyz:AAPL,AAPL,-0.0000020313,-1.77941880
2026-06-29T15:00:00.041000Z,BTC,BTC,0.0000125,10.95000000
2026-06-29T15:00:00.041000Z,xyz:COIN,COIN,0.0000235376,20.61893760
2026-06-29T15:00:00.041000Z,xyz:GOLD,GOLD,0.0000261899,22.94235240
2026-06-29T15:00:00.041000Z,xyz:HOOD,HOOD,0.0000235672,20.64486720
2026-06-29T15:00:00.041000Z,xyz:MU,MU,0.0001211052,106.08815520
2026-06-29T16:00:00.009000Z,xyz:AAPL,AAPL,-0.0000007489,-0.65603640
2026-06-29T16:00:00.009000Z,BTC,BTC,0.0000089288,7.82162880
2026-06-29T16:00:00.009000Z,xyz:COIN,COIN,0.0000205955,18.04165800
2026-06-29T16:00:00.009000Z,xyz:GOLD,GOLD,0.0000323597,28.34709720
2026-06-29T16:00:00.009000Z,xyz:HOOD,HOOD,0.0000263243,23.06008680
2026-06-29T16:00:00.009000Z,xyz:MU,MU,0.0000267749,23.45481240
2026-06-29T17:00:00.026000Z,xyz:AAPL,AAPL,-0.0000015179,-1.32968040
2026-06-29T17:00:00.026000Z,BTC,BTC,0.0000018169,1.59160440
2026-06-29T17:00:00.026000Z,xyz:COIN,COIN,0.0000165911,14.53380360
2026-06-29T17:00:00.026000Z,xyz:GOLD,GOLD,0.0000315994,27.68107440
2026-06-29T17:00:00.026000Z,xyz:HOOD,HOOD,0.0000205426,17.99531760
2026-06-29T17:00:00.026000Z,xyz:MU,MU,0.00000625,5.47500000
2026-06-29T18:00:00.054000Z,xyz:AAPL,AAPL,0.000000133,0.11650800
2026-06-29T18:00:00.054000Z,BTC,BTC,0.0000020836,1.82523360
2026-06-29T18:00:00.054000Z,xyz:COIN,COIN,0.0000147735,12.94158600
2026-06-29T18:00:00.054000Z,xyz:GOLD,GOLD,0.0000369402,32.35961520
2026-06-29T18:00:00.054000Z,xyz:HOOD,HOOD,0.0000274425,24.03963000
2026-06-29T18:00:00.054000Z,xyz:MU,MU,0.00000625,5.47500000
2026-06-29T19:00:00.032000Z,xyz:AAPL,AAPL,-0.0000072669,-6.36580440
2026-06-29T19:00:00.032000Z,BTC,BTC,0.0000081235,7.11618600
2026-06-29T19:00:00.032000Z,xyz:COIN,COIN,0.0000226196,19.81476960
2026-06-29T19:00:00.032000Z,xyz:GOLD,GOLD,0.0000347989,30.48383640
2026-06-29T19:00:00.032000Z,xyz:HOOD,HOOD,0.0000233399,20.44575240
2026-06-29T19:00:00.032000Z,xyz:MU,MU,0.00000625,5.47500000
2026-06-29T20:00:00.010000Z,xyz:AAPL,AAPL,-0.0000024611,-2.15592360
2026-06-29T20:00:00.010000Z,BTC,BTC,0.0000111065,9.72929400
2026-06-29T20:00:00.010000Z,xyz:COIN,COIN,0.0000271886,23.81721360
2026-06-29T20:00:00.010000Z,xyz:GOLD,GOLD,0.0000355461,31.13838360
2026-06-29T20:00:00.010000Z,xyz:HOOD,HOOD,0.0000311625,27.29835000
2026-06-29T20:00:00.010000Z,xyz:MU,MU,0.00000625,5.47500000
2026-06-29T21:00:00.059000Z,xyz:AAPL,AAPL,0.0000003667,0.32122920
2026-06-29T21:00:00.059000Z,BTC,BTC,0.0000036097,3.16209720
2026-06-29T21:00:00.059000Z,xyz:COIN,COIN,0.0000341928,29.95289280
2026-06-29T21:00:00.059000Z,xyz:GOLD,GOLD,0.0000426357,37.34887320
2026-06-29T21:00:00.059000Z,xyz:HOOD,HOOD,0.000033588,29.42308800
2026-06-29T21:00:00.059000Z,xyz:MU,MU,0.00000625,5.47500000
2026-06-29T22:00:00.020000Z,xyz:AAPL,AAPL,0.0000031099,2.72427240
2026-06-29T22:00:00.020000Z,BTC,BTC,0.000010217,8.95009200
2026-06-29T22:00:00.020000Z,xyz:COIN,COIN,0.0000853443,74.76160680
2026-06-29T22:00:00.020000Z,xyz:GOLD,GOLD,0.0000310855,27.23089800
2026-06-29T22:00:00.020000Z,xyz:HOOD,HOOD,0.0000152334,13.34445840
2026-06-29T22:00:00.020000Z,xyz:MU,MU,0.0000156552,13.71395520
2026-06-29T23:00:00.049000Z,xyz:AAPL,AAPL,-0.0000088912,-7.78869120
2026-06-29T23:00:00.049000Z,BTC,BTC,0.0000074115,6.49247400
2026-06-29T23:00:00.049000Z,xyz:COIN,COIN,0.0000428973,37.57803480
2026-06-29T23:00:00.049000Z,xyz:GOLD,GOLD,0.0000323673,28.35375480
2026-06-29T23:00:00.049000Z,xyz:HOOD,HOOD,0.0000183774,16.09860240
2026-06-29T23:00:00.049000Z,xyz:MU,MU,0.00000625,5.47500000
2026-06-30T00:00:00.028000Z,xyz:AAPL,AAPL,0.0000029202,2.55809520
2026-06-30T00:00:00.028000Z,BTC,BTC,0.0000028767,2.51998920
2026-06-30T00:00:00.028000Z,xyz:COIN,COIN,0.0000406698,35.62674480
2026-06-30T00:00:00.028000Z,xyz:GOLD,GOLD,0.0000311445,27.28258200
2026-06-30T00:00:00.028000Z,xyz:HOOD,HOOD,0.0000647993,56.76418680
2026-06-30T00:00:00.028000Z,xyz:MU,MU,0.0000071623,6.27417480
2026-06-30T01:00:00.022000Z,xyz:AAPL,AAPL,0.000003058,2.67880800
2026-06-30T01:00:00.022000Z,BTC,BTC,0.0000077651,6.80222760
2026-06-30T01:00:00.022000Z,xyz:COIN,COIN,0.00000625,5.47500000
2026-06-30T01:00:00.022000Z,xyz:GOLD,GOLD,0.000034017,29.79889200
2026-06-30T01:00:00.022000Z,xyz:HOOD,HOOD,0.0000289109,25.32594840
2026-06-30T01:00:00.022000Z,xyz:MU,MU,0.00000625,5.47500000
2026-06-30T02:00:00.047000Z,xyz:AAPL,AAPL,-0.0000029128,-2.55161280
2026-06-30T02:00:00.047000Z,BTC,BTC,0.0000090354,7.91501040
2026-06-30T02:00:00.047000Z,xyz:COIN,COIN,0.00000625,5.47500000
2026-06-30T02:00:00.047000Z,xyz:GOLD,GOLD,0.0000302012,26.45625120
2026-06-30T02:00:00.047000Z,xyz:HOOD,HOOD,0.0000179661,15.73830360
2026-06-30T02:00:00.047000Z,xyz:MU,MU,0.000013641,11.94951600
2026-06-30T03:00:00.041000Z,xyz:AAPL,AAPL,0.00000625,5.47500000
2026-06-30T03:00:00.041000Z,BTC,BTC,0.0000050884,4.45743840
2026-06-30T03:00:00.041000Z,xyz:COIN,COIN,0.0000156461,13.70598360
2026-06-30T03:00:00.041000Z,xyz:GOLD,GOLD,0.0000259058,22.69348080
2026-06-30T03:00:00.041000Z,xyz:HOOD,HOOD,0.0000260343,22.80604680
2026-06-30T03:00:00.041000Z,xyz:MU,MU,0.0000095393,8.35642680
2026-06-30T04:00:00.028000Z,xyz:AAPL,AAPL,0.00000625,5.47500000
2026-06-30T04:00:00.028000Z,BTC,BTC,-0.00000487,-4.26612000
2026-06-30T04:00:00.028000Z,xyz:COIN,COIN,0.0000077506,6.78952560
2026-06-30T04:00:00.028000Z,xyz:GOLD,GOLD,0.0000200474,17.56152240
2026-06-30T04:00:00.028000Z,xyz:HOOD,HOOD,0.0000257392,22.54753920
2026-06-30T04:00:00.028000Z,xyz:MU,MU,0.00000625,5.47500000
2026-06-30T05:00:00.052000Z,xyz:AAPL,AAPL,0.00000625,5.47500000
2026-06-30T05:00:00.052000Z,BTC,BTC,0.0000045111,3.95172360
2026-06-30T05:00:00.052000Z,xyz:COIN,COIN,0.00000625,5.47500000
2026-06-30T05:00:00.052000Z,xyz:GOLD,GOLD,0.0000253974,22.24812240
2026-06-30T05:00:00.052000Z,xyz:HOOD,HOOD,0.000031273,27.39514800
2026-06-30T05:00:00.052000Z,xyz:MU,MU,0.0000264198,23.14374480
2026-06-30T06:00:00.065000Z,xyz:AAPL,AAPL,0.00000625,5.47500000
2026-06-30T06:00:00.065000Z,BTC,BTC,0.0000125,10.95000000
2026-06-30T06:00:00.065000Z,xyz:COIN,COIN,0.00000625,5.47500000
2026-06-30T06:00:00.065000Z,xyz:GOLD,GOLD,0.0000299188,26.20886880
2026-06-30T06:00:00.065000Z,xyz:HOOD,HOOD,0.0000202264,17.71832640
2026-06-30T06:00:00.065000Z,xyz:MU,MU,0.0000473959,41.51880840
2026-06-30T07:00:00.042000Z,xyz:AAPL,AAPL,0.0000007226,0.63299760
2026-06-30T07:00:00.042000Z,BTC,BTC,0.0000125,10.95000000
2026-06-30T07:00:00.042000Z,xyz:COIN,COIN,0.00000625,5.47500000
2026-06-30T07:00:00.042000Z,xyz:GOLD,GOLD,0.0000238413,20.88497880
2026-06-30T07:00:00.042000Z,xyz:HOOD,HOOD,0.0000247077,21.64394520
2026-06-30T07:00:00.042000Z,xyz:MU,MU,0.0000374969,32.84728440
2026-06-30T08:00:00.071000Z,xyz:AAPL,AAPL,-0.0000027689,-2.42555640
2026-06-30T08:00:00.071000Z,BTC,BTC,0.0000125,10.95000000
2026-06-30T08:00:00.071000Z,xyz:COIN,COIN,0.00000625,5.47500000
2026-06-30T08:00:00.071000Z,xyz:GOLD,GOLD,0.0000110271,9.65973960
2026-06-30T08:00:00.071000Z,xyz:HOOD,HOOD,0.0000285096,24.97440960
2026-06-30T08:00:00.071000Z,xyz:MU,MU,0.0000194418,17.03101680
2026-06-30T09:00:00.015000Z,xyz:AAPL,AAPL,0.0000001311,0.11484360
2026-06-30T09:00:00.015000Z,BTC,BTC,0.0000123847,10.84899720
2026-06-30T09:00:00.015000Z,xyz:COIN,COIN,0.0000093015,8.14811400
2026-06-30T09:00:00.015000Z,xyz:GOLD,GOLD,0.0000110192,9.65281920
2026-06-30T09:00:00.015000Z,xyz:HOOD,HOOD,0.0000182737,16.00776120
2026-06-30T09:00:00.015000Z,xyz:MU,MU,0.0000137301,12.02756760
2026-06-30T10:00:00.034000Z,xyz:AAPL,AAPL,0.00000625,5.47500000
2026-06-30T10:00:00.034000Z,BTC,BTC,0.0000125,10.95000000
2026-06-30T10:00:00.034000Z,xyz:COIN,COIN,0.00000625,5.47500000
2026-06-30T10:00:00.034000Z,xyz:GOLD,GOLD,0.0000123814,10.84610640
2026-06-30T10:00:00.034000Z,xyz:HOOD,HOOD,0.0000158598,13.89318480
2026-06-30T10:00:00.034000Z,xyz:MU,MU,0.0000132051,11.56766760
2026-06-30T11:00:00.061000Z,xyz:AAPL,AAPL,0.0000007541,0.66059160
2026-06-30T11:00:00.061000Z,BTC,BTC,0.0000125,10.95000000
2026-06-30T11:00:00.061000Z,xyz:COIN,COIN,0.00000625,5.47500000
2026-06-30T11:00:00.061000Z,xyz:GOLD,GOLD,0.0000142161,12.45330360
2026-06-30T11:00:00.061000Z,xyz:HOOD,HOOD,0.0000241457,21.15163320
2026-06-30T11:00:00.061000Z,xyz:MU,MU,0.0000124979,10.94816040
2026-06-30T12:00:00.037000Z,xyz:AAPL,AAPL,0.0000043449,3.80613240
2026-06-30T12:00:00.037000Z,BTC,BTC,0.0000107344,9.40333440
2026-06-30T12:00:00.037000Z,xyz:COIN,COIN,0.00000625,5.47500000
2026-06-30T12:00:00.037000Z,xyz:GOLD,GOLD,0.0000133999,11.73831240
2026-06-30T12:00:00.037000Z,xyz:HOOD,HOOD,0.0000337925,29.60223000
2026-06-30T12:00:00.037000Z,xyz:MU,MU,0.0000174118,15.25273680
2026-06-30T13:00:00.033000Z,xyz:AAPL,AAPL,-0.0000110839,-9.70949640
2026-06-30T13:00:00.033000Z,BTC,BTC,-0.0000001493,-0.13078680
2026-06-30T13:00:00.033000Z,xyz:COIN,COIN,0.00000625,5.47500000
2026-06-30T13:00:00.033000Z,xyz:GOLD,GOLD,0.0000066506,5.82592560
2026-06-30T13:00:00.033000Z,xyz:HOOD,HOOD,0.0000143366,12.55886160
2026-06-30T13:00:00.033000Z,xyz:MU,MU,0.00000625,5.47500000
2026-06-30T14:00:00.043000Z,xyz:AAPL,AAPL,0.0000003856,0.33778560
2026-06-30T14:00:00.043000Z,BTC,BTC,0.0000062665,5.48945400
2026-06-30T14:00:00.043000Z,xyz:COIN,COIN,0.00000625,5.47500000
2026-06-30T14:00:00.043000Z,xyz:GOLD,GOLD,0.0000080707,7.06993320
2026-06-30T14:00:00.043000Z,xyz:HOOD,HOOD,0.0000067068,5.87515680
2026-06-30T14:00:00.043000Z,xyz:MU,MU,0.00000625,5.47500000
2026-06-30T15:00:00.058000Z,xyz:AAPL,AAPL,-0.0000011491,-1.00661160
2026-06-30T15:00:00.058000Z,BTC,BTC,0.0000125,10.95000000
2026-06-30T15:00:00.058000Z,xyz:COIN,COIN,0.00000625,5.47500000
2026-06-30T15:00:00.058000Z,xyz:GOLD,GOLD,0.0000159075,13.93497000
2026-06-30T15:00:00.058000Z,xyz:HOOD,HOOD,0.0000124693,10.92310680
2026-06-30T15:00:00.058000Z,xyz:MU,MU,0.000016784,14.70278400
2026-06-30T16:00:00.010000Z,xyz:AAPL,AAPL,-0.0000029609,-2.59374840
2026-06-30T16:00:00.010000Z,BTC,BTC,0.0000121714,10.66214640
2026-06-30T16:00:00.010000Z,xyz:COIN,COIN,0.00000625,5.47500000
2026-06-30T16:00:00.010000Z,xyz:GOLD,GOLD,0.0000229055,20.06521800
2026-06-30T16:00:00.010000Z,xyz:HOOD,HOOD,0.0000084575,7.40877000
2026-06-30T16:00:00.010000Z,xyz:MU,MU,0.0000178698,15.65394480
2026-06-30T17:00:00.028000Z,xyz:AAPL,AAPL,-0.0000027724,-2.42862240
2026-06-30T17:00:00.028000Z,BTC,BTC,0.0000113399,9.93375240
2026-06-30T17:00:00.028000Z,xyz:COIN,COIN,0.00000625,5.47500000
2026-06-30T17:00:00.028000Z,xyz:GOLD,GOLD,0.0000154652,13.54751520
2026-06-30T17:00:00.028000Z,xyz:HOOD,HOOD,0.00000625,5.47500000
2026-06-30T17:00:00.028000Z,xyz:MU,MU,0.0000244183,21.39043080
2026-06-30T18:00:00.014000Z,xyz:AAPL,AAPL,-0.0000039063,-3.42191880
2026-06-30T18:00:00.014000Z,BTC,BTC,0.0000125,10.95000000
2026-06-30T18:00:00.014000Z,xyz:COIN,COIN,0.00000625,5.47500000
2026-06-30T18:00:00.014000Z,xyz:GOLD,GOLD,0.0000101167,8.86222920
2026-06-30T18:00:00.014000Z,xyz:HOOD,HOOD,0.00000625,5.47500000
2026-06-30T18:00:00.014000Z,xyz:MU,MU,0.0000208024,18.22290240
2026-06-30T19:00:00.063000Z,xyz:AAPL,AAPL,-0.000005321,-4.66119600
2026-06-30T19:00:00.063000Z,BTC,BTC,0.0000125,10.95000000
2026-06-30T19:00:00.063000Z,xyz:COIN,COIN,0.00000625,5.47500000
2026-06-30T19:00:00.063000Z,xyz:GOLD,GOLD,0.00000625,5.47500000
2026-06-30T19:00:00.063000Z,xyz:HOOD,HOOD,0.00000625,5.47500000
2026-06-30T19:00:00.063000Z,xyz:MU,MU,0.0000244054,21.37913040
2026-06-30T20:00:00.065000Z,xyz:AAPL,AAPL,-0.0000124985,-10.94868600
2026-06-30T20:00:00.065000Z,BTC,BTC,0.0000115754,10.14005040
2026-06-30T20:00:00.065000Z,xyz:COIN,COIN,0.00000625,5.47500000
2026-06-30T20:00:00.065000Z,xyz:GOLD,GOLD,0.0000161688,14.16386880
2026-06-30T20:00:00.065000Z,xyz:HOOD,HOOD,0.00000625,5.47500000
2026-06-30T20:00:00.065000Z,xyz:MU,MU,0.0000177512,15.55005120
2026-06-30T21:00:00.051000Z,xyz:AAPL,AAPL,0.0000043136,3.77871360
2026-06-30T21:00:00.051000Z,BTC,BTC,0.0000014058,1.23148080
2026-06-30T21:00:00.051000Z,xyz:COIN,COIN,0.00000625,5.47500000
2026-06-30T21:00:00.051000Z,xyz:GOLD,GOLD,0.0000111341,9.75347160
2026-06-30T21:00:00.051000Z,xyz:HOOD,HOOD,0.00000625,5.47500000
2026-06-30T21:00:00.051000Z,xyz:MU,MU,0.0000139704,12.23807040
2026-06-30T22:00:00.045000Z,xyz:AAPL,AAPL,0.00000625,5.47500000
2026-06-30T22:00:00.045000Z,BTC,BTC,0.0000017818,1.56085680
2026-06-30T22:00:00.045000Z,xyz:COIN,COIN,0.00000625,5.47500000
2026-06-30T22:00:00.045000Z,xyz:GOLD,GOLD,0.000020754,18.18050400
2026-06-30T22:00:00.045000Z,xyz:HOOD,HOOD,0.0000192768,16.88647680
2026-06-30T22:00:00.045000Z,xyz:MU,MU,0.0000142242,12.46039920
2026-06-30T23:00:00.048000Z,xyz:AAPL,AAPL,0.00000625,5.47500000
2026-06-30T23:00:00.048000Z,BTC,BTC,0.0000068525,6.00279000
2026-06-30T23:00:00.048000Z,xyz:COIN,COIN,0.00000625,5.47500000
2026-06-30T23:00:00.048000Z,xyz:GOLD,GOLD,0.00000625,5.47500000
2026-06-30T23:00:00.048000Z,xyz:HOOD,HOOD,0.00000625,5.47500000
2026-06-30T23:00:00.048000Z,xyz:MU,MU,0.000031549,27.63692400
2026-07-01T00:00:00.063000Z,xyz:AAPL,AAPL,0.00000625,5.47500000
2026-07-01T00:00:00.063000Z,BTC,BTC,0.0000060184,5.27211840
2026-07-01T00:00:00.063000Z,xyz:COIN,COIN,0.00000625,5.47500000
2026-07-01T00:00:00.063000Z,xyz:GOLD,GOLD,0.00000625,5.47500000
2026-07-01T00:00:00.063000Z,xyz:HOOD,HOOD,0.00000625,5.47500000
2026-07-01T00:00:00.063000Z,xyz:MU,MU,0.0000113627,9.95372520
2026-07-01T01:00:00.046000Z,xyz:AAPL,AAPL,0.00000625,5.47500000
2026-07-01T01:00:00.046000Z,BTC,BTC,0.0000013738,1.20344880
2026-07-01T01:00:00.046000Z,xyz:COIN,COIN,0.0000028701,2.51420760
2026-07-01T01:00:00.046000Z,xyz:GOLD,GOLD,0.00000625,5.47500000
2026-07-01T01:00:00.046000Z,xyz:HOOD,HOOD,0.00000625,5.47500000
2026-07-01T01:00:00.046000Z,xyz:MU,MU,0.00000625,5.47500000
2026-07-01T02:00:00.018000Z,xyz:AAPL,AAPL,0.00000625,5.47500000
2026-07-01T02:00:00.018000Z,BTC,BTC,-0.0000051677,-4.52690520
2026-07-01T02:00:00.018000Z,xyz:COIN,COIN,0.00000625,5.47500000
2026-07-01T02:00:00.018000Z,xyz:GOLD,GOLD,0.000009515,8.33514000
2026-07-01T02:00:00.018000Z,xyz:HOOD,HOOD,0.00000625,5.47500000
2026-07-01T02:00:00.018000Z,xyz:MU,MU,0.00000625,5.47500000
2026-07-01T03:00:00.011000Z,xyz:AAPL,AAPL,0.00000625,5.47500000
2026-07-01T03:00:00.011000Z,BTC,BTC,0.000002722,2.38447200
2026-07-01T03:00:00.011000Z,xyz:COIN,COIN,0.000003835,3.35946000
2026-07-01T03:00:00.011000Z,xyz:GOLD,GOLD,0.0000168641,14.77295160
2026-07-01T03:00:00.011000Z,xyz:HOOD,HOOD,0.00000625,5.47500000
2026-07-01T03:00:00.011000Z,xyz:MU,MU,0.00000625,5.47500000
2026-07-01T04:00:00.001000Z,xyz:AAPL,AAPL,-0.0000081929,-7.17698040
2026-07-01T04:00:00.001000Z,BTC,BTC,0.0000039802,3.48665520
2026-07-01T04:00:00.001000Z,xyz:COIN,COIN,0.00000625,5.47500000
2026-07-01T04:00:00.001000Z,xyz:GOLD,GOLD,0.0000228303,19.99934280
2026-07-01T04:00:00.001000Z,xyz:HOOD,HOOD,0.00000625,5.47500000
2026-07-01T04:00:00.001000Z,xyz:MU,MU,-0.0000022705,-1.98895800
2026-07-01T05:00:00Z,xyz:AAPL,AAPL,0.00000625,5.47500000
2026-07-01T05:00:00Z,BTC,BTC,0.0000117586,10.30053360
2026-07-01T05:00:00Z,xyz:COIN,COIN,0.00000625,5.47500000
2026-07-01T05:00:00Z,xyz:GOLD,GOLD,0.0000208579,18.27152040
2026-07-01T05:00:00Z,xyz:HOOD,HOOD,0.00000625,5.47500000
2026-07-01T05:00:00Z,xyz:MU,MU,0.0000059088,5.17610880
2026-07-01T06:00:00.001000Z,xyz:AAPL,AAPL,0.00000625,5.47500000
2026-07-01T06:00:00.001000Z,BTC,BTC,-0.0000005252,-0.46007520
2026-07-01T06:00:00.001000Z,xyz:COIN,COIN,0.00000625,5.47500000
2026-07-01T06:00:00.001000Z,xyz:GOLD,GOLD,0.0000247009,21.63798840
2026-07-01T06:00:00.001000Z,xyz:HOOD,HOOD,0.00000625,5.47500000
2026-07-01T06:00:00.001000Z,xyz:MU,MU,0.000001683,1.47430800
2026-07-01T07:00:00.022000Z,xyz:AAPL,AAPL,0.00000625,5.47500000
2026-07-01T07:00:00.022000Z,BTC,BTC,0.0000016575,1.45197000
2026-07-01T07:00:00.022000Z,xyz:COIN,COIN,0.00000625,5.47500000
2026-07-01T07:00:00.022000Z,xyz:GOLD,GOLD,0.0000121843,10.67344680
2026-07-01T07:00:00.022000Z,xyz:HOOD,HOOD,0.00000625,5.47500000
2026-07-01T07:00:00.022000Z,xyz:MU,MU,-0.0000359765,-31.51541400
2026-07-01T08:00:00.065000Z,xyz:AAPL,AAPL,0.0000002879,0.25220040
2026-07-01T08:00:00.065000Z,BTC,BTC,0.0000064315,5.63399400
2026-07-01T08:00:00.065000Z,xyz:COIN,COIN,0.00000625,5.47500000
2026-07-01T08:00:00.065000Z,xyz:GOLD,GOLD,0.000010356,9.07185600
2026-07-01T08:00:00.065000Z,xyz:HOOD,HOOD,0.00000625,5.47500000
2026-07-01T08:00:00.065000Z,xyz:MU,MU,-0.0000137456,-12.04114560
2026-07-01T09:00:00.040000Z,xyz:AAPL,AAPL,-0.0000160597,-14.06829720
2026-07-01T09:00:00.040000Z,BTC,BTC,0.0000120266,10.53530160
2026-07-01T09:00:00.040000Z,xyz:COIN,COIN,0.00000625,5.47500000
2026-07-01T09:00:00.040000Z,xyz:GOLD,GOLD,0.0000186655,16.35097800
2026-07-01T09:00:00.040000Z,xyz:HOOD,HOOD,0.0000279203,24.45818280
2026-07-01T09:00:00.040000Z,xyz:MU,MU,0.00000625,5.47500000
2026-07-01T10:00:00.048000Z,xyz:AAPL,AAPL,0.00000625,5.47500000
2026-07-01T10:00:00.048000Z,BTC,BTC,0.0000125,10.95000000
2026-07-01T10:00:00.048000Z,xyz:COIN,COIN,0.00000625,5.47500000
2026-07-01T10:00:00.048000Z,xyz:GOLD,GOLD,0.0000173298,15.18090480
2026-07-01T10:00:00.048000Z,xyz:HOOD,HOOD,0.0000371856,32.57458560
2026-07-01T10:00:00.048000Z,xyz:MU,MU,0.00000625,5.47500000
2026-07-01T11:00:00.001000Z,xyz:AAPL,AAPL,0.00000625,5.47500000
2026-07-01T11:00:00.001000Z,BTC,BTC,0.0000048544,4.25245440
2026-07-01T11:00:00.001000Z,xyz:COIN,COIN,0.00000625,5.47500000
2026-07-01T11:00:00.001000Z,xyz:GOLD,GOLD,0.000018119,15.87224400
2026-07-01T11:00:00.001000Z,xyz:HOOD,HOOD,0.0000423832,37.12768320
2026-07-01T11:00:00.001000Z,xyz:MU,MU,0.00000625,5.47500000
2026-07-01T12:00:00.044000Z,xyz:AAPL,AAPL,-0.0000079197,-6.93765720
2026-07-01T12:00:00.044000Z,BTC,BTC,0.0000110907,9.71545320
2026-07-01T12:00:00.044000Z,xyz:COIN,COIN,0.00000625,5.47500000
2026-07-01T12:00:00.044000Z,xyz:GOLD,GOLD,0.0000167411,14.66520360
2026-07-01T12:00:00.044000Z,xyz:HOOD,HOOD,0.0000440539,38.59121640
2026-07-01T12:00:00.044000Z,xyz:MU,MU,0.00000625,5.47500000
2026-07-01T13:00:00.001000Z,xyz:AAPL,AAPL,-0.0000018946,-1.65966960
2026-07-01T13:00:00.001000Z,BTC,BTC,0.0000048489,4.24763640
2026-07-01T13:00:00.001000Z,xyz:COIN,COIN,0.00000625,5.47500000
2026-07-01T13:00:00.001000Z,xyz:GOLD,GOLD,0.0000117671,10.30797960
2026-07-01T13:00:00.001000Z,xyz:HOOD,HOOD,0.0000337865,29.59697400
2026-07-01T13:00:00.001000Z,xyz:MU,MU,0.00000625,5.47500000
2026-07-01T14:00:00.006000Z,xyz:AAPL,AAPL,0.0000017143,1.50172680
2026-07-01T14:00:00.006000Z,BTC,BTC,0.0000099104,8.68151040
2026-07-01T14:00:00.006000Z,xyz:COIN,COIN,0.00000625,5.47500000
2026-07-01T14:00:00.006000Z,xyz:GOLD,GOLD,0.0000073179,6.41048040
2026-07-01T14:00:00.006000Z,xyz:HOOD,HOOD,0.0000204552,17.91875520
2026-07-01T14:00:00.006000Z,xyz:MU,MU,0.00000625,5.47500000
2026-07-01T15:00:00.012000Z,xyz:AAPL,AAPL,-0.0000131165,-11.49005400
2026-07-01T15:00:00.012000Z,BTC,BTC,0.0000013904,1.21799040
2026-07-01T15:00:00.012000Z,xyz:COIN,COIN,0.00000625,5.47500000
2026-07-01T15:00:00.012000Z,xyz:GOLD,GOLD,0.0000100095,8.76832200
2026-07-01T15:00:00.012000Z,xyz:HOOD,HOOD,0.0000265752,23.27987520
2026-07-01T15:00:00.012000Z,xyz:MU,MU,0.00000625,5.47500000
2026-07-01T16:00:00.045000Z,xyz:AAPL,AAPL,0.0000007304,0.63983040
2026-07-01T16:00:00.045000Z,BTC,BTC,0.0000125,10.95000000
2026-07-01T16:00:00.045000Z,xyz:COIN,COIN,0.0000080944,7.09069440
2026-07-01T16:00:00.045000Z,xyz:GOLD,GOLD,0.00000625,5.47500000
2026-07-01T16:00:00.045000Z,xyz:HOOD,HOOD,0.0000356772,31.25322720
2026-07-01T16:00:00.045000Z,xyz:MU,MU,0.000047812,41.88331200
2026-07-01T17:00:00.022000Z,xyz:AAPL,AAPL,0.00000625,5.47500000
2026-07-01T17:00:00.022000Z,BTC,BTC,0.0000125,10.95000000
2026-07-01T17:00:00.022000Z,xyz:COIN,COIN,0.00000625,5.47500000
2026-07-01T17:00:00.022000Z,xyz:GOLD,GOLD,0.000006737,5.90161200
2026-07-01T17:00:00.022000Z,xyz:HOOD,HOOD,0.0000229229,20.08046040
2026-07-01T17:00:00.022000Z,xyz:MU,MU,0.0000858713,75.22325880
2026-07-01T18:00:00.061000Z,xyz:AAPL,AAPL,-0.0000009366,-0.82046160
2026-07-01T18:00:00.061000Z,BTC,BTC,0.0000125,10.95000000
2026-07-01T18:00:00.061000Z,xyz:COIN,COIN,0.00000625,5.47500000
2026-07-01T18:00:00.061000Z,xyz:GOLD,GOLD,0.00000625,5.47500000
2026-07-01T18:00:00.061000Z,xyz:HOOD,HOOD,0.0000257779,22.58144040
2026-07-01T18:00:00.061000Z,xyz:MU,MU,0.0000787775,69.00909000
2026-07-01T19:00:00.036000Z,xyz:AAPL,AAPL,-0.0000070692,-6.19261920
2026-07-01T19:00:00.036000Z,BTC,BTC,0.0000125,10.95000000
2026-07-01T19:00:00.036000Z,xyz:COIN,COIN,0.00000625,5.47500000
2026-07-01T19:00:00.036000Z,xyz:GOLD,GOLD,0.0000161601,14.15624760
2026-07-01T19:00:00.036000Z,xyz:HOOD,HOOD,0.00000625,5.47500000
2026-07-01T19:00:00.036000Z,xyz:MU,MU,0.00000625,5.47500000
2026-07-01T20:00:00.005000Z,xyz:AAPL,AAPL,-0.0000070188,-6.14846880
2026-07-01T20:00:00.005000Z,BTC,BTC,0.0000125,10.95000000
2026-07-01T20:00:00.005000Z,xyz:COIN,COIN,0.00000625,5.47500000
2026-07-01T20:00:00.005000Z,xyz:GOLD,GOLD,0.0000161106,14.11288560
2026-07-01T20:00:00.005000Z,xyz:HOOD,HOOD,0.0000202636,17.75091360
2026-07-01T20:00:00.005000Z,xyz:MU,MU,0.0000149905,13.13167800
2026-07-01T21:00:00.007000Z,xyz:AAPL,AAPL,-0.0000097493,-8.54038680
2026-07-01T21:00:00.007000Z,BTC,BTC,0.0000125,10.95000000
2026-07-01T21:00:00.007000Z,xyz:COIN,COIN,0.0000156588,13.71710880
2026-07-01T21:00:00.007000Z,xyz:GOLD,GOLD,0.0000307256,26.91562560
2026-07-01T21:00:00.007000Z,xyz:HOOD,HOOD,0.00000625,5.47500000
2026-07-01T21:00:00.007000Z,xyz:MU,MU,0.0000497013,43.53833880
2026-07-01T22:00:00.086000Z,xyz:AAPL,AAPL,0.000005359,4.69448400
2026-07-01T22:00:00.086000Z,BTC,BTC,0.0000125,10.95000000
2026-07-01T22:00:00.086000Z,xyz:COIN,COIN,0.00000625,5.47500000
2026-07-01T22:00:00.086000Z,xyz:GOLD,GOLD,0.0000340193,29.80090680
2026-07-01T22:00:00.086000Z,xyz:HOOD,HOOD,0.0000214107,18.75577320
2026-07-01T22:00:00.086000Z,xyz:MU,MU,0.0000426303,37.34414280
2026-07-01T23:00:00.056000Z,xyz:AAPL,AAPL,-0.0000255256,-22.36042560
2026-07-01T23:00:00.056000Z,BTC,BTC,0.0000125,10.95000000
2026-07-01T23:00:00.056000Z,xyz:COIN,COIN,0.0000124671,10.92117960
2026-07-01T23:00:00.056000Z,xyz:GOLD,GOLD,0.0000294435,25.79250600
2026-07-01T23:00:00.056000Z,xyz:HOOD,HOOD,0.0000084455,7.39825800
2026-07-01T23:00:00.056000Z,xyz:MU,MU,0.0000513236,44.95947360
2026-07-02T00:00:00.074000Z,xyz:AAPL,AAPL,0.00000625,5.47500000
2026-07-02T00:00:00.074000Z,BTC,BTC,0.0000125,10.95000000
2026-07-02T00:00:00.074000Z,xyz:COIN,COIN,0.00000625,5.47500000
2026-07-02T00:00:00.074000Z,xyz:GOLD,GOLD,0.0000184678,16.17779280
2026-07-02T00:00:00.074000Z,xyz:HOOD,HOOD,0.00000625,5.47500000
2026-07-02T00:00:00.074000Z,xyz:MU,MU,0.0000204028,17.87285280
2026-07-02T01:00:00.014000Z,xyz:AAPL,AAPL,0.0000109194,9.56539440
2026-07-02T01:00:00.014000Z,BTC,BTC,0.0000125,10.95000000
2026-07-02T01:00:00.014000Z,xyz:COIN,COIN,0.0000319351,27.97514760
2026-07-02T01:00:00.014000Z,xyz:GOLD,GOLD,0.0000236496,20.71704960
2026-07-02T01:00:00.014000Z,xyz:HOOD,HOOD,0.00000625,5.47500000
2026-07-02T01:00:00.014000Z,xyz:MU,MU,0.0000419477,36.74618520
2026-07-02T02:00:00.020000Z,xyz:AAPL,AAPL,0.00000625,5.47500000
2026-07-02T02:00:00.020000Z,BTC,BTC,0.0000125,10.95000000
2026-07-02T02:00:00.020000Z,xyz:COIN,COIN,0.0000111513,9.76853880
2026-07-02T02:00:00.020000Z,xyz:GOLD,GOLD,0.0000211726,18.54719760
2026-07-02T02:00:00.020000Z,xyz:HOOD,HOOD,0.00000625,5.47500000
2026-07-02T02:00:00.020000Z,xyz:MU,MU,0.0000386495,33.85696200
2026-07-02T03:00:00.070000Z,xyz:AAPL,AAPL,0.00000625,5.47500000
2026-07-02T03:00:00.070000Z,BTC,BTC,0.0000125,10.95000000
2026-07-02T03:00:00.070000Z,xyz:COIN,COIN,0.0000189039,16.55981640
2026-07-02T03:00:00.070000Z,xyz:GOLD,GOLD,0.0000218035,19.09986600
2026-07-02T03:00:00.070000Z,xyz:HOOD,HOOD,0.00000625,5.47500000
2026-07-02T03:00:00.070000Z,xyz:MU,MU,0.0000380969,33.37288440
2026-07-02T04:00:00.033000Z,xyz:AAPL,AAPL,0.00000625,5.47500000
2026-07-02T04:00:00.033000Z,BTC,BTC,0.0000125,10.95000000
2026-07-02T04:00:00.033000Z,xyz:COIN,COIN,0.0000114478,10.02827280
2026-07-02T04:00:00.033000Z,xyz:GOLD,GOLD,0.0000179271,15.70413960
2026-07-02T04:00:00.033000Z,xyz:HOOD,HOOD,0.00000625,5.47500000
2026-07-02T04:00:00.033000Z,xyz:MU,MU,0.000056564,49.55006400
2026-07-02T05:00:00.047000Z,xyz:AAPL,AAPL,0.00000625,5.47500000
2026-07-02T05:00:00.047000Z,BTC,BTC,0.0000125,10.95000000
2026-07-02T05:00:00.047000Z,xyz:COIN,COIN,0.00000625,5.47500000
2026-07-02T05:00:00.047000Z,xyz:GOLD,GOLD,0.000012499,10.94912400
2026-07-02T05:00:00.047000Z,xyz:HOOD,HOOD,0.00000625,5.47500000
2026-07-02T05:00:00.047000Z,xyz:MU,MU,0.000050735,44.44386000
2026-07-02T06:00:00.007000Z,xyz:AAPL,AAPL,0.0000007787,0.68214120
2026-07-02T06:00:00.007000Z,BTC,BTC,0.0000125,10.95000000
2026-07-02T06:00:00.007000Z,xyz:COIN,COIN,0.00000625,5.47500000
2026-07-02T06:00:00.007000Z,xyz:GOLD,GOLD,0.0000131467,11.51650920
2026-07-02T06:00:00.007000Z,xyz:HOOD,HOOD,0.0000194655,17.05177800
2026-07-02T06:00:00.007000Z,xyz:MU,MU,0.0000604071,52.91661960
2026-07-02T07:00:00.011000Z,xyz:AAPL,AAPL,-0.0000085978,-7.53167280
2026-07-02T07:00:00.011000Z,BTC,BTC,0.0000125,10.95000000
2026-07-02T07:00:00.011000Z,xyz:COIN,COIN,0.00000625,5.47500000
2026-07-02T07:00:00.011000Z,xyz:GOLD,GOLD,0.0000121988,10.68614880
2026-07-02T07:00:00.011000Z,xyz:HOOD,HOOD,0.0000106713,9.34805880
2026-07-02T07:00:00.011000Z,xyz:MU,MU,0.0000367905,32.22847800
2026-07-02T08:00:00.014000Z,xyz:AAPL,AAPL,-0.0000012112,-1.06101120
2026-07-02T08:00:00.014000Z,BTC,BTC,0.0000125,10.95000000
2026-07-02T08:00:00.014000Z,xyz:COIN,COIN,0.00000625,5.47500000
2026-07-02T08:00:00.014000Z,xyz:GOLD,GOLD,0.0000123539,10.82201640
2026-07-02T08:00:00.014000Z,xyz:HOOD,HOOD,0.00000625,5.47500000
2026-07-02T08:00:00.014000Z,xyz:MU,MU,0.0000216902,19.00061520
2026-07-02T09:00:00.010000Z,xyz:AAPL,AAPL,-0.0000021501,-1.88348760
2026-07-02T09:00:00.010000Z,BTC,BTC,0.0000125,10.95000000
2026-07-02T09:00:00.010000Z,xyz:COIN,COIN,0.00000625,5.47500000
2026-07-02T09:00:00.010000Z,xyz:GOLD,GOLD,0.0000150796,13.20972960
2026-07-02T09:00:00.010000Z,xyz:HOOD,HOOD,0.0000065793,5.76346680
2026-07-02T09:00:00.010000Z,xyz:MU,MU,0.000032404,28.38590400
2026-07-02T10:00:00.006000Z,xyz:AAPL,AAPL,-0.0000078658,-6.89044080
2026-07-02T10:00:00.006000Z,BTC,BTC,0.0000125,10.95000000
2026-07-02T10:00:00.006000Z,xyz:COIN,COIN,0.00000625,5.47500000
2026-07-02T10:00:00.006000Z,xyz:GOLD,GOLD,0.0000198841,17.41847160
2026-07-02T10:00:00.006000Z,xyz:HOOD,HOOD,0.0000360278,31.56035280
2026-07-02T10:00:00.006000Z,xyz:MU,MU,0.0000401041,35.13119160
2026-07-02T11:00:00.037000Z,xyz:AAPL,AAPL,-0.0000016,-1.40160000
2026-07-02T11:00:00.037000Z,BTC,BTC,0.0000125,10.95000000
2026-07-02T11:00:00.037000Z,xyz:COIN,COIN,0.00000625,5.47500000
2026-07-02T11:00:00.037000Z,xyz:GOLD,GOLD,0.000025117,22.00249200
2026-07-02T11:00:00.037000Z,xyz:HOOD,HOOD,0.0000448468,39.28579680
2026-07-02T11:00:00.037000Z,xyz:MU,MU,0.0000230643,20.20432680
2026-07-02T12:00:00.030000Z,xyz:AAPL,AAPL,-0.0000263512,-23.08365120
2026-07-02T12:00:00.030000Z,BTC,BTC,0.0000125,10.95000000
2026-07-02T12:00:00.030000Z,xyz:COIN,COIN,0.0000207629,18.18830040
2026-07-02T12:00:00.030000Z,xyz:GOLD,GOLD,0.0000218067,19.10266920
2026-07-02T12:00:00.030000Z,xyz:HOOD,HOOD,0.0000381267,33.39898920
2026-07-02T12:00:00.030000Z,xyz:MU,MU,0.000029119,25.50824400
2026-07-02T13:00:00.027000Z,xyz:AAPL,AAPL,-0.0000141393,-12.38602680
2026-07-02T13:00:00.027000Z,BTC,BTC,0.0000125,10.95000000
2026-07-02T13:00:00.027000Z,xyz:COIN,COIN,0.0000068644,6.01321440
2026-07-02T13:00:00.027000Z,xyz:GOLD,GOLD,0.0000135414,11.86226640
2026-07-02T13:00:00.027000Z,xyz:HOOD,HOOD,0.0000210643,18.45232680
2026-07-02T13:00:00.027000Z,xyz:MU,MU,0.0000124985,10.94868600
2026-07-02T14:00:00.025000Z,xyz:AAPL,AAPL,-0.0000023542,-2.06227920
2026-07-02T14:00:00.025000Z,BTC,BTC,0.0000125,10.95000000
2026-07-02T14:00:00.025000Z,xyz:COIN,COIN,0.00000625,5.47500000
2026-07-02T14:00:00.025000Z,xyz:GOLD,GOLD,0.00000625,5.47500000
2026-07-02T14:00:00.025000Z,xyz:HOOD,HOOD,0.0000217666,19.06754160
2026-07-02T14:00:00.025000Z,xyz:MU,MU,0.0000278131,24.36427560
2026-07-02T15:00:00.055000Z,xyz:AAPL,AAPL,-0.0000120369,-10.54432440
2026-07-02T15:00:00.055000Z,BTC,BTC,0.0000125,10.95000000
2026-07-02T15:00:00.055000Z,xyz:COIN,COIN,0.00000625,5.47500000
2026-07-02T15:00:00.055000Z,xyz:GOLD,GOLD,0.00000625,5.47500000
2026-07-02T15:00:00.055000Z,xyz:HOOD,HOOD,0.0000491325,43.04007000
2026-07-02T15:00:00.055000Z,xyz:MU,MU,0.0000255804,22.40843040
2026-07-02T16:00:00.068000Z,xyz:AAPL,AAPL,-0.000031576,-27.66057600
2026-07-02T16:00:00.068000Z,BTC,BTC,0.0000125,10.95000000
2026-07-02T16:00:00.068000Z,xyz:COIN,COIN,0.00000625,5.47500000
2026-07-02T16:00:00.068000Z,xyz:GOLD,GOLD,0.000016944,14.84294400
2026-07-02T16:00:00.068000Z,xyz:HOOD,HOOD,0.0000355487,31.14066120
2026-07-02T16:00:00.068000Z,xyz:MU,MU,0.0000252066,22.08098160
2026-07-02T17:00:00.026000Z,xyz:AAPL,AAPL,-0.0000367877,-32.22602520
2026-07-02T17:00:00.026000Z,BTC,BTC,0.0000125,10.95000000
2026-07-02T17:00:00.026000Z,xyz:COIN,COIN,0.0000096615,8.46347400
2026-07-02T17:00:00.026000Z,xyz:GOLD,GOLD,0.0000125369,10.98232440
2026-07-02T17:00:00.026000Z,xyz:HOOD,HOOD,0.0000270612,23.70561120
2026-07-02T17:00:00.026000Z,xyz:MU,MU,0.000047354,41.48210400
2026-07-02T18:00:00.007000Z,xyz:AAPL,AAPL,-0.000023569,-20.64644400
2026-07-02T18:00:00.007000Z,BTC,BTC,0.0000125,10.95000000
2026-07-02T18:00:00.007000Z,xyz:COIN,COIN,0.0000089001,7.79648760
2026-07-02T18:00:00.007000Z,xyz:GOLD,GOLD,0.000011531,10.10115600
2026-07-02T18:00:00.007000Z,xyz:HOOD,HOOD,0.000032184,28.19318400
2026-07-02T18:00:00.007000Z,xyz:MU,MU,0.0000804552,70.47875520
2026-07-02T19:00:00.044000Z,xyz:AAPL,AAPL,-0.000032889,-28.81076400
2026-07-02T19:00:00.044000Z,BTC,BTC,0.0000125,10.95000000
2026-07-02T19:00:00.044000Z,xyz:COIN,COIN,0.0000083389,7.30487640
2026-07-02T19:00:00.044000Z,xyz:GOLD,GOLD,0.0000067939,5.95145640
2026-07-02T19:00:00.044000Z,xyz:HOOD,HOOD,0.0000540399,47.33895240
2026-07-02T19:00:00.044000Z,xyz:MU,MU,0.0001136225,99.53331000
2026-07-02T20:00:00.007000Z,xyz:AAPL,AAPL,-0.0000306261,-26.82846360
2026-07-02T20:00:00.007000Z,BTC,BTC,0.0000125,10.95000000
2026-07-02T20:00:00.007000Z,xyz:COIN,COIN,0.0000071391,6.25385160
2026-07-02T20:00:00.007000Z,xyz:GOLD,GOLD,0.0000188352,16.49963520
2026-07-02T20:00:00.007000Z,xyz:HOOD,HOOD,0.000041907,36.71053200
2026-07-02T20:00:00.007000Z,xyz:MU,MU,0.0001251611,109.64112360
2026-07-02T21:00:00.031000Z,xyz:AAPL,AAPL,0.0000028145,2.46550200
2026-07-02T21:00:00.031000Z,BTC,BTC,0.0000125,10.95000000
2026-07-02T21:00:00.031000Z,xyz:COIN,COIN,0.00000625,5.47500000
2026-07-02T21:00:00.031000Z,xyz:GOLD,GOLD,0.0000158584,13.89195840
2026-07-02T21:00:00.031000Z,xyz:HOOD,HOOD,0.00000625,5.47500000
2026-07-02T21:00:00.031000Z,xyz:MU,MU,0.0000547392,47.95153920
2026-07-02T22:00:00.025000Z,xyz:AAPL,AAPL,0.00000625,5.47500000
2026-07-02T22:00:00.025000Z,BTC,BTC,0.0000125,10.95000000
2026-07-02T22:00:00.025000Z,xyz:COIN,COIN,0.00000625,5.47500000
2026-07-02T22:00:00.025000Z,xyz:GOLD,GOLD,0.0000173411,15.19080360
2026-07-02T22:00:00.025000Z,xyz:HOOD,HOOD,0.000007944,6.95894400
2026-07-02T22:00:00.025000Z,xyz:MU,MU,0.0000487432,42.69904320
2026-07-02T23:00:00.029000Z,xyz:AAPL,AAPL,0.00000625,5.47500000
2026-07-02T23:00:00.029000Z,BTC,BTC,0.0000125,10.95000000
2026-07-02T23:00:00.029000Z,xyz:COIN,COIN,-0.0000025549,-2.23809240
2026-07-02T23:00:00.029000Z,xyz:GOLD,GOLD,0.0000202438,17.73356880
2026-07-02T23:00:00.029000Z,xyz:HOOD,HOOD,0.000019596,17.16609600
2026-07-02T23:00:00.029000Z,xyz:MU,MU,0.0000290582,25.45498320
2026-07-03T00:00:00.018000Z,xyz:AAPL,AAPL,0.00000625,5.47500000
2026-07-03T00:00:00.018000Z,BTC,BTC,0.0000125,10.95000000
2026-07-03T00:00:00.018000Z,xyz:COIN,COIN,-0.0000001175,-0.10293000
2026-07-03T00:00:00.018000Z,xyz:GOLD,GOLD,0.0000189538,16.60352880
2026-07-03T00:00:00.018000Z,xyz:HOOD,HOOD,0.0000339099,29.70507240
2026-07-03T00:00:00.018000Z,xyz:MU,MU,0.0000593748,52.01232480
2026-07-03T01:00:00.017000Z,xyz:AAPL,AAPL,-0.0000957521,-83.87883960
2026-07-03T01:00:00.017000Z,BTC,BTC,0.0000125,10.95000000
2026-07-03T01:00:00.017000Z,xyz:COIN,COIN,-0.0000616601,-54.01424760
2026-07-03T01:00:00.017000Z,xyz:GOLD,GOLD,0.0000235406,20.62156560
2026-07-03T01:00:00.017000Z,xyz:HOOD,HOOD,0.0000036662,3.21159120
2026-07-03T01:00:00.017000Z,xyz:MU,MU,0.00000625,5.47500000
2026-07-03T02:00:00.081000Z,xyz:AAPL,AAPL,-0.0000097805,-8.56771800
2026-07-03T02:00:00.081000Z,BTC,BTC,0.0000125,10.95000000
2026-07-03T02:00:00.081000Z,xyz:COIN,COIN,0.0001292347,113.20959720
2026-07-03T02:00:00.081000Z,xyz:GOLD,GOLD,0.0000107566,9.42278160
2026-07-03T02:00:00.081000Z,xyz:HOOD,HOOD,0.00000625,5.47500000
2026-07-03T02:00:00.081000Z,xyz:MU,MU,0.0004230082,370.55518320
2026-07-03T03:00:00.031000Z,xyz:AAPL,AAPL,0.000055417,48.54529200
2026-07-03T03:00:00.031000Z,BTC,BTC,0.0000125,10.95000000
2026-07-03T03:00:00.031000Z,xyz:COIN,COIN,-0.0000709327,-62.13704520
2026-07-03T03:00:00.031000Z,xyz:GOLD,GOLD,0.0000079618,6.97453680
2026-07-03T03:00:00.031000Z,xyz:HOOD,HOOD,0.00000625,5.47500000
2026-07-03T03:00:00.031000Z,xyz:MU,MU,0.000138167,121.03429200
2026-07-03T04:00:00.034000Z,xyz:AAPL,AAPL,0.0000059693,5.22910680
2026-07-03T04:00:00.034000Z,BTC,BTC,0.0000125,10.95000000
2026-07-03T04:00:00.034000Z,xyz:COIN,COIN,-0.000015,-13.14000000
2026-07-03T04:00:00.034000Z,xyz:GOLD,GOLD,0.0000138579,12.13952040
2026-07-03T04:00:00.034000Z,xyz:HOOD,HOOD,0.0000539229,47.23646040
2026-07-03T04:00:00.034000Z,xyz:MU,MU,-0.0000154991,-13.57721160
2026-07-03T05:00:00.012000Z,xyz:AAPL,AAPL,0.00000625,5.47500000
2026-07-03T05:00:00.012000Z,BTC,BTC,0.0000125,10.95000000
2026-07-03T05:00:00.012000Z,xyz:COIN,COIN,0.00000625,5.47500000
2026-07-03T05:00:00.012000Z,xyz:GOLD,GOLD,0.0000156785,13.73436600
2026-07-03T05:00:00.012000Z,xyz:HOOD,HOOD,0.0000111203,9.74138280
2026-07-03T05:00:00.012000Z,xyz:MU,MU,0.0004282652,375.16031520
2026-07-03T06:00:00.078000Z,xyz:AAPL,AAPL,0.000011389,9.97676400
2026-07-03T06:00:00.078000Z,BTC,BTC,0.0000125,10.95000000
2026-07-03T06:00:00.078000Z,xyz:COIN,COIN,0.0000616426,53.99891760
2026-07-03T06:00:00.078000Z,xyz:GOLD,GOLD,0.0000224152,19.63571520
2026-07-03T06:00:00.078000Z,xyz:HOOD,HOOD,0.00000625,5.47500000
2026-07-03T06:00:00.078000Z,xyz:MU,MU,0.0000610108,53.44546080
2026-07-03T07:00:00.025000Z,xyz:AAPL,AAPL,0.000037623,32.95774800
2026-07-03T07:00:00.025000Z,BTC,BTC,0.0000125,10.95000000
2026-07-03T07:00:00.025000Z,xyz:COIN,COIN,0.0000483798,42.38070480
2026-07-03T07:00:00.025000Z,xyz:GOLD,GOLD,0.0000183389,16.06487640
2026-07-03T07:00:00.025000Z,xyz:HOOD,HOOD,0.00000625,5.47500000
2026-07-03T07:00:00.025000Z,xyz:MU,MU,0.0000571161,50.03370360
2026-07-03T08:00:00.049000Z,xyz:AAPL,AAPL,0.00000625,5.47500000
2026-07-03T08:00:00.049000Z,BTC,BTC,0.0000189181,16.57225560
2026-07-03T08:00:00.049000Z,xyz:COIN,COIN,0.0000049787,4.36134120
2026-07-03T08:00:00.049000Z,xyz:GOLD,GOLD,0.0000226843,19.87144680
2026-07-03T08:00:00.049000Z,xyz:HOOD,HOOD,-0.0000874705,-76.62415800
2026-07-03T08:00:00.049000Z,xyz:MU,MU,-0.0000284616,-24.93236160
2026-07-03T09:00:00.022000Z,xyz:AAPL,AAPL,0.00000625,5.47500000
2026-07-03T09:00:00.022000Z,BTC,BTC,0.0000125,10.95000000
2026-07-03T09:00:00.022000Z,xyz:COIN,COIN,-0.0000519099,-45.47307240
2026-07-03T09:00:00.022000Z,xyz:GOLD,GOLD,0.0000260701,22.83740760
2026-07-03T09:00:00.022000Z,xyz:HOOD,HOOD,-0.0000424884,-37.21983840
2026-07-03T09:00:00.022000Z,xyz:MU,MU,0.0000437608,38.33446080
2026-07-03T10:00:00.017000Z,xyz:AAPL,AAPL,-0.0000385842,-33.79975920
2026-07-03T10:00:00.017000Z,BTC,BTC,0.0000125,10.95000000
2026-07-03T10:00:00.017000Z,xyz:COIN,COIN,-0.0000116487,-10.20426120
2026-07-03T10:00:00.017000Z,xyz:GOLD,GOLD,0.0000242058,21.20428080
2026-07-03T10:00:00.017000Z,xyz:HOOD,HOOD,-0.0000191564,-16.78100640
2026-07-03T10:00:00.017000Z,xyz:MU,MU,0.00000625,5.47500000
2026-07-03T11:00:00.042000Z,xyz:AAPL,AAPL,0.00000625,5.47500000
2026-07-03T11:00:00.042000Z,BTC,BTC,0.0000125,10.95000000
2026-07-03T11:00:00.042000Z,xyz:COIN,COIN,0.0000545562,47.79123120
2026-07-03T11:00:00.042000Z,xyz:GOLD,GOLD,0.0000176039,15.42101640
2026-07-03T11:00:00.042000Z,xyz:HOOD,HOOD,0.0000132028,11.56565280
2026-07-03T11:00:00.042000Z,xyz:MU,MU,0.0002372536,207.83415360
2026-07-03T12:00:00.004000Z,xyz:AAPL,AAPL,-0.0000018002,-1.57697520
2026-07-03T12:00:00.004000Z,BTC,BTC,0.0000125,10.95000000
2026-07-03T12:00:00.004000Z,xyz:COIN,COIN,0.0000585892,51.32413920
2026-07-03T12:00:00.004000Z,xyz:GOLD,GOLD,0.0000182432,15.98104320
2026-07-03T12:00:00.004000Z,xyz:HOOD,HOOD,0.0000485431,42.52375560
2026-07-03T12:00:00.004000Z,xyz:MU,MU,0.0003534487,309.62106120
2026-07-03T13:00:00.007000Z,xyz:AAPL,AAPL,0.00000625,5.47500000
2026-07-03T13:00:00.007000Z,BTC,BTC,0.0000125,10.95000000
2026-07-03T13:00:00.007000Z,xyz:COIN,COIN,0.00000625,5.47500000
2026-07-03T13:00:00.007000Z,xyz:GOLD,GOLD,0.0000268917,23.55712920
2026-07-03T13:00:00.007000Z,xyz:HOOD,HOOD,0.0000073791,6.46409160
2026-07-03T13:00:00.007000Z,xyz:MU,MU,-0.0000464132,-40.65796320
2026-07-03T14:00:00.011000Z,xyz:AAPL,AAPL,0.00000625,5.47500000
2026-07-03T14:00:00.011000Z,BTC,BTC,0.0000125,10.95000000
2026-07-03T14:00:00.011000Z,xyz:COIN,COIN,0.0000355326,31.12655760
2026-07-03T14:00:00.011000Z,xyz:GOLD,GOLD,0.0000197385,17.29092600
2026-07-03T14:00:00.011000Z,xyz:HOOD,HOOD,0.00000625,5.47500000
2026-07-03T14:00:00.011000Z,xyz:MU,MU,-0.0002307203,-202.11098280
2026-07-03T15:00:00.026000Z,xyz:AAPL,AAPL,0.00000625,5.47500000
2026-07-03T15:00:00.026000Z,BTC,BTC,0.0000125,10.95000000
2026-07-03T15:00:00.026000Z,xyz:COIN,COIN,-0.0000135205,-11.84395800
2026-07-03T15:00:00.026000Z,xyz:GOLD,GOLD,0.000025512,22.34851200
2026-07-03T15:00:00.026000Z,xyz:HOOD,HOOD,-0.0000170541,-14.93939160
2026-07-03T15:00:00.026000Z,xyz:MU,MU,0.00000625,5.47500000
2026-07-03T16:00:00.062000Z,xyz:AAPL,AAPL,0.00000625,5.47500000
2026-07-03T16:00:00.062000Z,BTC,BTC,0.0000125,10.95000000
2026-07-03T16:00:00.062000Z,xyz:COIN,COIN,0.0000634882,55.61566320
2026-07-03T16:00:00.062000Z,xyz:GOLD,GOLD,0.0000277771,24.33273960
2026-07-03T16:00:00.062000Z,xyz:HOOD,HOOD,0.0000141117,12.36184920
2026-07-03T16:00:00.062000Z,xyz:MU,MU,0.000090467,79.24909200
2026-07-03T17:00:00.007000Z,xyz:AAPL,AAPL,0.0001049523,91.93821480
2026-07-03T17:00:00.007000Z,BTC,BTC,0.0000125,10.95000000
2026-07-03T17:00:00.007000Z,xyz:COIN,COIN,0.00000625,5.47500000
2026-07-03T17:00:00.007000Z,xyz:GOLD,GOLD,0.0000249206,21.83044560
2026-07-03T17:00:00.007000Z,xyz:HOOD,HOOD,0.00000625,5.47500000
2026-07-03T17:00:00.007000Z,xyz:MU,MU,-0.0000812816,-71.20268160
2026-07-03T18:00:00.046000Z,xyz:AAPL,AAPL,0.0000093833,8.21977080
2026-07-03T18:00:00.046000Z,BTC,BTC,0.0000125,10.95000000
2026-07-03T18:00:00.046000Z,xyz:COIN,COIN,0.0000872619,76.44142440
2026-07-03T18:00:00.046000Z,xyz:GOLD,GOLD,0.00000625,5.47500000
2026-07-03T18:00:00.046000Z,xyz:HOOD,HOOD,0.00000625,5.47500000
2026-07-03T18:00:00.046000Z,xyz:MU,MU,-0.0000649454,-56.89217040
2026-07-03T19:00:00.040000Z,xyz:AAPL,AAPL,0.00000625,5.47500000
2026-07-03T19:00:00.040000Z,BTC,BTC,0.0000125,10.95000000
2026-07-03T19:00:00.040000Z,xyz:COIN,COIN,0.0000695054,60.88673040
2026-07-03T19:00:00.040000Z,xyz:GOLD,GOLD,0.00000625,5.47500000
2026-07-03T19:00:00.040000Z,xyz:HOOD,HOOD,0.0000225231,19.73023560
2026-07-03T19:00:00.040000Z,xyz:MU,MU,-0.0000059808,-5.23918080
2026-07-03T20:00:00.014000Z,xyz:AAPL,AAPL,0.00000625,5.47500000
2026-07-03T20:00:00.014000Z,BTC,BTC,0.0000125,10.95000000
2026-07-03T20:00:00.014000Z,xyz:COIN,COIN,0.00000625,5.47500000
2026-07-03T20:00:00.014000Z,xyz:GOLD,GOLD,0.00000625,5.47500000
2026-07-03T20:00:00.014000Z,xyz:HOOD,HOOD,0.000047827,41.89645200
2026-07-03T20:00:00.014000Z,xyz:MU,MU,0.00000625,5.47500000
2026-07-03T21:00:00.013000Z,xyz:AAPL,AAPL,-0.0000130116,-11.39816160
2026-07-03T21:00:00.013000Z,BTC,BTC,0.0000125,10.95000000
2026-07-03T21:00:00.013000Z,xyz:COIN,COIN,0.0001017669,89.14780440
2026-07-03T21:00:00.013000Z,xyz:GOLD,GOLD,0.00000625,5.47500000
2026-07-03T21:00:00.013000Z,xyz:HOOD,HOOD,0.00000625,5.47500000
2026-07-03T21:00:00.013000Z,xyz:MU,MU,-0.000017151,-15.02427600
2026-07-03T22:00:00.049000Z,xyz:AAPL,AAPL,-0.0000212311,-18.59844360
2026-07-03T22:00:00.049000Z,BTC,BTC,0.0000125,10.95000000
2026-07-03T22:00:00.049000Z,xyz:COIN,COIN,0.0000731013,64.03673880
2026-07-03T22:00:00.049000Z,xyz:GOLD,GOLD,0.00000625,5.47500000
2026-07-03T22:00:00.049000Z,xyz:HOOD,HOOD,0.00000625,5.47500000
2026-07-03T22:00:00.049000Z,xyz:MU,MU,0.0001781728,156.07937280
2026-07-03T23:00:00.014000Z,xyz:AAPL,AAPL,0.00000625,5.47500000
2026-07-03T23:00:00.014000Z,BTC,BTC,0.0000125,10.95000000
2026-07-03T23:00:00.014000Z,xyz:COIN,COIN,-0.0000267379,-23.42240040
2026-07-03T23:00:00.014000Z,xyz:GOLD,GOLD,-0.0000034769,-3.04576440
2026-07-03T23:00:00.014000Z,xyz:HOOD,HOOD,-0.0000634335,-55.56774600
2026-07-03T23:00:00.014000Z,xyz:MU,MU,0.0000817069,71.57524440
2026-07-04T00:00:00.014000Z,xyz:AAPL,AAPL,-0.000006143,-5.38126800
2026-07-04T00:00:00.014000Z,BTC,BTC,0.0000125,10.95000000
2026-07-04T00:00:00.014000Z,xyz:COIN,COIN,0.0000181879,15.93260040
2026-07-04T00:00:00.014000Z,xyz:GOLD,GOLD,0.00000625,5.47500000
2026-07-04T00:00:00.014000Z,xyz:HOOD,HOOD,0.0000160302,14.04245520
2026-07-04T00:00:00.014000Z,xyz:MU,MU,-0.0000270165,-23.66645400
2026-07-04T01:00:00.023000Z,xyz:AAPL,AAPL,-0.0000132721,-11.62635960
2026-07-04T01:00:00.023000Z,BTC,BTC,0.0000125,10.95000000
2026-07-04T01:00:00.023000Z,xyz:COIN,COIN,0.0000440041,38.54759160
2026-07-04T01:00:00.023000Z,xyz:GOLD,GOLD,-0.0000101296,-8.87352960
2026-07-04T01:00:00.023000Z,xyz:HOOD,HOOD,0.0000748511,65.56956360
2026-07-04T01:00:00.023000Z,xyz:MU,MU,-0.0000313266,-27.44210160
2026-07-04T02:00:00.022000Z,xyz:AAPL,AAPL,-0.0000166857,-14.61667320
2026-07-04T02:00:00.022000Z,BTC,BTC,0.0000125,10.95000000
2026-07-04T02:00:00.022000Z,xyz:COIN,COIN,-0.0001934143,-169.43092680
2026-07-04T02:00:00.022000Z,xyz:GOLD,GOLD,0.00000625,5.47500000
2026-07-04T02:00:00.022000Z,xyz:HOOD,HOOD,-0.0000518924,-45.45774240
2026-07-04T02:00:00.022000Z,xyz:MU,MU,0.0001079838,94.59380880
2026-07-04T03:00:00.012000Z,xyz:AAPL,AAPL,0.0000006842,0.59935920
2026-07-04T03:00:00.012000Z,BTC,BTC,0.0000125,10.95000000
2026-07-04T03:00:00.012000Z,xyz:COIN,COIN,0.0000035607,3.11917320
2026-07-04T03:00:00.012000Z,xyz:GOLD,GOLD,0.00000625,5.47500000
2026-07-04T03:00:00.012000Z,xyz:HOOD,HOOD,0.0000381024,33.37770240
2026-07-04T03:00:00.012000Z,xyz:MU,MU,0.00000625,5.47500000
2026-07-04T04:00:00.074000Z,xyz:AAPL,AAPL,0.00000625,5.47500000
2026-07-04T04:00:00.074000Z,BTC,BTC,0.0000125,10.95000000
2026-07-04T04:00:00.074000Z,xyz:COIN,COIN,0.0000350839,30.73349640
2026-07-04T04:00:00.074000Z,xyz:GOLD,GOLD,0.00000625,5.47500000
2026-07-04T04:00:00.074000Z,xyz:HOOD,HOOD,0.0001370845,120.08602200
2026-07-04T04:00:00.074000Z,xyz:MU,MU,-0.0000706599,-61.89807240
2026-07-04T05:00:00.064000Z,xyz:AAPL,AAPL,0.0000430026,37.67027760
2026-07-04T05:00:00.064000Z,BTC,BTC,0.0000125,10.95000000
2026-07-04T05:00:00.064000Z,xyz:COIN,COIN,0.0000357864,31.34888640
2026-07-04T05:00:00.064000Z,xyz:GOLD,GOLD,0.00000625,5.47500000
2026-07-04T05:00:00.064000Z,xyz:HOOD,HOOD,0.0000316869,27.75772440
2026-07-04T05:00:00.064000Z,xyz:MU,MU,-0.0000376008,-32.93830080
2026-07-04T06:00:00.006000Z,xyz:AAPL,AAPL,0.0000164972,14.45154720
2026-07-04T06:00:00.006000Z,BTC,BTC,0.0000125,10.95000000
2026-07-04T06:00:00.006000Z,xyz:COIN,COIN,-0.0000303749,-26.60841240
2026-07-04T06:00:00.006000Z,xyz:GOLD,GOLD,0.0000043154,3.78029040
2026-07-04T06:00:00.006000Z,xyz:HOOD,HOOD,-0.0000490482,-42.96622320
2026-07-04T06:00:00.006000Z,xyz:MU,MU,0.0000324007,28.38301320
2026-07-04T07:00:00.009000Z,xyz:AAPL,AAPL,0.00000625,5.47500000
2026-07-04T07:00:00.009000Z,BTC,BTC,0.0000125,10.95000000
2026-07-04T07:00:00.009000Z,xyz:COIN,COIN,-0.0000066755,-5.84773800
2026-07-04T07:00:00.009000Z,xyz:GOLD,GOLD,0.00000625,5.47500000
2026-07-04T07:00:00.009000Z,xyz:HOOD,HOOD,-0.0000077027,-6.74756520
2026-07-04T07:00:00.009000Z,xyz:MU,MU,0.0000330267,28.93138920
2026-07-04T08:00:00.041000Z,xyz:AAPL,AAPL,0.00000625,5.47500000
2026-07-04T08:00:00.041000Z,BTC,BTC,0.0000125,10.95000000
2026-07-04T08:00:00.041000Z,xyz:COIN,COIN,0.00000625,5.47500000
2026-07-04T08:00:00.041000Z,xyz:GOLD,GOLD,0.00000625,5.47500000
2026-07-04T08:00:00.041000Z,xyz:HOOD,HOOD,-0.0000141897,-12.43017720
2026-07-04T08:00:00.041000Z,xyz:MU,MU,0.00000625,5.47500000
2026-07-04T09:00:00.033000Z,xyz:AAPL,AAPL,0.00000625,5.47500000
2026-07-04T09:00:00.033000Z,BTC,BTC,0.0000125,10.95000000
2026-07-04T09:00:00.033000Z,xyz:COIN,COIN,0.0000808228,70.80077280
2026-07-04T09:00:00.033000Z,xyz:GOLD,GOLD,0.00000625,5.47500000
2026-07-04T09:00:00.033000Z,xyz:HOOD,HOOD,0.00000625,5.47500000
2026-07-04T09:00:00.033000Z,xyz:MU,MU,0.0000015273,1.33791480
2026-07-04T10:00:00.068000Z,xyz:AAPL,AAPL,-0.0000523445,-45.85378200
2026-07-04T10:00:00.068000Z,BTC,BTC,0.0000125,10.95000000
2026-07-04T10:00:00.068000Z,xyz:COIN,COIN,0.0000099141,8.68475160
2026-07-04T10:00:00.068000Z,xyz:GOLD,GOLD,0.00000625,5.47500000
2026-07-04T10:00:00.068000Z,xyz:HOOD,HOOD,-0.000015203,-13.31782800
2026-07-04T10:00:00.068000Z,xyz:MU,MU,0.00000625,5.47500000
2026-07-04T11:00:00.049000Z,xyz:AAPL,AAPL,0.00000625,5.47500000
2026-07-04T11:00:00.049000Z,BTC,BTC,0.0000125,10.95000000
2026-07-04T11:00:00.049000Z,xyz:COIN,COIN,0.0000772786,67.69605360
2026-07-04T11:00:00.049000Z,xyz:GOLD,GOLD,0.00000625,5.47500000
2026-07-04T11:00:00.049000Z,xyz:HOOD,HOOD,0.00000625,5.47500000
2026-07-04T11:00:00.049000Z,xyz:MU,MU,0.0000409833,35.90137080
2026-07-04T12:00:00.014000Z,xyz:AAPL,AAPL,0.00000625,5.47500000
2026-07-04T12:00:00.014000Z,BTC,BTC,0.0000125,10.95000000
2026-07-04T12:00:00.014000Z,xyz:COIN,COIN,0.0000476523,41.74341480
2026-07-04T12:00:00.014000Z,xyz:GOLD,GOLD,0.0000043106,3.77608560
2026-07-04T12:00:00.014000Z,xyz:HOOD,HOOD,0.0000025439,2.22845640
2026-07-04T12:00:00.014000Z,xyz:MU,MU,-0.0000180876,-15.84473760
2026-07-04T13:00:00.049000Z,xyz:AAPL,AAPL,0.00000625,5.47500000
2026-07-04T13:00:00.049000Z,BTC,BTC,0.0000125,10.95000000
2026-07-04T13:00:00.049000Z,xyz:COIN,COIN,0.0000669735,58.66878600
2026-07-04T13:00:00.049000Z,xyz:GOLD,GOLD,0.00000625,5.47500000
2026-07-04T13:00:00.049000Z,xyz:HOOD,HOOD,-0.0000305332,-26.74708320
2026-07-04T13:00:00.049000Z,xyz:MU,MU,0.00000625,5.47500000
2026-07-04T14:00:00.051000Z,xyz:AAPL,AAPL,-0.0000245455,-21.50185800
2026-07-04T14:00:00.051000Z,BTC,BTC,0.0000125,10.95000000
2026-07-04T14:00:00.051000Z,xyz:COIN,COIN,0.0000204574,17.92068240
2026-07-04T14:00:00.051000Z,xyz:GOLD,GOLD,0.00000625,5.47500000
2026-07-04T14:00:00.051000Z,xyz:HOOD,HOOD,0.00000625,5.47500000
2026-07-04T14:00:00.051000Z,xyz:MU,MU,0.00000625,5.47500000
2026-07-04T15:00:00.083000Z,xyz:AAPL,AAPL,-0.0000284791,-24.94769160
2026-07-04T15:00:00.083000Z,BTC,BTC,0.0000125,10.95000000
2026-07-04T15:00:00.083000Z,xyz:COIN,COIN,0.0000591192,51.78841920
2026-07-04T15:00:00.083000Z,xyz:GOLD,GOLD,0.00000625,5.47500000
2026-07-04T15:00:00.083000Z,xyz:HOOD,HOOD,0.00000625,5.47500000
2026-07-04T15:00:00.083000Z,xyz:MU,MU,-0.0000097904,-8.57639040
2026-07-04T16:00:00.074000Z,xyz:AAPL,AAPL,0.0000293639,25.72277640
2026-07-04T16:00:00.074000Z,BTC,BTC,0.0000125,10.95000000
2026-07-04T16:00:00.074000Z,xyz:COIN,COIN,0.0000609551,53.39666760
2026-07-04T16:00:00.074000Z,xyz:GOLD,GOLD,0.00000625,5.47500000
2026-07-04T16:00:00.074000Z,xyz:HOOD,HOOD,0.000080498,70.51624800
2026-07-04T16:00:00.074000Z,xyz:MU,MU,0.00000625,5.47500000
2026-07-04T17:00:00.031000Z,xyz:AAPL,AAPL,0.00000625,5.47500000
2026-07-04T17:00:00.031000Z,BTC,BTC,0.0000125,10.95000000
2026-07-04T17:00:00.031000Z,xyz:COIN,COIN,0.0000149939,13.13465640
2026-07-04T17:00:00.031000Z,xyz:GOLD,GOLD,0.00000625,5.47500000
2026-07-04T17:00:00.031000Z,xyz:HOOD,HOOD,0.0000135735,11.89038600
2026-07-04T17:00:00.031000Z,xyz:MU,MU,-0.0000472538,-41.39432880
2026-07-04T18:00:00.016000Z,xyz:AAPL,AAPL,-0.0000123309,-10.80186840
2026-07-04T18:00:00.016000Z,BTC,BTC,0.0000125,10.95000000
2026-07-04T18:00:00.016000Z,xyz:COIN,COIN,0.0000940516,82.38920160
2026-07-04T18:00:00.016000Z,xyz:GOLD,GOLD,0.00000625,5.47500000
2026-07-04T18:00:00.016000Z,xyz:HOOD,HOOD,0.0000381709,33.43770840
2026-07-04T18:00:00.016000Z,xyz:MU,MU,0.000001558,1.36480800
2026-07-04T19:00:00.033000Z,xyz:AAPL,AAPL,0.00000625,5.47500000
2026-07-04T19:00:00.033000Z,BTC,BTC,0.0000125,10.95000000
2026-07-04T19:00:00.033000Z,xyz:COIN,COIN,0.0000754661,66.10830360
2026-07-04T19:00:00.033000Z,xyz:GOLD,GOLD,-0.0000036208,-3.17182080
2026-07-04T19:00:00.033000Z,xyz:HOOD,HOOD,0.0000161159,14.11752840
2026-07-04T19:00:00.033000Z,xyz:MU,MU,0.0000426594,37.36963440
2026-07-04T20:00:00.036000Z,xyz:AAPL,AAPL,0.00000625,5.47500000
2026-07-04T20:00:00.036000Z,BTC,BTC,0.0000125,10.95000000
2026-07-04T20:00:00.036000Z,xyz:COIN,COIN,0.0000943363,82.63859880
2026-07-04T20:00:00.036000Z,xyz:GOLD,GOLD,-0.0000247965,-21.72173400
2026-07-04T20:00:00.036000Z,xyz:HOOD,HOOD,0.0000537302,47.06765520
2026-07-04T20:00:00.036000Z,xyz:MU,MU,0.0000304334,26.65965840
2026-07-04T21:00:00.023000Z,xyz:AAPL,AAPL,0.00000625,5.47500000
2026-07-04T21:00:00.023000Z,BTC,BTC,0.0000125,10.95000000
2026-07-04T21:00:00.023000Z,xyz:COIN,COIN,0.0000292944,25.66189440
2026-07-04T21:00:00.023000Z,xyz:GOLD,GOLD,0.00000625,5.47500000
2026-07-04T21:00:00.023000Z,xyz:HOOD,HOOD,0.0000141964,12.43604640
2026-07-04T21:00:00.023000Z,xyz:MU,MU,-0.0000027086,-2.37273360
2026-07-04T22:00:00.015000Z,xyz:AAPL,AAPL,-0.0000077691,-6.80573160
2026-07-04T22:00:00.015000Z,BTC,BTC,0.0000125,10.95000000
2026-07-04T22:00:00.015000Z,xyz:COIN,COIN,0.0000367601,32.20184760
2026-07-04T22:00:00.015000Z,xyz:GOLD,GOLD,0.00000625,5.47500000
2026-07-04T22:00:00.015000Z,xyz:HOOD,HOOD,0.00000625,5.47500000
2026-07-04T22:00:00.015000Z,xyz:MU,MU,0.0000464106,40.65568560
2026-07-04T23:00:00.021000Z,xyz:AAPL,AAPL,0.00000625,5.47500000
2026-07-04T23:00:00.021000Z,BTC,BTC,0.0000125,10.95000000
2026-07-04T23:00:00.021000Z,xyz:COIN,COIN,0.00000625,5.47500000
2026-07-04T23:00:00.021000Z,xyz:GOLD,GOLD,0.00000625,5.47500000
2026-07-04T23:00:00.021000Z,xyz:HOOD,HOOD,0.0000264945,23.20918200
2026-07-04T23:00:00.021000Z,xyz:MU,MU,0.0000226679,19.85708040
2026-07-05T00:00:00.077000Z,xyz:AAPL,AAPL,0.00000625,5.47500000
2026-07-05T00:00:00.077000Z,BTC,BTC,0.0000125,10.95000000
2026-07-05T00:00:00.077000Z,xyz:COIN,COIN,-0.0000387472,-33.94254720
2026-07-05T00:00:00.077000Z,xyz:GOLD,GOLD,0.00000625,5.47500000
2026-07-05T00:00:00.077000Z,xyz:HOOD,HOOD,0.0000183485,16.07328600
2026-07-05T00:00:00.077000Z,xyz:MU,MU,0.00000625,5.47500000
2026-07-05T01:00:00.057000Z,xyz:AAPL,AAPL,0.00000625,5.47500000
2026-07-05T01:00:00.057000Z,BTC,BTC,0.0000125,10.95000000
2026-07-05T01:00:00.057000Z,xyz:COIN,COIN,0.0000109579,9.59912040
2026-07-05T01:00:00.057000Z,xyz:GOLD,GOLD,0.00000625,5.47500000
2026-07-05T01:00:00.057000Z,xyz:HOOD,HOOD,0.00000625,5.47500000
2026-07-05T01:00:00.057000Z,xyz:MU,MU,0.0000250293,21.92566680
2026-07-05T02:00:00.021000Z,xyz:AAPL,AAPL,-0.0000002372,-0.20778720
2026-07-05T02:00:00.021000Z,BTC,BTC,0.0000125,10.95000000
2026-07-05T02:00:00.021000Z,xyz:COIN,COIN,0.00000625,5.47500000
2026-07-05T02:00:00.021000Z,xyz:GOLD,GOLD,0.00000625,5.47500000
2026-07-05T02:00:00.021000Z,xyz:HOOD,HOOD,0.0000052403,4.59050280
2026-07-05T02:00:00.021000Z,xyz:MU,MU,0.000042407,37.14853200
2026-07-05T03:00:00.031000Z,xyz:AAPL,AAPL,0.0000026712,2.33997120
2026-07-05T03:00:00.031000Z,BTC,BTC,0.0000125,10.95000000
2026-07-05T03:00:00.031000Z,xyz:COIN,COIN,-0.0000700762,-61.38675120
2026-07-05T03:00:00.031000Z,xyz:GOLD,GOLD,0.00000625,5.47500000
2026-07-05T03:00:00.031000Z,xyz:HOOD,HOOD,-0.0000271577,-23.79014520
2026-07-05T03:00:00.031000Z,xyz:MU,MU,0.0000163064,14.28440640
2026-07-05T04:00:00.046000Z,xyz:AAPL,AAPL,0.00000625,5.47500000
2026-07-05T04:00:00.046000Z,BTC,BTC,0.0000125,10.95000000
2026-07-05T04:00:00.046000Z,xyz:COIN,COIN,-0.0000725788,-63.57902880
2026-07-05T04:00:00.046000Z,xyz:GOLD,GOLD,0.00000625,5.47500000
2026-07-05T04:00:00.046000Z,xyz:HOOD,HOOD,0.00000625,5.47500000
2026-07-05T04:00:00.046000Z,xyz:MU,MU,0.0000255854,22.41281040
2026-07-05T05:00:00.013000Z,xyz:AAPL,AAPL,0.00000625,5.47500000
2026-07-05T05:00:00.013000Z,BTC,BTC,0.0000125,10.95000000
2026-07-05T05:00:00.013000Z,xyz:COIN,COIN,0.0000254818,22.32205680
2026-07-05T05:00:00.013000Z,xyz:GOLD,GOLD,0.00000625,5.47500000
2026-07-05T05:00:00.013000Z,xyz:HOOD,HOOD,0.0000656868,57.54163680
2026-07-05T05:00:00.013000Z,xyz:MU,MU,0.00000625,5.47500000
2026-07-05T06:00:00.042000Z,xyz:AAPL,AAPL,0.0000357934,31.35501840
2026-07-05T06:00:00.042000Z,BTC,BTC,0.0000125,10.95000000
2026-07-05T06:00:00.042000Z,xyz:COIN,COIN,-0.0000087022,-7.62312720
2026-07-05T06:00:00.042000Z,xyz:GOLD,GOLD,0.00000625,5.47500000
2026-07-05T06:00:00.042000Z,xyz:HOOD,HOOD,0.00000625,5.47500000
2026-07-05T06:00:00.042000Z,xyz:MU,MU,-0.0000127991,-11.21201160
2026-07-05T07:00:00.059000Z,xyz:AAPL,AAPL,0.00000625,5.47500000
2026-07-05T07:00:00.059000Z,BTC,BTC,0.0000125,10.95000000
2026-07-05T07:00:00.059000Z,xyz:COIN,COIN,0.0000126124,11.04846240
2026-07-05T07:00:00.059000Z,xyz:GOLD,GOLD,0.00000625,5.47500000
2026-07-05T07:00:00.059000Z,xyz:HOOD,HOOD,0.00000625,5.47500000
2026-07-05T07:00:00.059000Z,xyz:MU,MU,-0.0000120078,-10.51883280
2026-07-05T08:00:00.002000Z,xyz:AAPL,AAPL,0.00000625,5.47500000
2026-07-05T08:00:00.002000Z,BTC,BTC,0.0000125,10.95000000
2026-07-05T08:00:00.002000Z,xyz:COIN,COIN,0.0000710018,62.19757680
2026-07-05T08:00:00.002000Z,xyz:GOLD,GOLD,0.00000625,5.47500000
2026-07-05T08:00:00.002000Z,xyz:HOOD,HOOD,0.0000063822,5.59080720
2026-07-05T08:00:00.002000Z,xyz:MU,MU,-0.0000628724,-55.07622240
2026-07-05T09:00:00.041000Z,xyz:AAPL,AAPL,0.00000625,5.47500000
2026-07-05T09:00:00.041000Z,BTC,BTC,0.0000125,10.95000000
2026-07-05T09:00:00.041000Z,xyz:COIN,COIN,0.0000416896,36.52008960
2026-07-05T09:00:00.041000Z,xyz:GOLD,GOLD,0.00000625,5.47500000
2026-07-05T09:00:00.041000Z,xyz:HOOD,HOOD,0.00000625,5.47500000
2026-07-05T09:00:00.041000Z,xyz:MU,MU,0.00000625,5.47500000
2026-07-05T10:00:00.044000Z,xyz:AAPL,AAPL,-0.0000158308,-13.86778080
2026-07-05T10:00:00.044000Z,BTC,BTC,0.0000125,10.95000000
2026-07-05T10:00:00.044000Z,xyz:COIN,COIN,-0.0000783719,-68.65378440
2026-07-05T10:00:00.044000Z,xyz:GOLD,GOLD,0.00000625,5.47500000
2026-07-05T10:00:00.044000Z,xyz:HOOD,HOOD,0.00000625,5.47500000
2026-07-05T10:00:00.044000Z,xyz:MU,MU,-0.0000498563,-43.67411880
2026-07-05T11:00:00.023000Z,xyz:AAPL,AAPL,-0.0000014221,-1.24575960
2026-07-05T11:00:00.023000Z,BTC,BTC,0.0000125,10.95000000
2026-07-05T11:00:00.023000Z,xyz:COIN,COIN,0.00000625,5.47500000
2026-07-05T11:00:00.023000Z,xyz:GOLD,GOLD,0.00000625,5.47500000
2026-07-05T11:00:00.023000Z,xyz:HOOD,HOOD,0.0000450521,39.46563960
2026-07-05T11:00:00.023000Z,xyz:MU,MU,0.0000378033,33.11569080
2026-07-05T12:00:00.030000Z,xyz:AAPL,AAPL,0.00000625,5.47500000
2026-07-05T12:00:00.030000Z,BTC,BTC,0.0000125,10.95000000
2026-07-05T12:00:00.030000Z,xyz:COIN,COIN,-0.0000012427,-1.08860520
2026-07-05T12:00:00.030000Z,xyz:GOLD,GOLD,0.00000625,5.47500000
2026-07-05T12:00:00.030000Z,xyz:HOOD,HOOD,0.0000262814,23.02250640
2026-07-05T12:00:00.030000Z,xyz:MU,MU,0.0000970225,84.99171000
2026-07-05T13:00:00.036000Z,xyz:AAPL,AAPL,0.00000625,5.47500000
2026-07-05T13:00:00.036000Z,BTC,BTC,0.0000125,10.95000000
2026-07-05T13:00:00.036000Z,xyz:COIN,COIN,0.0000036011,3.15456360
2026-07-05T13:00:00.036000Z,xyz:GOLD,GOLD,0.00000625,5.47500000
2026-07-05T13:00:00.036000Z,xyz:HOOD,HOOD,0.0000138975,12.17421000
2026-07-05T13:00:00.036000Z,xyz:MU,MU,0.0000666334,58.37085840
2026-07-05T14:00:00.038000Z,xyz:AAPL,AAPL,0.0000081437,7.13388120
2026-07-05T14:00:00.038000Z,BTC,BTC,0.0000125,10.95000000
2026-07-05T14:00:00.038000Z,xyz:COIN,COIN,0.00000625,5.47500000
2026-07-05T14:00:00.038000Z,xyz:GOLD,GOLD,0.00000625,5.47500000
2026-07-05T14:00:00.038000Z,xyz:HOOD,HOOD,0.0000091627,8.02652520
2026-07-05T14:00:00.038000Z,xyz:MU,MU,0.0000488824,42.82098240
2026-07-05T15:00:00.031000Z,xyz:AAPL,AAPL,0.0000068989,6.04343640
2026-07-05T15:00:00.031000Z,BTC,BTC,0.0000125,10.95000000
2026-07-05T15:00:00.031000Z,xyz:COIN,COIN,-0.0000002218,-0.19429680
2026-07-05T15:00:00.031000Z,xyz:GOLD,GOLD,0.00000625,5.47500000
2026-07-05T15:00:00.031000Z,xyz:HOOD,HOOD,0.0000038785,3.39756600
2026-07-05T15:00:00.031000Z,xyz:MU,MU,-0.0000831096,-72.80400960
2026-07-05T16:00:00.001000Z,xyz:AAPL,AAPL,0.00000625,5.47500000
2026-07-05T16:00:00.001000Z,BTC,BTC,0.0000125,10.95000000
2026-07-05T16:00:00.001000Z,xyz:COIN,COIN,0.00000625,5.47500000
2026-07-05T16:00:00.001000Z,xyz:GOLD,GOLD,0.00000625,5.47500000
2026-07-05T16:00:00.001000Z,xyz:HOOD,HOOD,0.00000625,5.47500000
2026-07-05T16:00:00.001000Z,xyz:MU,MU,-0.00007047,-61.73172000
2026-07-05T17:00:00.030000Z,xyz:AAPL,AAPL,-0.0000017902,-1.56821520
2026-07-05T17:00:00.030000Z,BTC,BTC,0.0000125,10.95000000
2026-07-05T17:00:00.030000Z,xyz:COIN,COIN,-0.000002315,-2.02794000
2026-07-05T17:00:00.030000Z,xyz:GOLD,GOLD,0.00000625,5.47500000
2026-07-05T17:00:00.030000Z,xyz:HOOD,HOOD,-0.000059605,-52.21398000
2026-07-05T17:00:00.030000Z,xyz:MU,MU,-0.0000301147,-26.38047720
2026-07-05T18:00:00.013000Z,xyz:AAPL,AAPL,0.0000345651,30.27902760
2026-07-05T18:00:00.013000Z,BTC,BTC,0.0000125,10.95000000
2026-07-05T18:00:00.013000Z,xyz:COIN,COIN,-0.0000027389,-2.39927640
2026-07-05T18:00:00.013000Z,xyz:GOLD,GOLD,0.00000625,5.47500000
2026-07-05T18:00:00.013000Z,xyz:HOOD,HOOD,-0.000047767,-41.84389200
2026-07-05T18:00:00.013000Z,xyz:MU,MU,-0.0000243914,-21.36686640
2026-07-05T19:00:00.023000Z,xyz:AAPL,AAPL,0.0000318187,27.87318120
2026-07-05T19:00:00.023000Z,BTC,BTC,0.0000125,10.95000000
2026-07-05T19:00:00.023000Z,xyz:COIN,COIN,0.0000308921,27.06147960
2026-07-05T19:00:00.023000Z,xyz:GOLD,GOLD,0.00000625,5.47500000
2026-07-05T19:00:00.023000Z,xyz:HOOD,HOOD,-0.0000689032,-60.35920320
2026-07-05T19:00:00.023000Z,xyz:MU,MU,0.0000411714,36.06614640
2026-07-05T20:00:00.039000Z,xyz:AAPL,AAPL,0.0000110405,9.67147800
2026-07-05T20:00:00.039000Z,BTC,BTC,0.0000125,10.95000000
2026-07-05T20:00:00.039000Z,xyz:COIN,COIN,0.0000142628,12.49421280
2026-07-05T20:00:00.039000Z,xyz:GOLD,GOLD,0.00000625,5.47500000
2026-07-05T20:00:00.039000Z,xyz:HOOD,HOOD,-0.0000250982,-21.98602320
2026-07-05T20:00:00.039000Z,xyz:MU,MU,0.00000625,5.47500000
2026-07-05T21:00:00.043000Z,xyz:AAPL,AAPL,0.00000625,5.47500000
2026-07-05T21:00:00.043000Z,BTC,BTC,0.0000125,10.95000000
2026-07-05T21:00:00.043000Z,xyz:COIN,COIN,0.00000625,5.47500000
2026-07-05T21:00:00.043000Z,xyz:GOLD,GOLD,0.00000625,5.47500000
2026-07-05T21:00:00.043000Z,xyz:HOOD,HOOD,-0.0000272498,-23.87082480
2026-07-05T21:00:00.043000Z,xyz:MU,MU,0.00000625,5.47500000
2026-07-05T22:00:00.042000Z,xyz:AAPL,AAPL,-0.0000322468,-28.24819680
2026-07-05T22:00:00.042000Z,BTC,BTC,0.0000125,10.95000000
2026-07-05T22:00:00.042000Z,xyz:COIN,COIN,0.0000331715,29.05823400
2026-07-05T22:00:00.042000Z,xyz:GOLD,GOLD,0.00000625,5.47500000
2026-07-05T22:00:00.042000Z,xyz:HOOD,HOOD,0.00000625,5.47500000
2026-07-05T22:00:00.042000Z,xyz:MU,MU,0.00000625,5.47500000
2026-07-05T23:00:00.024000Z,xyz:AAPL,AAPL,-0.0000033876,-2.96753760
2026-07-05T23:00:00.024000Z,BTC,BTC,0.0000125,10.95000000
2026-07-05T23:00:00.024000Z,xyz:COIN,COIN,0.0001798708,157.56682080
2026-07-05T23:00:00.024000Z,xyz:GOLD,GOLD,0.00000625,5.47500000
2026-07-05T23:00:00.024000Z,xyz:HOOD,HOOD,0.0000947931,83.03875560
2026-07-05T23:00:00.024000Z,xyz:MU,MU,0.0000506098,44.33418480
2026-07-06T00:00:00.026000Z,xyz:AAPL,AAPL,0.00002571,22.52196000
2026-07-06T00:00:00.026000Z,BTC,BTC,0.0000125,10.95000000
2026-07-06T00:00:00.026000Z,xyz:COIN,COIN,0.0000716328,62.75033280
2026-07-06T00:00:00.026000Z,xyz:GOLD,GOLD,0.0000091274,7.99560240
2026-07-06T00:00:00.026000Z,xyz:HOOD,HOOD,0.0000554798,48.60030480
2026-07-06T00:00:00.026000Z,xyz:MU,MU,-0.0001459996,-127.89564960
2026-07-06T01:00:00.010000Z,xyz:AAPL,AAPL,-0.0000102215,-8.95403400
2026-07-06T01:00:00.010000Z,BTC,BTC,0.0000125,10.95000000
2026-07-06T01:00:00.010000Z,xyz:COIN,COIN,0.0000435718,38.16889680
2026-07-06T01:00:00.010000Z,xyz:GOLD,GOLD,0.0000136998,12.00102480
2026-07-06T01:00:00.010000Z,xyz:HOOD,HOOD,0.0000438295,38.39464200
2026-07-06T01:00:00.010000Z,xyz:MU,MU,0.0000229879,20.13740040
2026-07-06T02:00:00.061000Z,xyz:AAPL,AAPL,-0.0000212558,-18.62008080
2026-07-06T02:00:00.061000Z,BTC,BTC,0.0000125,10.95000000
2026-07-06T02:00:00.061000Z,xyz:COIN,COIN,0.0000248429,21.76238040
2026-07-06T02:00:00.061000Z,xyz:GOLD,GOLD,0.0000139805,12.24691800
2026-07-06T02:00:00.061000Z,xyz:HOOD,HOOD,0.0000348713,30.54725880
2026-07-06T02:00:00.061000Z,xyz:MU,MU,0.0000331626,29.05043760
2026-07-06T03:00:00.027000Z,xyz:AAPL,AAPL,-0.0000240631,-21.07927560
2026-07-06T03:00:00.027000Z,BTC,BTC,0.0000125,10.95000000
2026-07-06T03:00:00.027000Z,xyz:COIN,COIN,0.0000224967,19.70710920
2026-07-06T03:00:00.027000Z,xyz:GOLD,GOLD,0.00001675,14.67300000
2026-07-06T03:00:00.027000Z,xyz:HOOD,HOOD,0.0000341787,29.94054120
2026-07-06T03:00:00.027000Z,xyz:MU,MU,0.000027245,23.86662000
2026-07-06T04:00:00.055000Z,xyz:AAPL,AAPL,-0.0000282055,-24.70801800
2026-07-06T04:00:00.055000Z,BTC,BTC,0.0000125,10.95000000
2026-07-06T04:00:00.055000Z,xyz:COIN,COIN,0.0000277779,24.33344040
2026-07-06T04:00:00.055000Z,xyz:GOLD,GOLD,0.0000148952,13.04819520
2026-07-06T04:00:00.055000Z,xyz:HOOD,HOOD,0.0000197234,17.27769840
2026-07-06T04:00:00.055000Z,xyz:MU,MU,0.0000581014,50.89682640
2026-07-06T05:00:00.021000Z,xyz:AAPL,AAPL,-0.000017852,-15.63835200
2026-07-06T05:00:00.021000Z,BTC,BTC,0.0000125,10.95000000
2026-07-06T05:00:00.021000Z,xyz:COIN,COIN,0.0000312105,27.34039800
2026-07-06T05:00:00.021000Z,xyz:GOLD,GOLD,0.0000128019,11.21446440
2026-07-06T05:00:00.021000Z,xyz:HOOD,HOOD,0.0000173864,15.23048640
2026-07-06T05:00:00.021000Z,xyz:MU,MU,0.0000345565,30.27149400
2026-07-06T06:00:00.057000Z,xyz:AAPL,AAPL,-0.0000286774,-25.12140240
2026-07-06T06:00:00.057000Z,BTC,BTC,0.0000125,10.95000000
2026-07-06T06:00:00.057000Z,xyz:COIN,COIN,0.0000195874,17.15856240
2026-07-06T06:00:00.057000Z,xyz:GOLD,GOLD,0.0000065215,5.71283400
2026-07-06T06:00:00.057000Z,xyz:HOOD,HOOD,0.0000242121,21.20979960
2026-07-06T06:00:00.057000Z,xyz:MU,MU,0.00000625,5.47500000
2026-07-06T07:00:00.035000Z,xyz:AAPL,AAPL,-0.0000116237,-10.18236120
2026-07-06T07:00:00.035000Z,BTC,BTC,0.0000125,10.95000000
2026-07-06T07:00:00.035000Z,xyz:COIN,COIN,0.000016791,14.70891600
2026-07-06T07:00:00.035000Z,xyz:GOLD,GOLD,0.0000134224,11.75802240
2026-07-06T07:00:00.035000Z,xyz:HOOD,HOOD,0.0000171722,15.04284720
2026-07-06T07:00:00.035000Z,xyz:MU,MU,0.0000277311,24.29244360
2026-07-06T08:00:00.012000Z,xyz:AAPL,AAPL,0.00000625,5.47500000
2026-07-06T08:00:00.012000Z,BTC,BTC,0.0000125,10.95000000
2026-07-06T08:00:00.012000Z,xyz:COIN,COIN,0.0000166765,14.60861400
2026-07-06T08:00:00.012000Z,xyz:GOLD,GOLD,0.0000130676,11.44721760
2026-07-06T08:00:00.012000Z,xyz:HOOD,HOOD,0.000026961,23.61783600
2026-07-06T08:00:00.012000Z,xyz:MU,MU,0.000043798,38.36704800
2026-07-06T09:00:00.015000Z,xyz:AAPL,AAPL,-0.0000127683,-11.18503080
2026-07-06T09:00:00.015000Z,BTC,BTC,0.0000125,10.95000000
2026-07-06T09:00:00.015000Z,xyz:COIN,COIN,0.0000114694,10.04719440
2026-07-06T09:00:00.015000Z,xyz:GOLD,GOLD,0.0000076251,6.67958760
2026-07-06T09:00:00.015000Z,xyz:HOOD,HOOD,0.0000186125,16.30455000
2026-07-06T09:00:00.015000Z,xyz:MU,MU,0.0000316302,27.70805520
2026-07-06T10:00:00.027000Z,xyz:AAPL,AAPL,-0.0000152086,-13.32273360
2026-07-06T10:00:00.027000Z,BTC,BTC,0.0000125,10.95000000
2026-07-06T10:00:00.027000Z,xyz:COIN,COIN,0.0000195305,17.10871800
2026-07-06T10:00:00.027000Z,xyz:GOLD,GOLD,0.000007801,6.83367600
2026-07-06T10:00:00.027000Z,xyz:HOOD,HOOD,0.0000184499,16.16211240
2026-07-06T10:00:00.027000Z,xyz:MU,MU,0.0000367453,32.18888280
2026-07-06T11:00:00.052000Z,xyz:AAPL,AAPL,-0.0000098208,-8.60302080
2026-07-06T11:00:00.052000Z,BTC,BTC,0.0000125,10.95000000
2026-07-06T11:00:00.052000Z,xyz:COIN,COIN,0.0000175304,15.35663040
2026-07-06T11:00:00.052000Z,xyz:GOLD,GOLD,0.0000069276,6.06857760
2026-07-06T11:00:00.052000Z,xyz:HOOD,HOOD,0.0000349618,30.62653680
2026-07-06T11:00:00.052000Z,xyz:MU,MU,0.0000431377,37.78862520
2026-07-06T12:00:00.006000Z,xyz:AAPL,AAPL,-0.0000053249,-4.66461240
2026-07-06T12:00:00.006000Z,BTC,BTC,0.0000125,10.95000000
2026-07-06T12:00:00.006000Z,xyz:COIN,COIN,0.0000139331,12.20539560
2026-07-06T12:00:00.006000Z,xyz:GOLD,GOLD,0.00000625,5.47500000
2026-07-06T12:00:00.006000Z,xyz:HOOD,HOOD,0.0000160951,14.09930760
2026-07-06T12:00:00.006000Z,xyz:MU,MU,0.0000443669,38.86540440
2026-07-06T13:00:00.006000Z,xyz:AAPL,AAPL,-0.0000022979,-2.01296040
2026-07-06T13:00:00.006000Z,BTC,BTC,0.0000125,10.95000000
2026-07-06T13:00:00.006000Z,xyz:COIN,COIN,0.0000257992,22.60009920
2026-07-06T13:00:00.006000Z,xyz:GOLD,GOLD,0.00000625,5.47500000
2026-07-06T13:00:00.006000Z,xyz:HOOD,HOOD,0.0000270999,23.73951240
2026-07-06T13:00:00.006000Z,xyz:MU,MU,0.0000303518,26.58817680
2026-07-06T14:00:00.030000Z,xyz:AAPL,AAPL,-0.0000177739,-15.56993640
2026-07-06T14:00:00.030000Z,BTC,BTC,0.0000125,10.95000000
2026-07-06T14:00:00.030000Z,xyz:COIN,COIN,0.0000118946,10.41966960
2026-07-06T14:00:00.030000Z,xyz:GOLD,GOLD,0.00000625,5.47500000
2026-07-06T14:00:00.030000Z,xyz:HOOD,HOOD,0.0000199877,17.50922520
2026-07-06T14:00:00.030000Z,xyz:MU,MU,0.0000471241,41.28071160
2026-07-06T15:00:00.126000Z,xyz:AAPL,AAPL,-0.0000237216,-20.78012160
2026-07-06T15:00:00.126000Z,BTC,BTC,0.0000125,10.95000000
2026-07-06T15:00:00.126000Z,xyz:COIN,COIN,0.00000625,5.47500000
2026-07-06T15:00:00.126000Z,xyz:GOLD,GOLD,0.0000108154,9.47429040
2026-07-06T15:00:00.126000Z,xyz:HOOD,HOOD,0.0000202283,17.71999080
2026-07-06T15:00:00.126000Z,xyz:MU,MU,0.0000373245,32.69626200
2026-07-06T16:00:00.080000Z,xyz:AAPL,AAPL,-0.0000224636,-19.67811360
2026-07-06T16:00:00.080000Z,BTC,BTC,0.0000125,10.95000000
2026-07-06T16:00:00.080000Z,xyz:COIN,COIN,0.0000118184,10.35291840
2026-07-06T16:00:00.080000Z,xyz:GOLD,GOLD,0.0000087267,7.64458920
2026-07-06T16:00:00.080000Z,xyz:HOOD,HOOD,0.0000246158,21.56344080
2026-07-06T16:00:00.080000Z,xyz:MU,MU,0.0000430918,37.74841680
2026-07-06T17:00:00.022000Z,xyz:AAPL,AAPL,-0.0000324114,-28.39238640
2026-07-06T17:00:00.022000Z,BTC,BTC,0.0000125,10.95000000
2026-07-06T17:00:00.022000Z,xyz:COIN,COIN,0.0000093141,8.15915160
2026-07-06T17:00:00.022000Z,xyz:GOLD,GOLD,0.0000112403,9.84650280
2026-07-06T17:00:00.022000Z,xyz:HOOD,HOOD,0.0000309497,27.11193720
2026-07-06T17:00:00.022000Z,xyz:MU,MU,0.0000288888,25.30658880
2026-07-06T18:00:00.024000Z,xyz:AAPL,AAPL,-0.0000336541,-29.48099160
2026-07-06T18:00:00.024000Z,BTC,BTC,0.0000125,10.95000000
2026-07-06T18:00:00.024000Z,xyz:COIN,COIN,0.0000065026,5.69627760
2026-07-06T18:00:00.024000Z,xyz:GOLD,GOLD,0.0000210492,18.43909920
2026-07-06T18:00:00.024000Z,xyz:HOOD,HOOD,0.0000272809,23.89806840
2026-07-06T18:00:00.024000Z,xyz:MU,MU,0.0000405901,35.55692760
2026-07-06T19:00:00.057000Z,xyz:AAPL,AAPL,-0.0000396028,-34.69205280
2026-07-06T19:00:00.057000Z,BTC,BTC,0.0000125,10.95000000
2026-07-06T19:00:00.057000Z,xyz:COIN,COIN,0.00000625,5.47500000
2026-07-06T19:00:00.057000Z,xyz:GOLD,GOLD,0.0000127831,11.19799560
2026-07-06T19:00:00.057000Z,xyz:HOOD,HOOD,0.0000146057,12.79459320
2026-07-06T19:00:00.057000Z,xyz:MU,MU,0.0000467391,40.94345160
2026-07-06T20:00:00.066000Z,xyz:AAPL,AAPL,-0.0000376933,-33.01933080
2026-07-06T20:00:00.066000Z,BTC,BTC,0.0000125,10.95000000
2026-07-06T20:00:00.066000Z,xyz:COIN,COIN,0.00000625,5.47500000
2026-07-06T20:00:00.066000Z,xyz:GOLD,GOLD,0.0000122607,10.74037320
2026-07-06T20:00:00.066000Z,xyz:HOOD,HOOD,0.0000158597,13.89309720
2026-07-06T20:00:00.066000Z,xyz:MU,MU,0.0000355327,31.12664520
2026-07-06T21:00:00.039000Z,xyz:AAPL,AAPL,-0.0000332059,-29.08836840
2026-07-06T21:00:00.039000Z,BTC,BTC,0.0000125,10.95000000
2026-07-06T21:00:00.039000Z,xyz:COIN,COIN,0.00000625,5.47500000
2026-07-06T21:00:00.039000Z,xyz:GOLD,GOLD,0.0000222911,19.52700360
2026-07-06T21:00:00.039000Z,xyz:HOOD,HOOD,0.0000266733,23.36581080
2026-07-06T21:00:00.039000Z,xyz:MU,MU,0.0000551372,48.30018720
2026-07-06T22:00:00.063000Z,xyz:AAPL,AAPL,-0.0000399977,-35.03798520
2026-07-06T22:00:00.063000Z,BTC,BTC,0.0000125,10.95000000
2026-07-06T22:00:00.063000Z,xyz:COIN,COIN,0.00000625,5.47500000
2026-07-06T22:00:00.063000Z,xyz:GOLD,GOLD,0.0000110042,9.63967920
2026-07-06T22:00:00.063000Z,xyz:HOOD,HOOD,0.0000105639,9.25397640
2026-07-06T22:00:00.063000Z,xyz:MU,MU,0.0000308875,27.05745000
2026-07-06T23:00:00.027000Z,xyz:AAPL,AAPL,-0.0000218059,-19.10196840
2026-07-06T23:00:00.027000Z,BTC,BTC,0.0000125,10.95000000
2026-07-06T23:00:00.027000Z,xyz:COIN,COIN,0.00000625,5.47500000
2026-07-06T23:00:00.027000Z,xyz:GOLD,GOLD,0.000013186,11.55093600
2026-07-06T23:00:00.027000Z,xyz:HOOD,HOOD,0.00000625,5.47500000
2026-07-06T23:00:00.027000Z,xyz:MU,MU,0.0000255896,22.41648960
2026-07-07T00:00:00.045000Z,xyz:AAPL,AAPL,-0.0000324421,-28.41927960
2026-07-07T00:00:00.045000Z,BTC,BTC,0.0000125,10.95000000
2026-07-07T00:00:00.045000Z,xyz:COIN,COIN,0.00000625,5.47500000
2026-07-07T00:00:00.045000Z,xyz:GOLD,GOLD,0.0000111908,9.80314080
2026-07-07T00:00:00.045000Z,xyz:HOOD,HOOD,0.00000625,5.47500000
2026-07-07T00:00:00.045000Z,xyz:MU,MU,0.0000314577,27.55694520
2026-07-07T01:00:00.016000Z,xyz:AAPL,AAPL,-0.0000232415,-20.35955400
2026-07-07T01:00:00.016000Z,BTC,BTC,0.0000125,10.95000000
2026-07-07T01:00:00.016000Z,xyz:COIN,COIN,0.00000625,5.47500000
2026-07-07T01:00:00.016000Z,xyz:GOLD,GOLD,0.00000625,5.47500000
2026-07-07T01:00:00.016000Z,xyz:HOOD,HOOD,0.000008047,7.04917200
2026-07-07T01:00:00.016000Z,xyz:MU,MU,0.0000224262,19.64535120
2026-07-07T02:00:00.038000Z,xyz:AAPL,AAPL,-0.0000445339,-39.01169640
2026-07-07T02:00:00.038000Z,BTC,BTC,0.0000125,10.95000000
2026-07-07T02:00:00.038000Z,xyz:COIN,COIN,0.00000625,5.47500000
2026-07-07T02:00:00.038000Z,xyz:GOLD,GOLD,0.0000080963,7.09235880
2026-07-07T02:00:00.038000Z,xyz:HOOD,HOOD,0.00000625,5.47500000
2026-07-07T02:00:00.038000Z,xyz:MU,MU,0.0000285624,25.02066240
2026-07-07T03:00:00.016000Z,xyz:AAPL,AAPL,-0.0000588028,-51.51125280
2026-07-07T03:00:00.016000Z,BTC,BTC,0.0000125,10.95000000
2026-07-07T03:00:00.016000Z,xyz:COIN,COIN,0.00000625,5.47500000
2026-07-07T03:00:00.016000Z,xyz:GOLD,GOLD,0.0000091783,8.04019080
2026-07-07T03:00:00.016000Z,xyz:HOOD,HOOD,0.00000625,5.47500000
2026-07-07T03:00:00.016000Z,xyz:MU,MU,0.0000324645,28.43890200
2026-07-07T04:00:00.040000Z,xyz:AAPL,AAPL,-0.0000553904,-48.52199040
2026-07-07T04:00:00.040000Z,BTC,BTC,0.0000125,10.95000000
2026-07-07T04:00:00.040000Z,xyz:COIN,COIN,0.0000082933,7.26493080
2026-07-07T04:00:00.040000Z,xyz:GOLD,GOLD,0.0000106545,9.33334200
2026-07-07T04:00:00.040000Z,xyz:HOOD,HOOD,0.0000104297,9.13641720
2026-07-07T04:00:00.040000Z,xyz:MU,MU,0.0000414332,36.29548320
2026-07-07T05:00:00.044000Z,xyz:AAPL,AAPL,-0.0000495375,-43.39485000
2026-07-07T05:00:00.044000Z,BTC,BTC,0.0000125,10.95000000
2026-07-07T05:00:00.044000Z,xyz:COIN,COIN,0.00000625,5.47500000
2026-07-07T05:00:00.044000Z,xyz:GOLD,GOLD,0.0000065819,5.76574440
2026-07-07T05:00:00.044000Z,xyz:HOOD,HOOD,0.00000625,5.47500000
2026-07-07T05:00:00.044000Z,xyz:MU,MU,0.0000509252,44.61047520
2026-07-07T06:00:00.057000Z,xyz:AAPL,AAPL,-0.0000384149,-33.65145240
2026-07-07T06:00:00.057000Z,BTC,BTC,0.0000125,10.95000000
2026-07-07T06:00:00.057000Z,xyz:COIN,COIN,0.00000625,5.47500000
2026-07-07T06:00:00.057000Z,xyz:GOLD,GOLD,0.00000625,5.47500000
2026-07-07T06:00:00.057000Z,xyz:HOOD,HOOD,0.00000625,5.47500000
2026-07-07T06:00:00.057000Z,xyz:MU,MU,0.0000410181,35.93185560
2026-07-07T07:00:00.030000Z,xyz:AAPL,AAPL,-0.0000540776,-47.37197760
2026-07-07T07:00:00.030000Z,BTC,BTC,0.0000125,10.95000000
2026-07-07T07:00:00.030000Z,xyz:COIN,COIN,0.0000062924,5.51214240
2026-07-07T07:00:00.030000Z,xyz:GOLD,GOLD,0.0000083783,7.33939080
2026-07-07T07:00:00.030000Z,xyz:HOOD,HOOD,0.00000625,5.47500000
2026-07-07T07:00:00.030000Z,xyz:MU,MU,0.0000303286,26.56785360
2026-07-07T08:00:00.059000Z,xyz:AAPL,AAPL,-0.0000434382,-38.05186320
2026-07-07T08:00:00.059000Z,BTC,BTC,0.0000125,10.95000000
2026-07-07T08:00:00.059000Z,xyz:COIN,COIN,0.00000625,5.47500000
2026-07-07T08:00:00.059000Z,xyz:GOLD,GOLD,0.0000065429,5.73158040
2026-07-07T08:00:00.059000Z,xyz:HOOD,HOOD,0.00000625,5.47500000
2026-07-07T08:00:00.059000Z,xyz:MU,MU,0.0000394452,34.55399520
2026-07-07T09:00:00.050000Z,xyz:AAPL,AAPL,-0.0000472465,-41.38793400
2026-07-07T09:00:00.050000Z,BTC,BTC,0.0000125,10.95000000
2026-07-07T09:00:00.050000Z,xyz:COIN,COIN,0.00000625,5.47500000
2026-07-07T09:00:00.050000Z,xyz:GOLD,GOLD,0.0000072638,6.36308880
2026-07-07T09:00:00.050000Z,xyz:HOOD,HOOD,0.0000192082,16.82638320
2026-07-07T09:00:00.050000Z,xyz:MU,MU,0.0000422251,36.98918760
2026-07-07T10:00:00.014000Z,xyz:AAPL,AAPL,-0.0000131648,-11.53236480
2026-07-07T10:00:00.014000Z,BTC,BTC,0.0000125,10.95000000
2026-07-07T10:00:00.014000Z,xyz:COIN,COIN,0.00000625,5.47500000
2026-07-07T10:00:00.014000Z,xyz:GOLD,GOLD,0.0000074893,6.56062680
2026-07-07T10:00:00.014000Z,xyz:HOOD,HOOD,0.0000646747,56.65503720
2026-07-07T10:00:00.014000Z,xyz:MU,MU,0.0000529957,46.42423320
2026-07-07T11:00:00.093000Z,xyz:AAPL,AAPL,-0.000016336,-14.31033600
2026-07-07T11:00:00.093000Z,BTC,BTC,0.0000125,10.95000000
2026-07-07T11:00:00.093000Z,xyz:COIN,COIN,0.00000625,5.47500000
2026-07-07T11:00:00.093000Z,xyz:GOLD,GOLD,0.0000102361,8.96682360
2026-07-07T11:00:00.093000Z,xyz:HOOD,HOOD,0.0000463732,40.62292320
2026-07-07T11:00:00.093000Z,xyz:MU,MU,0.0000412165,36.10565400
2026-07-07T12:00:00.031000Z,xyz:AAPL,AAPL,-0.0000424314,-37.16990640
2026-07-07T12:00:00.031000Z,BTC,BTC,0.0000125,10.95000000
2026-07-07T12:00:00.031000Z,xyz:COIN,COIN,0.00000625,5.47500000
2026-07-07T12:00:00.031000Z,xyz:GOLD,GOLD,0.000007603,6.66022800
2026-07-07T12:00:00.031000Z,xyz:HOOD,HOOD,0.0000290985,25.49028600
2026-07-07T12:00:00.031000Z,xyz:MU,MU,0.000054049,47.34692400
2026-07-07T13:00:00.060000Z,xyz:AAPL,AAPL,-0.0000179263,-15.70343880
2026-07-07T13:00:00.060000Z,BTC,BTC,0.0000125,10.95000000
2026-07-07T13:00:00.060000Z,xyz:COIN,COIN,0.00000625,5.47500000
2026-07-07T13:00:00.060000Z,xyz:GOLD,GOLD,0.0000069079,6.05132040
2026-07-07T13:00:00.060000Z,xyz:HOOD,HOOD,0.0000352255,30.85753800
2026-07-07T13:00:00.060000Z,xyz:MU,MU,0.0000478547,41.92071720
2026-07-07T14:00:00.064000Z,xyz:AAPL,AAPL,-0.0000258265,-22.62401400
2026-07-07T14:00:00.064000Z,BTC,BTC,0.0000125,10.95000000
2026-07-07T14:00:00.064000Z,xyz:COIN,COIN,0.00000625,5.47500000
2026-07-07T14:00:00.064000Z,xyz:GOLD,GOLD,0.00000625,5.47500000
2026-07-07T14:00:00.064000Z,xyz:HOOD,HOOD,0.0000283711,24.85308360
2026-07-07T14:00:00.064000Z,xyz:MU,MU,0.0000792986,69.46557360
2026-07-07T15:00:00.094000Z,xyz:AAPL,AAPL,-0.0000334803,-29.32874280
2026-07-07T15:00:00.094000Z,BTC,BTC,0.0000125,10.95000000
2026-07-07T15:00:00.094000Z,xyz:COIN,COIN,0.00000625,5.47500000
2026-07-07T15:00:00.094000Z,xyz:GOLD,GOLD,0.00000625,5.47500000
2026-07-07T15:00:00.094000Z,xyz:HOOD,HOOD,0.0000299067,26.19826920
2026-07-07T15:00:00.094000Z,xyz:MU,MU,0.0000681987,59.74206120
2026-07-07T16:00:00.045000Z,xyz:AAPL,AAPL,-0.0000199027,-17.43476520
2026-07-07T16:00:00.045000Z,BTC,BTC,0.0000125,10.95000000
2026-07-07T16:00:00.045000Z,xyz:COIN,COIN,0.00000625,5.47500000
2026-07-07T16:00:00.045000Z,xyz:GOLD,GOLD,0.00000625,5.47500000
2026-07-07T16:00:00.045000Z,xyz:HOOD,HOOD,0.0000163548,14.32680480
2026-07-07T16:00:00.045000Z,xyz:MU,MU,0.0000538226,47.14859760
2026-07-07T17:00:00.069000Z,xyz:AAPL,AAPL,-0.0000245764,-21.52892640
2026-07-07T17:00:00.069000Z,BTC,BTC,0.0000125,10.95000000
2026-07-07T17:00:00.069000Z,xyz:COIN,COIN,0.00000625,5.47500000
2026-07-07T17:00:00.069000Z,xyz:GOLD,GOLD,0.0000063887,5.59650120
2026-07-07T17:00:00.069000Z,xyz:HOOD,HOOD,0.0000167247,14.65083720
2026-07-07T17:00:00.069000Z,xyz:MU,MU,0.0000323727,28.35848520
2026-07-07T18:00:00.007000Z,xyz:AAPL,AAPL,-0.0000177774,-15.57300240
2026-07-07T18:00:00.007000Z,BTC,BTC,0.0000125,10.95000000
2026-07-07T18:00:00.007000Z,xyz:COIN,COIN,0.00000625,5.47500000
2026-07-07T18:00:00.007000Z,xyz:GOLD,GOLD,0.00000625,5.47500000
2026-07-07T18:00:00.007000Z,xyz:HOOD,HOOD,0.00000625,5.47500000
2026-07-07T18:00:00.007000Z,xyz:MU,MU,0.0000197677,17.31650520
2026-07-07T19:00:00.045000Z,xyz:AAPL,AAPL,-0.0000183045,-16.03474200
2026-07-07T19:00:00.045000Z,BTC,BTC,0.0000125,10.95000000
2026-07-07T19:00:00.045000Z,xyz:COIN,COIN,0.00000625,5.47500000
2026-07-07T19:00:00.045000Z,xyz:GOLD,GOLD,0.00000625,5.47500000
2026-07-07T19:00:00.045000Z,xyz:HOOD,HOOD,0.00000625,5.47500000
2026-07-07T19:00:00.045000Z,xyz:MU,MU,0.0000288557,25.27759320
2026-07-07T20:00:00.007000Z,xyz:AAPL,AAPL,-0.0000247649,-21.69405240
2026-07-07T20:00:00.007000Z,BTC,BTC,0.0000125,10.95000000
2026-07-07T20:00:00.007000Z,xyz:COIN,COIN,0.00000625,5.47500000
2026-07-07T20:00:00.007000Z,xyz:GOLD,GOLD,0.0000087165,7.63565400
2026-07-07T20:00:00.007000Z,xyz:HOOD,HOOD,0.0000181687,15.91578120
2026-07-07T20:00:00.007000Z,xyz:MU,MU,0.0000221748,19.42512480
2026-07-07T21:00:00.010000Z,xyz:AAPL,AAPL,-0.0000220406,-19.30756560
2026-07-07T21:00:00.010000Z,BTC,BTC,0.0000125,10.95000000
2026-07-07T21:00:00.010000Z,xyz:COIN,COIN,0.00000625,5.47500000
2026-07-07T21:00:00.010000Z,xyz:GOLD,GOLD,0.0000159429,13.96598040
2026-07-07T21:00:00.010000Z,xyz:HOOD,HOOD,0.000022878,20.04112800
2026-07-07T21:00:00.010000Z,xyz:MU,MU,0.000012786,11.20053600
2026-07-07T22:00:00.012000Z,xyz:AAPL,AAPL,-0.0000214022,-18.74832720
2026-07-07T22:00:00.012000Z,BTC,BTC,0.0000125,10.95000000
2026-07-07T22:00:00.012000Z,xyz:COIN,COIN,0.00000625,5.47500000
2026-07-07T22:00:00.012000Z,xyz:GOLD,GOLD,0.00000625,5.47500000
2026-07-07T22:00:00.012000Z,xyz:HOOD,HOOD,0.0000086272,7.55742720
2026-07-07T22:00:00.012000Z,xyz:MU,MU,0.0000164806,14.43700560
2026-07-07T23:00:00.057000Z,xyz:AAPL,AAPL,-0.0000113653,-9.95600280
2026-07-07T23:00:00.057000Z,BTC,BTC,0.0000125,10.95000000
2026-07-07T23:00:00.057000Z,xyz:COIN,COIN,0.00000807,7.06932000
2026-07-07T23:00:00.057000Z,xyz:GOLD,GOLD,0.00000625,5.47500000
2026-07-07T23:00:00.057000Z,xyz:HOOD,HOOD,0.00000625,5.47500000
2026-07-07T23:00:00.057000Z,xyz:MU,MU,0.0000127054,11.12993040
2026-07-08T00:00:00.001000Z,xyz:AAPL,AAPL,0.0000020726,1.81559760
2026-07-08T00:00:00.001000Z,BTC,BTC,0.0000125,10.95000000
2026-07-08T00:00:00.001000Z,xyz:COIN,COIN,0.0000133212,11.66937120
2026-07-08T00:00:00.001000Z,xyz:GOLD,GOLD,0.0000133141,11.66315160
2026-07-08T00:00:00.001000Z,xyz:HOOD,HOOD,0.0000178392,15.62713920
2026-07-08T00:00:00.001000Z,xyz:MU,MU,0.0000269522,23.61012720
2026-07-08T01:00:00.064000Z,xyz:AAPL,AAPL,-0.0000083181,-7.28665560
2026-07-08T01:00:00.064000Z,BTC,BTC,0.0000125,10.95000000
2026-07-08T01:00:00.064000Z,xyz:COIN,COIN,0.0000064591,5.65817160
2026-07-08T01:00:00.064000Z,xyz:GOLD,GOLD,0.0000132738,11.62784880
2026-07-08T01:00:00.064000Z,xyz:HOOD,HOOD,0.0000227563,19.93451880
2026-07-08T01:00:00.064000Z,xyz:MU,MU,0.0000083144,7.28341440
2026-07-08T02:00:00.004000Z,xyz:AAPL,AAPL,-0.000028094,-24.61034400
2026-07-08T02:00:00.004000Z,BTC,BTC,0.0000125,10.95000000
2026-07-08T02:00:00.004000Z,xyz:COIN,COIN,0.00000625,5.47500000
2026-07-08T02:00:00.004000Z,xyz:GOLD,GOLD,0.0000065564,5.74340640
2026-07-08T02:00:00.004000Z,xyz:HOOD,HOOD,0.0000238634,20.90433840
2026-07-08T02:00:00.004000Z,xyz:MU,MU,0.00000625,5.47500000
2026-07-08T03:00:00.071000Z,xyz:AAPL,AAPL,0.00000625,5.47500000
2026-07-08T03:00:00.071000Z,BTC,BTC,0.0000125,10.95000000
2026-07-08T03:00:00.071000Z,xyz:COIN,COIN,0.00000625,5.47500000
2026-07-08T03:00:00.071000Z,xyz:GOLD,GOLD,0.00000625,5.47500000
2026-07-08T03:00:00.071000Z,xyz:HOOD,HOOD,0.0000274048,24.00660480
2026-07-08T03:00:00.071000Z,xyz:MU,MU,0.00000625,5.47500000
2026-07-08T04:00:00.037000Z,xyz:AAPL,AAPL,0.00000625,5.47500000
2026-07-08T04:00:00.037000Z,BTC,BTC,0.0000125,10.95000000
2026-07-08T04:00:00.037000Z,xyz:COIN,COIN,0.00000625,5.47500000
2026-07-08T04:00:00.037000Z,xyz:GOLD,GOLD,0.00000625,5.47500000
2026-07-08T04:00:00.037000Z,xyz:HOOD,HOOD,0.0000278106,24.36208560
2026-07-08T04:00:00.037000Z,xyz:MU,MU,0.00000625,5.47500000
2026-07-08T05:00:00.031000Z,xyz:AAPL,AAPL,-0.0000003733,-0.32701080
2026-07-08T05:00:00.031000Z,BTC,BTC,0.0000125,10.95000000
2026-07-08T05:00:00.031000Z,xyz:COIN,COIN,0.00000625,5.47500000
2026-07-08T05:00:00.031000Z,xyz:GOLD,GOLD,0.00000625,5.47500000
2026-07-08T05:00:00.031000Z,xyz:HOOD,HOOD,0.0000490134,42.93573840
2026-07-08T05:00:00.031000Z,xyz:MU,MU,0.00000625,5.47500000
2026-07-08T06:00:00.060000Z,xyz:AAPL,AAPL,0.00000625,5.47500000
2026-07-08T06:00:00.060000Z,BTC,BTC,0.0000125,10.95000000
2026-07-08T06:00:00.060000Z,xyz:COIN,COIN,0.00000625,5.47500000
2026-07-08T06:00:00.060000Z,xyz:GOLD,GOLD,0.00000625,5.47500000
2026-07-08T06:00:00.060000Z,xyz:HOOD,HOOD,0.0000841993,73.75858680
2026-07-08T06:00:00.060000Z,xyz:MU,MU,0.0000324998,28.46982480
2026-07-08T07:00:00.053000Z,xyz:AAPL,AAPL,0.00000625,5.47500000
2026-07-08T07:00:00.053000Z,BTC,BTC,0.0000125,10.95000000
2026-07-08T07:00:00.053000Z,xyz:COIN,COIN,0.00000625,5.47500000
2026-07-08T07:00:00.053000Z,xyz:GOLD,GOLD,0.00000625,5.47500000
2026-07-08T07:00:00.053000Z,xyz:HOOD,HOOD,0.0001004387,87.98430120
2026-07-08T07:00:00.053000Z,xyz:MU,MU,0.0000423322,37.08300720
2026-07-08T08:00:00.050000Z,xyz:AAPL,AAPL,0.0000028228,2.47277280
2026-07-08T08:00:00.050000Z,BTC,BTC,0.0000125,10.95000000
2026-07-08T08:00:00.050000Z,xyz:COIN,COIN,0.00000625,5.47500000
2026-07-08T08:00:00.050000Z,xyz:GOLD,GOLD,0.00000625,5.47500000
2026-07-08T08:00:00.050000Z,xyz:HOOD,HOOD,0.0001006754,88.19165040
2026-07-08T08:00:00.050000Z,xyz:MU,MU,0.0000394207,34.53253320
2026-07-08T09:00:00.088000Z,xyz:AAPL,AAPL,-0.0000019146,-1.67718960
2026-07-08T09:00:00.088000Z,BTC,BTC,0.0000125,10.95000000
2026-07-08T09:00:00.088000Z,xyz:COIN,COIN,0.00000625,5.47500000
2026-07-08T09:00:00.088000Z,xyz:GOLD,GOLD,0.00000625,5.47500000
2026-07-08T09:00:00.088000Z,xyz:HOOD,HOOD,0.0000575661,50.42790360
2026-07-08T09:00:00.088000Z,xyz:MU,MU,0.0000266241,23.32271160
2026-07-08T10:00:00.012000Z,xyz:AAPL,AAPL,0.000000629,0.55100400
2026-07-08T10:00:00.012000Z,BTC,BTC,0.0000125,10.95000000
2026-07-08T10:00:00.012000Z,xyz:COIN,COIN,0.00000625,5.47500000
2026-07-08T10:00:00.012000Z,xyz:GOLD,GOLD,0.00000625,5.47500000
2026-07-08T10:00:00.012000Z,xyz:HOOD,HOOD,0.0000474802,41.59265520
2026-07-08T10:00:00.012000Z,xyz:MU,MU,0.0000302476,26.49689760
2026-07-08T11:00:00.026000Z,xyz:AAPL,AAPL,-0.0000120679,-10.57148040
2026-07-08T11:00:00.026000Z,BTC,BTC,0.0000125,10.95000000
2026-07-08T11:00:00.026000Z,xyz:COIN,COIN,0.00000625,5.47500000
2026-07-08T11:00:00.026000Z,xyz:GOLD,GOLD,0.00000625,5.47500000
2026-07-08T11:00:00.026000Z,xyz:HOOD,HOOD,0.0000466886,40.89921360
2026-07-08T11:00:00.026000Z,xyz:MU,MU,0.0000346384,30.34323840
2026-07-08T12:00:00.007000Z,xyz:AAPL,AAPL,-0.0000272735,-23.89158600
2026-07-08T12:00:00.007000Z,BTC,BTC,0.0000125,10.95000000
2026-07-08T12:00:00.007000Z,xyz:COIN,COIN,0.00000625,5.47500000
2026-07-08T12:00:00.007000Z,xyz:GOLD,GOLD,0.00000625,5.47500000
2026-07-08T12:00:00.007000Z,xyz:HOOD,HOOD,0.0000237202,20.77889520
2026-07-08T12:00:00.007000Z,xyz:MU,MU,0.0000413389,36.21287640
2026-07-08T13:00:00.036000Z,xyz:AAPL,AAPL,-0.000040294,-35.29754400
2026-07-08T13:00:00.036000Z,BTC,BTC,0.0000125,10.95000000
2026-07-08T13:00:00.036000Z,xyz:COIN,COIN,0.00000625,5.47500000
2026-07-08T13:00:00.036000Z,xyz:GOLD,GOLD,0.00000625,5.47500000
2026-07-08T13:00:00.036000Z,xyz:HOOD,HOOD,0.0000490913,43.00397880
2026-07-08T13:00:00.036000Z,xyz:MU,MU,0.0000292408,25.61494080
2026-07-08T14:00:00.017000Z,xyz:AAPL,AAPL,-0.0000355441,-31.13663160
2026-07-08T14:00:00.017000Z,BTC,BTC,0.0000125,10.95000000
2026-07-08T14:00:00.017000Z,xyz:COIN,COIN,0.00000625,5.47500000
2026-07-08T14:00:00.017000Z,xyz:GOLD,GOLD,0.00000625,5.47500000
2026-07-08T14:00:00.017000Z,xyz:HOOD,HOOD,0.0000333616,29.22476160
2026-07-08T14:00:00.017000Z,xyz:MU,MU,0.00000625,5.47500000
2026-07-08T15:00:00.041000Z,xyz:AAPL,AAPL,-0.0000205288,-17.98322880
2026-07-08T15:00:00.041000Z,BTC,BTC,0.0000125,10.95000000
2026-07-08T15:00:00.041000Z,xyz:COIN,COIN,0.00000625,5.47500000
2026-07-08T15:00:00.041000Z,xyz:GOLD,GOLD,0.00000625,5.47500000
2026-07-08T15:00:00.041000Z,xyz:HOOD,HOOD,0.0000148833,13.03777080
2026-07-08T15:00:00.041000Z,xyz:MU,MU,0.00000625,5.47500000
2026-07-08T16:00:00.052000Z,xyz:AAPL,AAPL,-0.0000260606,-22.82908560
2026-07-08T16:00:00.052000Z,BTC,BTC,0.0000125,10.95000000
2026-07-08T16:00:00.052000Z,xyz:COIN,COIN,0.00000625,5.47500000
2026-07-08T16:00:00.052000Z,xyz:GOLD,GOLD,0.00000625,5.47500000
2026-07-08T16:00:00.052000Z,xyz:HOOD,HOOD,0.0000188572,16.51890720
2026-07-08T16:00:00.052000Z,xyz:MU,MU,0.0000209485,18.35088600
2026-07-08T17:00:00.041000Z,xyz:AAPL,AAPL,-0.0000210469,-18.43708440
2026-07-08T17:00:00.041000Z,BTC,BTC,0.0000125,10.95000000
2026-07-08T17:00:00.041000Z,xyz:COIN,COIN,0.0000093832,8.21968320
2026-07-08T17:00:00.041000Z,xyz:GOLD,GOLD,0.0000194395,17.02900200
2026-07-08T17:00:00.041000Z,xyz:HOOD,HOOD,0.0000305355,26.74909800
2026-07-08T17:00:00.041000Z,xyz:MU,MU,0.0000270135,23.66382600
2026-07-08T18:00:00.123000Z,xyz:AAPL,AAPL,-0.000025318,-22.17856800
2026-07-08T18:00:00.123000Z,BTC,BTC,0.0000125,10.95000000
2026-07-08T18:00:00.123000Z,xyz:COIN,COIN,0.0000062793,5.50066680
2026-07-08T18:00:00.123000Z,xyz:GOLD,GOLD,0.0000185446,16.24506960
2026-07-08T18:00:00.123000Z,xyz:HOOD,HOOD,0.0000252545,22.12294200
2026-07-08T18:00:00.123000Z,xyz:MU,MU,0.0000274017,24.00388920
2026-07-08T19:00:00.005000Z,xyz:AAPL,AAPL,-0.0000274139,-24.01457640
2026-07-08T19:00:00.005000Z,BTC,BTC,0.0000125,10.95000000
2026-07-08T19:00:00.005000Z,xyz:COIN,COIN,0.00000625,5.47500000
2026-07-08T19:00:00.005000Z,xyz:GOLD,GOLD,0.0000152946,13.39806960
2026-07-08T19:00:00.005000Z,xyz:HOOD,HOOD,0.0000232269,20.34676440
2026-07-08T19:00:00.005000Z,xyz:MU,MU,0.0000129029,11.30294040
2026-07-08T20:00:00.010000Z,xyz:AAPL,AAPL,-0.0000242537,-21.24624120
2026-07-08T20:00:00.010000Z,BTC,BTC,0.0000125,10.95000000
2026-07-08T20:00:00.010000Z,xyz:COIN,COIN,0.00000625,5.47500000
2026-07-08T20:00:00.010000Z,xyz:GOLD,GOLD,0.00000625,5.47500000
2026-07-08T20:00:00.010000Z,xyz:HOOD,HOOD,0.0000168535,14.76366600
2026-07-08T20:00:00.010000Z,xyz:MU,MU,0.00000625,5.47500000
2026-07-08T21:00:00.047000Z,xyz:AAPL,AAPL,-0.0000235912,-20.66589120
2026-07-08T21:00:00.047000Z,BTC,BTC,0.0000125,10.95000000
2026-07-08T21:00:00.047000Z,xyz:COIN,COIN,0.00000625,5.47500000
2026-07-08T21:00:00.047000Z,xyz:GOLD,GOLD,0.0000070154,6.14549040
2026-07-08T21:00:00.047000Z,xyz:HOOD,HOOD,0.000014035,12.29466000
2026-07-08T21:00:00.047000Z,xyz:MU,MU,0.00000625,5.47500000
2026-07-08T22:00:00.056000Z,xyz:AAPL,AAPL,-0.0000106852,-9.36023520
2026-07-08T22:00:00.056000Z,BTC,BTC,0.0000125,10.95000000
2026-07-08T22:00:00.056000Z,xyz:COIN,COIN,0.0000390949,34.24713240
2026-07-08T22:00:00.056000Z,xyz:GOLD,GOLD,0.00000625,5.47500000
2026-07-08T22:00:00.056000Z,xyz:HOOD,HOOD,0.0000183172,16.04586720
2026-07-08T22:00:00.056000Z,xyz:MU,MU,0.0000070844,6.20593440
2026-07-08T23:00:00.004000Z,xyz:AAPL,AAPL,-0.0000069185,-6.06060600
2026-07-08T23:00:00.004000Z,BTC,BTC,0.0000125,10.95000000
2026-07-08T23:00:00.004000Z,xyz:COIN,COIN,0.0000066293,5.80726680
2026-07-08T23:00:00.004000Z,xyz:GOLD,GOLD,0.0000103617,9.07684920
2026-07-08T23:00:00.004000Z,xyz:HOOD,HOOD,0.0000236357,20.70487320
2026-07-08T23:00:00.004000Z,xyz:MU,MU,0.000019462,17.04871200
2026-07-09T00:00:00.002000Z,xyz:AAPL,AAPL,-0.0000147288,-12.90242880
2026-07-09T00:00:00.002000Z,BTC,BTC,0.0000125,10.95000000
2026-07-09T00:00:00.002000Z,xyz:COIN,COIN,0.00000625,5.47500000
2026-07-09T00:00:00.002000Z,xyz:GOLD,GOLD,0.00000625,5.47500000
2026-07-09T00:00:00.002000Z,xyz:HOOD,HOOD,0.0000192522,16.86492720
2026-07-09T00:00:00.002000Z,xyz:MU,MU,0.000008562,7.50031200
2026-07-09T01:00:00.031000Z,xyz:AAPL,AAPL,-0.0000103943,-9.10540680
2026-07-09T01:00:00.031000Z,BTC,BTC,0.0000125,10.95000000
2026-07-09T01:00:00.031000Z,xyz:COIN,COIN,0.00000625,5.47500000
2026-07-09T01:00:00.031000Z,xyz:GOLD,GOLD,0.00000625,5.47500000
2026-07-09T01:00:00.031000Z,xyz:HOOD,HOOD,0.0000083207,7.28893320
2026-07-09T01:00:00.031000Z,xyz:MU,MU,0.00000625,5.47500000
2026-07-09T02:00:00.080000Z,xyz:AAPL,AAPL,-0.0000098315,-8.61239400
2026-07-09T02:00:00.080000Z,BTC,BTC,0.0000125,10.95000000
2026-07-09T02:00:00.080000Z,xyz:COIN,COIN,0.00000625,5.47500000
2026-07-09T02:00:00.080000Z,xyz:GOLD,GOLD,0.00000625,5.47500000
2026-07-09T02:00:00.080000Z,xyz:HOOD,HOOD,0.00000625,5.47500000
2026-07-09T02:00:00.080000Z,xyz:MU,MU,0.0000203789,17.85191640
2026-07-09T03:00:00.095000Z,xyz:AAPL,AAPL,-0.0000086213,-7.55225880
2026-07-09T03:00:00.095000Z,BTC,BTC,0.0000125,10.95000000
2026-07-09T03:00:00.095000Z,xyz:COIN,COIN,0.000008539,7.48016400
2026-07-09T03:00:00.095000Z,xyz:GOLD,GOLD,0.00000625,5.47500000
2026-07-09T03:00:00.095000Z,xyz:HOOD,HOOD,0.00000625,5.47500000
2026-07-09T03:00:00.095000Z,xyz:MU,MU,0.0000086988,7.62014880
2026-07-09T04:00:00.024000Z,xyz:AAPL,AAPL,0.000001305,1.14318000
2026-07-09T04:00:00.024000Z,BTC,BTC,0.0000125,10.95000000
2026-07-09T04:00:00.024000Z,xyz:COIN,COIN,0.00000625,5.47500000
2026-07-09T04:00:00.024000Z,xyz:GOLD,GOLD,0.00000625,5.47500000
2026-07-09T04:00:00.024000Z,xyz:HOOD,HOOD,0.00000625,5.47500000
2026-07-09T04:00:00.024000Z,xyz:MU,MU,0.00000625,5.47500000
2026-07-09T05:00:00.045000Z,xyz:AAPL,AAPL,-0.0000055593,-4.86994680
2026-07-09T05:00:00.045000Z,BTC,BTC,0.0000125,10.95000000
2026-07-09T05:00:00.045000Z,xyz:COIN,COIN,0.0000125528,10.99625280
2026-07-09T05:00:00.045000Z,xyz:GOLD,GOLD,0.0000114797,10.05621720
2026-07-09T05:00:00.045000Z,xyz:HOOD,HOOD,0.0000215839,18.90749640
2026-07-09T05:00:00.045000Z,xyz:MU,MU,0.00000625,5.47500000
2026-07-09T06:00:00.066000Z,xyz:AAPL,AAPL,0.000001309,1.14668400
2026-07-09T06:00:00.066000Z,BTC,BTC,0.0000125,10.95000000
2026-07-09T06:00:00.066000Z,xyz:COIN,COIN,0.0000190863,16.71959880
2026-07-09T06:00:00.066000Z,xyz:GOLD,GOLD,0.00000625,5.47500000
2026-07-09T06:00:00.066000Z,xyz:HOOD,HOOD,0.0000361191,31.64033160
2026-07-09T06:00:00.066000Z,xyz:MU,MU,0.000012143,10.63726800
2026-07-09T07:00:00.047000Z,xyz:AAPL,AAPL,-0.0000028187,-2.46918120
2026-07-09T07:00:00.047000Z,BTC,BTC,0.0000125,10.95000000
2026-07-09T07:00:00.047000Z,xyz:COIN,COIN,0.0000226991,19.88441160
2026-07-09T07:00:00.047000Z,xyz:GOLD,GOLD,0.00000625,5.47500000
2026-07-09T07:00:00.047000Z,xyz:HOOD,HOOD,0.0000599282,52.49710320
2026-07-09T07:00:00.047000Z,xyz:MU,MU,0.00000625,5.47500000
2026-07-09T08:00:00.032000Z,xyz:AAPL,AAPL,-0.0000244387,-21.40830120
2026-07-09T08:00:00.032000Z,BTC,BTC,0.0000125,10.95000000
2026-07-09T08:00:00.032000Z,xyz:COIN,COIN,0.0000112564,9.86060640
2026-07-09T08:00:00.032000Z,xyz:GOLD,GOLD,0.00000625,5.47500000
2026-07-09T08:00:00.032000Z,xyz:HOOD,HOOD,0.0000763531,66.88531560
2026-07-09T08:00:00.032000Z,xyz:MU,MU,0.00000625,5.47500000
2026-07-09T09:00:00.034000Z,xyz:AAPL,AAPL,-0.0000113648,-9.95556480
2026-07-09T09:00:00.034000Z,BTC,BTC,0.0000125,10.95000000
2026-07-09T09:00:00.034000Z,xyz:COIN,COIN,0.00000625,5.47500000
2026-07-09T09:00:00.034000Z,xyz:GOLD,GOLD,0.00000625,5.47500000
2026-07-09T09:00:00.034000Z,xyz:HOOD,HOOD,0.0000730354,63.97901040
2026-07-09T09:00:00.034000Z,xyz:MU,MU,0.00000625,5.47500000
2026-07-09T10:00:00.040000Z,xyz:AAPL,AAPL,-0.0000143425,-12.56403000
2026-07-09T10:00:00.040000Z,BTC,BTC,0.0000125,10.95000000
2026-07-09T10:00:00.040000Z,xyz:COIN,COIN,0.00000625,5.47500000
2026-07-09T10:00:00.040000Z,xyz:GOLD,GOLD,0.00000625,5.47500000
2026-07-09T10:00:00.040000Z,xyz:HOOD,HOOD,0.0000499162,43.72659120
2026-07-09T10:00:00.040000Z,xyz:MU,MU,0.00000625,5.47500000
2026-07-09T11:00:00.063000Z,xyz:AAPL,AAPL,-0.0000082897,-7.26177720
2026-07-09T11:00:00.063000Z,BTC,BTC,0.0000125,10.95000000
2026-07-09T11:00:00.063000Z,xyz:COIN,COIN,0.00000625,5.47500000
2026-07-09T11:00:00.063000Z,xyz:GOLD,GOLD,0.00000625,5.47500000
2026-07-09T11:00:00.063000Z,xyz:HOOD,HOOD,0.0000594456,52.07434560
2026-07-09T11:00:00.063000Z,xyz:MU,MU,0.0000090489,7.92683640
2026-07-09T12:00:00.002000Z,xyz:AAPL,AAPL,-0.000013693,-11.99506800
2026-07-09T12:00:00.002000Z,BTC,BTC,0.0000125,10.95000000
2026-07-09T12:00:00.002000Z,xyz:COIN,COIN,0.00000625,5.47500000
2026-07-09T12:00:00.002000Z,xyz:GOLD,GOLD,0.00000625,5.47500000
2026-07-09T12:00:00.002000Z,xyz:HOOD,HOOD,0.0000388457,34.02883320
2026-07-09T12:00:00.002000Z,xyz:MU,MU,0.00000625,5.47500000
2026-07-09T13:00:00Z,xyz:AAPL,AAPL,-0.000021615,-18.93474000
2026-07-09T13:00:00Z,BTC,BTC,0.0000125,10.95000000
2026-07-09T13:00:00Z,xyz:COIN,COIN,0.0000063368,5.55103680
2026-07-09T13:00:00Z,xyz:GOLD,GOLD,0.0000095638,8.37788880
2026-07-09T13:00:00Z,xyz:HOOD,HOOD,0.0000248306,21.75160560
2026-07-09T13:00:00Z,xyz:MU,MU,0.00000625,5.47500000
2026-07-09T14:00:00.059000Z,xyz:AAPL,AAPL,-0.0000145042,-12.70567920
2026-07-09T14:00:00.059000Z,BTC,BTC,0.0000125,10.95000000
2026-07-09T14:00:00.059000Z,xyz:COIN,COIN,0.0000127659,11.18292840
2026-07-09T14:00:00.059000Z,xyz:GOLD,GOLD,0.0000077004,6.74555040
2026-07-09T14:00:00.059000Z,xyz:HOOD,HOOD,0.0000227518,19.93057680
2026-07-09T14:00:00.059000Z,xyz:MU,MU,0.0000057321,5.02131960
2026-07-09T15:00:00.019000Z,xyz:AAPL,AAPL,-0.0000182732,-16.00732320
2026-07-09T15:00:00.019000Z,BTC,BTC,0.0000125,10.95000000
2026-07-09T15:00:00.019000Z,xyz:COIN,COIN,0.00000625,5.47500000
2026-07-09T15:00:00.019000Z,xyz:GOLD,GOLD,0.00000625,5.47500000
2026-07-09T15:00:00.019000Z,xyz:HOOD,HOOD,0.0000131967,11.56030920
2026-07-09T15:00:00.019000Z,xyz:MU,MU,-0.0000025752,-2.25587520
2026-07-09T16:00:00.068000Z,xyz:AAPL,AAPL,-0.0000199446,-17.47146960
2026-07-09T16:00:00.068000Z,BTC,BTC,0.0000125,10.95000000
2026-07-09T16:00:00.068000Z,xyz:COIN,COIN,0.0000071335,6.24894600
2026-07-09T16:00:00.068000Z,xyz:GOLD,GOLD,0.00000625,5.47500000
2026-07-09T16:00:00.068000Z,xyz:HOOD,HOOD,0.0000161467,14.14450920
2026-07-09T16:00:00.068000Z,xyz:MU,MU,-0.0000004748,-0.41592480
2026-07-09T17:00:00.028000Z,xyz:AAPL,AAPL,-0.0000186658,-16.35124080
2026-07-09T17:00:00.028000Z,BTC,BTC,0.0000125,10.95000000
2026-07-09T17:00:00.028000Z,xyz:COIN,COIN,0.00000625,5.47500000
2026-07-09T17:00:00.028000Z,xyz:GOLD,GOLD,0.00000625,5.47500000
2026-07-09T17:00:00.028000Z,xyz:HOOD,HOOD,0.00003624,31.74624000
2026-07-09T17:00:00.028000Z,xyz:MU,MU,-0.0000066911,-5.86140360
2026-07-09T18:00:00.034000Z,xyz:AAPL,AAPL,-0.0000137556,-12.04990560
2026-07-09T18:00:00.034000Z,BTC,BTC,0.0000125,10.95000000
2026-07-09T18:00:00.034000Z,xyz:COIN,COIN,0.0000108701,9.52220760
2026-07-09T18:00:00.034000Z,xyz:GOLD,GOLD,0.00000625,5.47500000
2026-07-09T18:00:00.034000Z,xyz:HOOD,HOOD,0.0000280849,24.60237240
2026-07-09T18:00:00.034000Z,xyz:MU,MU,-0.0000039742,-3.48139920
2026-07-09T19:00:00.065000Z,xyz:AAPL,AAPL,-0.0000101918,-8.92801680
2026-07-09T19:00:00.065000Z,BTC,BTC,0.0000125,10.95000000
2026-07-09T19:00:00.065000Z,xyz:COIN,COIN,0.00000625,5.47500000
2026-07-09T19:00:00.065000Z,xyz:GOLD,GOLD,0.00000625,5.47500000
2026-07-09T19:00:00.065000Z,xyz:HOOD,HOOD,0.0000189671,16.61517960
2026-07-09T19:00:00.065000Z,xyz:MU,MU,0.00000625,5.47500000
2026-07-09T20:00:00.026000Z,xyz:AAPL,AAPL,-0.0000083153,-7.28420280
2026-07-09T20:00:00.026000Z,BTC,BTC,0.0000125,10.95000000
2026-07-09T20:00:00.026000Z,xyz:COIN,COIN,0.00000625,5.47500000
2026-07-09T20:00:00.026000Z,xyz:GOLD,GOLD,0.00000625,5.47500000
2026-07-09T20:00:00.026000Z,xyz:HOOD,HOOD,0.0000225629,19.76510040
2026-07-09T20:00:00.026000Z,xyz:MU,MU,0.00000625,5.47500000
2026-07-09T21:00:00.018000Z,xyz:AAPL,AAPL,-0.0000038542,-3.37627920
2026-07-09T21:00:00.018000Z,BTC,BTC,0.0000125,10.95000000
2026-07-09T21:00:00.018000Z,xyz:COIN,COIN,0.0000261545,22.91134200
2026-07-09T21:00:00.018000Z,xyz:GOLD,GOLD,0.0000141453,12.39128280
2026-07-09T21:00:00.018000Z,xyz:HOOD,HOOD,0.0000174748,15.30792480
2026-07-09T21:00:00.018000Z,xyz:MU,MU,0.00000625,5.47500000
2026-07-09T22:00:00.018000Z,xyz:AAPL,AAPL,0.00000625,5.47500000
2026-07-09T22:00:00.018000Z,BTC,BTC,0.0000125,10.95000000
2026-07-09T22:00:00.018000Z,xyz:COIN,COIN,0.0000393594,34.47883440
2026-07-09T22:00:00.018000Z,xyz:GOLD,GOLD,0.0000131147,11.48847720
2026-07-09T22:00:00.018000Z,xyz:HOOD,HOOD,0.00000625,5.47500000
2026-07-09T22:00:00.018000Z,xyz:MU,MU,0.00000625,5.47500000
2026-07-09T23:00:00.113000Z,xyz:AAPL,AAPL,-0.0000126459,-11.07780840
2026-07-09T23:00:00.113000Z,BTC,BTC,0.0000125,10.95000000
2026-07-09T23:00:00.113000Z,xyz:COIN,COIN,0.00000625,5.47500000
2026-07-09T23:00:00.113000Z,xyz:GOLD,GOLD,0.000017018,14.90776800
2026-07-09T23:00:00.113000Z,xyz:HOOD,HOOD,0.0000101122,8.85828720
2026-07-09T23:00:00.113000Z,xyz:MU,MU,0.00000625,5.47500000
2026-07-10T00:00:00.078000Z,xyz:AAPL,AAPL,-0.0000087468,-7.66219680
2026-07-10T00:00:00.078000Z,BTC,BTC,0.0000125,10.95000000
2026-07-10T00:00:00.078000Z,xyz:COIN,COIN,0.00000625,5.47500000
2026-07-10T00:00:00.078000Z,xyz:GOLD,GOLD,0.0000137592,12.05305920
2026-07-10T00:00:00.078000Z,xyz:HOOD,HOOD,0.0000194803,17.06474280
2026-07-10T00:00:00.078000Z,xyz:MU,MU,0.00000625,5.47500000
2026-07-10T01:00:00.006000Z,xyz:AAPL,AAPL,-0.0000058343,-5.11084680
2026-07-10T01:00:00.006000Z,BTC,BTC,0.0000125,10.95000000
2026-07-10T01:00:00.006000Z,xyz:COIN,COIN,0.00000625,5.47500000
2026-07-10T01:00:00.006000Z,xyz:GOLD,GOLD,0.0000144206,12.63244560
2026-07-10T01:00:00.006000Z,xyz:HOOD,HOOD,0.00000625,5.47500000
2026-07-10T01:00:00.006000Z,xyz:MU,MU,0.00000625,5.47500000
2026-07-10T02:00:00.014000Z,xyz:AAPL,AAPL,-0.0000089356,-7.82758560
2026-07-10T02:00:00.014000Z,BTC,BTC,0.0000125,10.95000000
2026-07-10T02:00:00.014000Z,xyz:COIN,COIN,0.00000625,5.47500000
2026-07-10T02:00:00.014000Z,xyz:GOLD,GOLD,0.0000159018,13.92997680
2026-07-10T02:00:00.014000Z,xyz:HOOD,HOOD,0.0000200574,17.57028240
2026-07-10T02:00:00.014000Z,xyz:MU,MU,0.00000625,5.47500000
2026-07-10T03:00:00.026000Z,xyz:AAPL,AAPL,-0.0000106581,-9.33649560
2026-07-10T03:00:00.026000Z,BTC,BTC,0.0000125,10.95000000
2026-07-10T03:00:00.026000Z,xyz:COIN,COIN,0.0000340251,29.80598760
2026-07-10T03:00:00.026000Z,xyz:GOLD,GOLD,0.000020287,17.77141200
2026-07-10T03:00:00.026000Z,xyz:HOOD,HOOD,0.0000243118,21.29713680
2026-07-10T03:00:00.026000Z,xyz:MU,MU,0.00000625,5.47500000
2026-07-10T04:00:00.004000Z,xyz:AAPL,AAPL,-0.0000026022,-2.27952720
2026-07-10T04:00:00.004000Z,BTC,BTC,0.0000125,10.95000000
2026-07-10T04:00:00.004000Z,xyz:COIN,COIN,0.0000318368,27.88903680
2026-07-10T04:00:00.004000Z,xyz:GOLD,GOLD,0.0000189846,16.63050960
2026-07-10T04:00:00.004000Z,xyz:HOOD,HOOD,0.0000241906,21.19096560
2026-07-10T04:00:00.004000Z,xyz:MU,MU,0.0000212544,18.61885440
2026-07-10T05:00:00.103000Z,xyz:AAPL,AAPL,-0.0000208434,-18.25881840
2026-07-10T05:00:00.103000Z,BTC,BTC,0.0000125,10.95000000
2026-07-10T05:00:00.103000Z,xyz:COIN,COIN,0.0000322358,28.23856080
2026-07-10T05:00:00.103000Z,xyz:GOLD,GOLD,0.0000171194,14.99659440
2026-07-10T05:00:00.103000Z,xyz:HOOD,HOOD,0.0000267927,23.47040520
2026-07-10T05:00:00.103000Z,xyz:MU,MU,0.0000248594,21.77683440
2026-07-10T06:00:00.056000Z,xyz:AAPL,AAPL,-0.0000159007,-13.92901320
2026-07-10T06:00:00.056000Z,BTC,BTC,0.0000125,10.95000000
2026-07-10T06:00:00.056000Z,xyz:COIN,COIN,0.0000351911,30.82740360
2026-07-10T06:00:00.056000Z,xyz:GOLD,GOLD,0.0000199234,17.45289840
2026-07-10T06:00:00.056000Z,xyz:HOOD,HOOD,0.0000385871,33.80229960
2026-07-10T06:00:00.056000Z,xyz:MU,MU,0.00000625,5.47500000
2026-07-10T07:00:00.075000Z,xyz:AAPL,AAPL,0.0000022306,1.95400560
2026-07-10T07:00:00.075000Z,BTC,BTC,0.0000125,10.95000000
2026-07-10T07:00:00.075000Z,xyz:COIN,COIN,0.000034411,30.14403600
2026-07-10T07:00:00.075000Z,xyz:GOLD,GOLD,0.000012956,11.34945600
2026-07-10T07:00:00.075000Z,xyz:HOOD,HOOD,0.000024222,21.21847200
2026-07-10T07:00:00.075000Z,xyz:MU,MU,0.00000625,5.47500000
2026-07-10T08:00:00.011000Z,xyz:AAPL,AAPL,-0.0000103374,-9.05556240
2026-07-10T08:00:00.011000Z,BTC,BTC,0.0000125,10.95000000
2026-07-10T08:00:00.011000Z,xyz:COIN,COIN,0.000048722,42.68047200
2026-07-10T08:00:00.011000Z,xyz:GOLD,GOLD,0.00000625,5.47500000
2026-07-10T08:00:00.011000Z,xyz:HOOD,HOOD,0.0000337137,29.53320120
2026-07-10T08:00:00.011000Z,xyz:MU,MU,0.00000625,5.47500000
2026-07-10T09:00:00.001000Z,xyz:AAPL,AAPL,-0.0000179353,-15.71132280
2026-07-10T09:00:00.001000Z,BTC,BTC,0.0000125,10.95000000
2026-07-10T09:00:00.001000Z,xyz:COIN,COIN,0.0000373313,32.70221880
2026-07-10T09:00:00.001000Z,xyz:GOLD,GOLD,0.00000625,5.47500000
2026-07-10T09:00:00.001000Z,xyz:HOOD,HOOD,0.0000351349,30.77817240
2026-07-10T09:00:00.001000Z,xyz:MU,MU,0.0000134564,11.78780640
2026-07-10T10:00:00.010000Z,xyz:AAPL,AAPL,-0.0000176993,-15.50458680
2026-07-10T10:00:00.010000Z,BTC,BTC,0.0000125,10.95000000
2026-07-10T10:00:00.010000Z,xyz:COIN,COIN,0.0000259922,22.76916720
2026-07-10T10:00:00.010000Z,xyz:GOLD,GOLD,0.0000156092,13.67365920
2026-07-10T10:00:00.010000Z,xyz:HOOD,HOOD,0.0000522037,45.73044120
2026-07-10T10:00:00.010000Z,xyz:MU,MU,0.0000063521,5.56443960
2026-07-10T11:00:00.063000Z,xyz:AAPL,AAPL,-0.0000089625,-7.85115000
2026-07-10T11:00:00.063000Z,BTC,BTC,0.0000125,10.95000000
2026-07-10T11:00:00.063000Z,xyz:COIN,COIN,0.0000250825,21.97227000
2026-07-10T11:00:00.063000Z,xyz:GOLD,GOLD,0.000019949,17.47532400
2026-07-10T11:00:00.063000Z,xyz:HOOD,HOOD,0.000028999,25.40312400
2026-07-10T11:00:00.063000Z,xyz:MU,MU,0.00000625,5.47500000
2026-07-10T12:00:00.048000Z,xyz:AAPL,AAPL,-0.0000219972,-19.26954720
2026-07-10T12:00:00.048000Z,BTC,BTC,0.0000125,10.95000000
2026-07-10T12:00:00.048000Z,xyz:COIN,COIN,0.0000193036,16.90995360
2026-07-10T12:00:00.048000Z,xyz:GOLD,GOLD,0.0000121451,10.63910760
2026-07-10T12:00:00.048000Z,xyz:HOOD,HOOD,0.0000202081,17.70229560
2026-07-10T12:00:00.048000Z,xyz:MU,MU,0.0000193502,16.95077520
2026-07-10T13:00:00.040000Z,xyz:AAPL,AAPL,-0.0000295354,-25.87301040
2026-07-10T13:00:00.040000Z,BTC,BTC,0.0000125,10.95000000
2026-07-10T13:00:00.040000Z,xyz:COIN,COIN,0.0000135133,11.83765080
2026-07-10T13:00:00.040000Z,xyz:GOLD,GOLD,0.0000178768,15.66007680
2026-07-10T13:00:00.040000Z,xyz:HOOD,HOOD,0.0000467702,40.97069520
2026-07-10T13:00:00.040000Z,xyz:MU,MU,0.000034578,30.29032800
2026-07-10T14:00:00.038000Z,xyz:AAPL,AAPL,-0.0000104748,-9.17592480
2026-07-10T14:00:00.038000Z,BTC,BTC,0.0000125,10.95000000
2026-07-10T14:00:00.038000Z,xyz:COIN,COIN,0.000011911,10.43403600
2026-07-10T14:00:00.038000Z,xyz:GOLD,GOLD,0.0000135065,11.83169400
2026-07-10T14:00:00.038000Z,xyz:HOOD,HOOD,0.0000272957,23.91103320
2026-07-10T14:00:00.038000Z,xyz:MU,MU,0.0000228721,20.03595960
2026-07-10T15:00:00.058000Z,xyz:AAPL,AAPL,-0.000015961,-13.98183600
2026-07-10T15:00:00.058000Z,BTC,BTC,0.0000125,10.95000000
2026-07-10T15:00:00.058000Z,xyz:COIN,COIN,0.0000085245,7.46746200
2026-07-10T15:00:00.058000Z,xyz:GOLD,GOLD,0.0000205166,17.97254160
2026-07-10T15:00:00.058000Z,xyz:HOOD,HOOD,0.00000625,5.47500000
2026-07-10T15:00:00.058000Z,xyz:MU,MU,0.0000182969,16.02808440
2026-07-10T16:00:00.002000Z,xyz:AAPL,AAPL,-0.0000110193,-9.65290680
2026-07-10T16:00:00.002000Z,BTC,BTC,0.0000125,10.95000000
2026-07-10T16:00:00.002000Z,xyz:COIN,COIN,0.0000242087,21.20682120
2026-07-10T16:00:00.002000Z,xyz:GOLD,GOLD,0.0000209019,18.31006440
2026-07-10T16:00:00.002000Z,xyz:HOOD,HOOD,0.0000090351,7.91474760
2026-07-10T16:00:00.002000Z,xyz:MU,MU,0.0000063842,5.59255920
2026-07-10T17:00:00.023000Z,xyz:AAPL,AAPL,-0.0000190952,-16.72739520
2026-07-10T17:00:00.023000Z,BTC,BTC,0.0000125,10.95000000
2026-07-10T17:00:00.023000Z,xyz:COIN,COIN,0.0000271395,23.77420200
2026-07-10T17:00:00.023000Z,xyz:GOLD,GOLD,0.0000126289,11.06291640
2026-07-10T17:00:00.023000Z,xyz:HOOD,HOOD,0.0000194434,17.03241840
2026-07-10T17:00:00.023000Z,xyz:MU,MU,0.00000625,5.47500000
2026-07-10T18:00:00.023000Z,xyz:AAPL,AAPL,-0.0000157972,-13.83834720
2026-07-10T18:00:00.023000Z,BTC,BTC,0.0000125,10.95000000
2026-07-10T18:00:00.023000Z,xyz:COIN,COIN,0.00000625,5.47500000
2026-07-10T18:00:00.023000Z,xyz:GOLD,GOLD,0.0000198415,17.38115400
2026-07-10T18:00:00.023000Z,xyz:HOOD,HOOD,0.00000625,5.47500000
2026-07-10T18:00:00.023000Z,xyz:MU,MU,0.00000625,5.47500000
2026-07-10T19:00:00.029000Z,xyz:AAPL,AAPL,-0.0000259206,-22.70644560
2026-07-10T19:00:00.029000Z,BTC,BTC,0.0000125,10.95000000
2026-07-10T19:00:00.029000Z,xyz:COIN,COIN,0.00000625,5.47500000
2026-07-10T19:00:00.029000Z,xyz:GOLD,GOLD,0.0000131096,11.48400960
2026-07-10T19:00:00.029000Z,xyz:HOOD,HOOD,0.00000625,5.47500000
2026-07-10T19:00:00.029000Z,xyz:MU,MU,0.00000625,5.47500000
2026-07-10T20:00:00.039000Z,xyz:AAPL,AAPL,-0.0000289792,-25.38577920
2026-07-10T20:00:00.039000Z,BTC,BTC,0.0000125,10.95000000
2026-07-10T20:00:00.039000Z,xyz:COIN,COIN,0.0000217347,19.03959720
2026-07-10T20:00:00.039000Z,xyz:GOLD,GOLD,0.000008655,7.58178000
2026-07-10T20:00:00.039000Z,xyz:HOOD,HOOD,0.0000085024,7.44810240
2026-07-10T20:00:00.039000Z,xyz:MU,MU,0.00000625,5.47500000
2026-07-10T21:00:00.032000Z,xyz:AAPL,AAPL,-0.0000131909,-11.55522840
2026-07-10T21:00:00.032000Z,BTC,BTC,0.0000125,10.95000000
2026-07-10T21:00:00.032000Z,xyz:COIN,COIN,0.00000625,5.47500000
2026-07-10T21:00:00.032000Z,xyz:GOLD,GOLD,0.00000625,5.47500000
2026-07-10T21:00:00.032000Z,xyz:HOOD,HOOD,0.00000625,5.47500000
2026-07-10T21:00:00.032000Z,xyz:MU,MU,0.0000157914,13.83326640
2026-07-10T22:00:00.008000Z,xyz:AAPL,AAPL,-0.0000165219,-14.47318440
2026-07-10T22:00:00.008000Z,BTC,BTC,0.0000125,10.95000000
2026-07-10T22:00:00.008000Z,xyz:COIN,COIN,0.00000625,5.47500000
2026-07-10T22:00:00.008000Z,xyz:GOLD,GOLD,0.00000625,5.47500000
2026-07-10T22:00:00.008000Z,xyz:HOOD,HOOD,0.00000625,5.47500000
2026-07-10T22:00:00.008000Z,xyz:MU,MU,0.0000064376,5.63933760
2026-07-10T23:00:00.054000Z,xyz:AAPL,AAPL,-0.0000059225,-5.18811000
2026-07-10T23:00:00.054000Z,BTC,BTC,0.0000125,10.95000000
2026-07-10T23:00:00.054000Z,xyz:COIN,COIN,0.00000625,5.47500000
2026-07-10T23:00:00.054000Z,xyz:GOLD,GOLD,0.00000625,5.47500000
2026-07-10T23:00:00.054000Z,xyz:HOOD,HOOD,0.00000625,5.47500000
2026-07-10T23:00:00.054000Z,xyz:MU,MU,0.0000174749,15.30801240
2026-07-11T00:00:00.046000Z,xyz:AAPL,AAPL,0.00000625,5.47500000
2026-07-11T00:00:00.046000Z,BTC,BTC,0.0000125,10.95000000
2026-07-11T00:00:00.046000Z,xyz:COIN,COIN,0.00000625,5.47500000
2026-07-11T00:00:00.046000Z,xyz:GOLD,GOLD,0.00000625,5.47500000
2026-07-11T00:00:00.046000Z,xyz:HOOD,HOOD,0.00000625,5.47500000
2026-07-11T00:00:00.046000Z,xyz:MU,MU,0.000011609,10.16948400
2026-07-11T01:00:00.003000Z,xyz:AAPL,AAPL,0.0000584353,51.18932280
2026-07-11T01:00:00.003000Z,BTC,BTC,0.0000125,10.95000000
2026-07-11T01:00:00.003000Z,xyz:COIN,COIN,-0.000037457,-32.81233200
2026-07-11T01:00:00.003000Z,xyz:GOLD,GOLD,0.00000625,5.47500000
2026-07-11T01:00:00.003000Z,xyz:HOOD,HOOD,-0.0000493139,-43.19897640
2026-07-11T01:00:00.003000Z,xyz:MU,MU,-0.0000403311,-35.33004360
2026-07-11T02:00:00.086000Z,xyz:AAPL,AAPL,0.00000625,5.47500000
2026-07-11T02:00:00.086000Z,BTC,BTC,0.0000125,10.95000000
2026-07-11T02:00:00.086000Z,xyz:COIN,COIN,0.00000625,5.47500000
2026-07-11T02:00:00.086000Z,xyz:GOLD,GOLD,0.00000625,5.47500000
2026-07-11T02:00:00.086000Z,xyz:HOOD,HOOD,0.0000037411,3.27720360
2026-07-11T02:00:00.086000Z,xyz:MU,MU,-0.0000344523,-30.18021480
2026-07-11T03:00:00.061000Z,xyz:AAPL,AAPL,0.00000625,5.47500000
2026-07-11T03:00:00.061000Z,BTC,BTC,0.0000125,10.95000000
2026-07-11T03:00:00.061000Z,xyz:COIN,COIN,0.00000625,5.47500000
2026-07-11T03:00:00.061000Z,xyz:GOLD,GOLD,0.00000625,5.47500000
2026-07-11T03:00:00.061000Z,xyz:HOOD,HOOD,-0.0000125742,-11.01499920
2026-07-11T03:00:00.061000Z,xyz:MU,MU,0.0000604733,52.97461080
2026-07-11T04:00:00Z,xyz:AAPL,AAPL,0.00000625,5.47500000
2026-07-11T04:00:00Z,BTC,BTC,0.0000125,10.95000000
2026-07-11T04:00:00Z,xyz:COIN,COIN,0.00000625,5.47500000
2026-07-11T04:00:00Z,xyz:GOLD,GOLD,0.00000625,5.47500000
2026-07-11T04:00:00Z,xyz:HOOD,HOOD,-0.0000159448,-13.96764480
2026-07-11T04:00:00Z,xyz:MU,MU,0.00000625,5.47500000
2026-07-11T05:00:00.014000Z,xyz:AAPL,AAPL,-0.0000118497,-10.38033720
2026-07-11T05:00:00.014000Z,BTC,BTC,0.0000125,10.95000000
2026-07-11T05:00:00.014000Z,xyz:COIN,COIN,0.00000625,5.47500000
2026-07-11T05:00:00.014000Z,xyz:GOLD,GOLD,0.00000625,5.47500000
2026-07-11T05:00:00.014000Z,xyz:HOOD,HOOD,-0.0000012682,-1.11094320
2026-07-11T05:00:00.014000Z,xyz:MU,MU,0.00000625,5.47500000
2026-07-11T06:00:00.004000Z,xyz:AAPL,AAPL,-0.0000119243,-10.44568680
2026-07-11T06:00:00.004000Z,BTC,BTC,0.0000125,10.95000000
2026-07-11T06:00:00.004000Z,xyz:COIN,COIN,0.0000238368,20.88103680
2026-07-11T06:00:00.004000Z,xyz:GOLD,GOLD,0.00000625,5.47500000
2026-07-11T06:00:00.004000Z,xyz:HOOD,HOOD,0.00000625,5.47500000
2026-07-11T06:00:00.004000Z,xyz:MU,MU,0.00000625,5.47500000
2026-07-11T07:00:00.002000Z,xyz:AAPL,AAPL,0.00000625,5.47500000
2026-07-11T07:00:00.002000Z,BTC,BTC,0.0000125,10.95000000
2026-07-11T07:00:00.002000Z,xyz:COIN,COIN,0.0000785476,68.80769760
2026-07-11T07:00:00.002000Z,xyz:GOLD,GOLD,0.00000625,5.47500000
2026-07-11T07:00:00.002000Z,xyz:HOOD,HOOD,0.0000062767,5.49838920
2026-07-11T07:00:00.002000Z,xyz:MU,MU,0.000009197,8.05657200
2026-07-11T08:00:00.047000Z,xyz:AAPL,AAPL,0.00000625,5.47500000
2026-07-11T08:00:00.047000Z,BTC,BTC,0.0000125,10.95000000
2026-07-11T08:00:00.047000Z,xyz:COIN,COIN,0.0000722348,63.27768480
2026-07-11T08:00:00.047000Z,xyz:GOLD,GOLD,0.00000625,5.47500000
2026-07-11T08:00:00.047000Z,xyz:HOOD,HOOD,0.0000693387,60.74070120
2026-07-11T08:00:00.047000Z,xyz:MU,MU,0.0000218374,19.12956240
2026-07-11T09:00:00.015000Z,xyz:AAPL,AAPL,0.00000625,5.47500000
2026-07-11T09:00:00.015000Z,BTC,BTC,0.0000125,10.95000000
2026-07-11T09:00:00.015000Z,xyz:COIN,COIN,0.0000774016,67.80380160
2026-07-11T09:00:00.015000Z,xyz:GOLD,GOLD,0.00000625,5.47500000
2026-07-11T09:00:00.015000Z,xyz:HOOD,HOOD,0.0000862451,75.55070760
2026-07-11T09:00:00.015000Z,xyz:MU,MU,0.0000104714,9.17294640
2026-07-11T10:00:00.064000Z,xyz:AAPL,AAPL,-0.0000024704,-2.16407040
2026-07-11T10:00:00.064000Z,BTC,BTC,0.0000125,10.95000000
2026-07-11T10:00:00.064000Z,xyz:COIN,COIN,0.0000099033,8.67529080
2026-07-11T10:00:00.064000Z,xyz:GOLD,GOLD,0.00000625,5.47500000
2026-07-11T10:00:00.064000Z,xyz:HOOD,HOOD,0.0000602764,52.80212640
2026-07-11T10:00:00.064000Z,xyz:MU,MU,0.00000625,5.47500000
2026-07-11T11:00:00.007000Z,xyz:AAPL,AAPL,-0.0000123062,-10.78023120
2026-07-11T11:00:00.007000Z,BTC,BTC,0.0000125,10.95000000
2026-07-11T11:00:00.007000Z,xyz:COIN,COIN,0.0000027908,2.44474080
2026-07-11T11:00:00.007000Z,xyz:GOLD,GOLD,0.00000625,5.47500000
2026-07-11T11:00:00.007000Z,xyz:HOOD,HOOD,0.00000625,5.47500000
2026-07-11T11:00:00.007000Z,xyz:MU,MU,0.00000625,5.47500000
2026-07-11T12:00:00.045000Z,xyz:AAPL,AAPL,0.00000625,5.47500000
2026-07-11T12:00:00.045000Z,BTC,BTC,0.0000125,10.95000000
2026-07-11T12:00:00.045000Z,xyz:COIN,COIN,-0.0000686148,-60.10656480
2026-07-11T12:00:00.045000Z,xyz:GOLD,GOLD,0.00000625,5.47500000
2026-07-11T12:00:00.045000Z,xyz:HOOD,HOOD,-0.0000180644,-15.82441440
2026-07-11T12:00:00.045000Z,xyz:MU,MU,0.0000078023,6.83481480
2026-07-11T13:00:00.057000Z,xyz:AAPL,AAPL,0.00000625,5.47500000
2026-07-11T13:00:00.057000Z,BTC,BTC,0.0000125,10.95000000
2026-07-11T13:00:00.057000Z,xyz:COIN,COIN,0.00000625,5.47500000
2026-07-11T13:00:00.057000Z,xyz:GOLD,GOLD,0.00000625,5.47500000
2026-07-11T13:00:00.057000Z,xyz:HOOD,HOOD,0.0000154679,13.54988040
2026-07-11T13:00:00.057000Z,xyz:MU,MU,0.0000080441,7.04663160
2026-07-11T14:00:00.068000Z,xyz:AAPL,AAPL,0.00000625,5.47500000
2026-07-11T14:00:00.068000Z,BTC,BTC,0.0000125,10.95000000
2026-07-11T14:00:00.068000Z,xyz:COIN,COIN,0.00000625,5.47500000
2026-07-11T14:00:00.068000Z,xyz:GOLD,GOLD,0.00000625,5.47500000
2026-07-11T14:00:00.068000Z,xyz:HOOD,HOOD,0.0000549327,48.12104520
2026-07-11T14:00:00.068000Z,xyz:MU,MU,-0.0000452476,-39.63689760
2026-07-11T15:00:00.046000Z,xyz:AAPL,AAPL,0.00000625,5.47500000
2026-07-11T15:00:00.046000Z,BTC,BTC,0.0000125,10.95000000
2026-07-11T15:00:00.046000Z,xyz:COIN,COIN,0.0000398502,34.90877520
2026-07-11T15:00:00.046000Z,xyz:GOLD,GOLD,0.00000625,5.47500000
2026-07-11T15:00:00.046000Z,xyz:HOOD,HOOD,0.0000743236,65.10747360
2026-07-11T15:00:00.046000Z,xyz:MU,MU,-0.0000305569,-26.76784440
2026-07-11T16:00:00.012000Z,xyz:AAPL,AAPL,0.00000625,5.47500000
2026-07-11T16:00:00.012000Z,BTC,BTC,0.0000125,10.95000000
2026-07-11T16:00:00.012000Z,xyz:COIN,COIN,-0.0000043405,-3.80227800
2026-07-11T16:00:00.012000Z,xyz:GOLD,GOLD,-0.0000121031,-10.60231560
2026-07-11T16:00:00.012000Z,xyz:HOOD,HOOD,-0.0000544205,-47.67235800
2026-07-11T16:00:00.012000Z,xyz:MU,MU,-0.0000062442,-5.46991920
2026-07-11T17:00:00.042000Z,xyz:AAPL,AAPL,0.0000023548,2.06280480
2026-07-11T17:00:00.042000Z,BTC,BTC,0.0000125,10.95000000
2026-07-11T17:00:00.042000Z,xyz:COIN,COIN,0.0000079431,6.95815560
2026-07-11T17:00:00.042000Z,xyz:GOLD,GOLD,0.00000625,5.47500000
2026-07-11T17:00:00.042000Z,xyz:HOOD,HOOD,-0.0000866376,-75.89453760
2026-07-11T17:00:00.042000Z,xyz:MU,MU,0.00000625,5.47500000
2026-07-11T18:00:00.014000Z,xyz:AAPL,AAPL,0.0000106447,9.32475720
2026-07-11T18:00:00.014000Z,BTC,BTC,0.0000125,10.95000000
2026-07-11T18:00:00.014000Z,xyz:COIN,COIN,0.0000500647,43.85667720
2026-07-11T18:00:00.014000Z,xyz:GOLD,GOLD,0.00000625,5.47500000
2026-07-11T18:00:00.014000Z,xyz:HOOD,HOOD,0.0000136523,11.95941480
2026-07-11T18:00:00.014000Z,xyz:MU,MU,0.0000512597,44.90349720
2026-07-11T19:00:00.040000Z,xyz:AAPL,AAPL,0.00000625,5.47500000
2026-07-11T19:00:00.040000Z,BTC,BTC,0.0000125,10.95000000
2026-07-11T19:00:00.040000Z,xyz:COIN,COIN,0.000042311,37.06443600
2026-07-11T19:00:00.040000Z,xyz:GOLD,GOLD,0.00000625,5.47500000
2026-07-11T19:00:00.040000Z,xyz:HOOD,HOOD,0.0000589362,51.62811120
2026-07-11T19:00:00.040000Z,xyz:MU,MU,0.00000625,5.47500000
2026-07-11T20:00:00.027000Z,xyz:AAPL,AAPL,0.00000625,5.47500000
2026-07-11T20:00:00.027000Z,BTC,BTC,0.0000125,10.95000000
2026-07-11T20:00:00.027000Z,xyz:COIN,COIN,0.00000625,5.47500000
2026-07-11T20:00:00.027000Z,xyz:GOLD,GOLD,0.00000625,5.47500000
2026-07-11T20:00:00.027000Z,xyz:HOOD,HOOD,0.0000359087,31.45602120
2026-07-11T20:00:00.027000Z,xyz:MU,MU,0.0000172162,15.08139120
2026-07-11T21:00:00.018000Z,xyz:AAPL,AAPL,0.00000625,5.47500000
2026-07-11T21:00:00.018000Z,BTC,BTC,0.0000125,10.95000000
2026-07-11T21:00:00.018000Z,xyz:COIN,COIN,0.0000145637,12.75780120
2026-07-11T21:00:00.018000Z,xyz:GOLD,GOLD,0.00000625,5.47500000
2026-07-11T21:00:00.018000Z,xyz:HOOD,HOOD,0.00000625,5.47500000
2026-07-11T21:00:00.018000Z,xyz:MU,MU,0.00000625,5.47500000
2026-07-11T22:00:00.055000Z,xyz:AAPL,AAPL,0.00000625,5.47500000
2026-07-11T22:00:00.055000Z,BTC,BTC,0.0000125,10.95000000
2026-07-11T22:00:00.055000Z,xyz:COIN,COIN,-0.0000011321,-0.99171960
2026-07-11T22:00:00.055000Z,xyz:GOLD,GOLD,0.0000035305,3.09271800
2026-07-11T22:00:00.055000Z,xyz:HOOD,HOOD,-0.0000085547,-7.49391720
2026-07-11T22:00:00.055000Z,xyz:MU,MU,-0.0000222672,-19.50606720
2026-07-11T23:00:00Z,xyz:AAPL,AAPL,-0.0000259993,-22.77538680
2026-07-11T23:00:00Z,BTC,BTC,0.0000125,10.95000000
2026-07-11T23:00:00Z,xyz:COIN,COIN,-0.0001053253,-92.26496280
2026-07-11T23:00:00Z,xyz:GOLD,GOLD,0.00000625,5.47500000
2026-07-11T23:00:00Z,xyz:HOOD,HOOD,-0.0000251518,-22.03297680
2026-07-11T23:00:00Z,xyz:MU,MU,-0.0000595796,-52.19172960
2026-07-12T00:00:00.016000Z,xyz:AAPL,AAPL,-0.0000083722,-7.33404720
2026-07-12T00:00:00.016000Z,BTC,BTC,0.0000125,10.95000000
2026-07-12T00:00:00.016000Z,xyz:COIN,COIN,-0.000212755,-186.37338000
2026-07-12T00:00:00.016000Z,xyz:GOLD,GOLD,0.00000625,5.47500000
2026-07-12T00:00:00.016000Z,xyz:HOOD,HOOD,-0.0000855181,-74.91385560
2026-07-12T00:00:00.016000Z,xyz:MU,MU,-0.0001330879,-116.58500040
2026-07-12T01:00:00.039000Z,xyz:AAPL,AAPL,-0.0000333325,-29.19927000
2026-07-12T01:00:00.039000Z,BTC,BTC,0.0000125,10.95000000
2026-07-12T01:00:00.039000Z,xyz:COIN,COIN,-0.0001405298,-123.10410480
2026-07-12T01:00:00.039000Z,xyz:GOLD,GOLD,0.0000048291,4.23029160
2026-07-12T01:00:00.039000Z,xyz:HOOD,HOOD,-0.0000170125,-14.90295000
2026-07-12T01:00:00.039000Z,xyz:MU,MU,0.00000625,5.47500000
2026-07-12T02:00:00.006000Z,xyz:AAPL,AAPL,0.00000625,5.47500000
2026-07-12T02:00:00.006000Z,BTC,BTC,0.0000125,10.95000000
2026-07-12T02:00:00.006000Z,xyz:COIN,COIN,0.0000544706,47.71624560
2026-07-12T02:00:00.006000Z,xyz:GOLD,GOLD,0.00000625,5.47500000
2026-07-12T02:00:00.006000Z,xyz:HOOD,HOOD,0.0000189732,16.62052320
2026-07-12T02:00:00.006000Z,xyz:MU,MU,-0.0000241647,-21.16827720
2026-07-12T03:00:00.028000Z,xyz:AAPL,AAPL,-0.0000327308,-28.67218080
2026-07-12T03:00:00.028000Z,BTC,BTC,0.0000125,10.95000000
2026-07-12T03:00:00.028000Z,xyz:COIN,COIN,0.0000266856,23.37658560
2026-07-12T03:00:00.028000Z,xyz:GOLD,GOLD,0.00000625,5.47500000
2026-07-12T03:00:00.028000Z,xyz:HOOD,HOOD,0.00000625,5.47500000
2026-07-12T03:00:00.028000Z,xyz:MU,MU,0.00000625,5.47500000
2026-07-12T04:00:00.023000Z,xyz:AAPL,AAPL,0.0000026196,2.29476960
2026-07-12T04:00:00.023000Z,BTC,BTC,0.0000125,10.95000000
2026-07-12T04:00:00.023000Z,xyz:COIN,COIN,0.0000327727,28.70888520
2026-07-12T04:00:00.023000Z,xyz:GOLD,GOLD,0.00000625,5.47500000
2026-07-12T04:00:00.023000Z,xyz:HOOD,HOOD,0.000008993,7.87786800
2026-07-12T04:00:00.023000Z,xyz:MU,MU,0.00000625,5.47500000
2026-07-12T05:00:00.029000Z,xyz:AAPL,AAPL,0.00000625,5.47500000
2026-07-12T05:00:00.029000Z,BTC,BTC,0.0000125,10.95000000
2026-07-12T05:00:00.029000Z,xyz:COIN,COIN,-0.0000019788,-1.73342880
2026-07-12T05:00:00.029000Z,xyz:GOLD,GOLD,0.00000625,5.47500000
2026-07-12T05:00:00.029000Z,xyz:HOOD,HOOD,0.00000625,5.47500000
2026-07-12T05:00:00.029000Z,xyz:MU,MU,0.00000625,5.47500000
2026-07-12T06:00:00.033000Z,xyz:AAPL,AAPL,0.00000625,5.47500000
2026-07-12T06:00:00.033000Z,BTC,BTC,0.0000125,10.95000000
2026-07-12T06:00:00.033000Z,xyz:COIN,COIN,-0.0000107212,-9.39177120
2026-07-12T06:00:00.033000Z,xyz:GOLD,GOLD,0.0000031971,2.80065960
2026-07-12T06:00:00.033000Z,xyz:HOOD,HOOD,0.00000625,5.47500000
2026-07-12T06:00:00.033000Z,xyz:MU,MU,0.00000625,5.47500000
2026-07-12T07:00:00.036000Z,xyz:AAPL,AAPL,-0.0000056152,-4.91891520
2026-07-12T07:00:00.036000Z,BTC,BTC,0.0000125,10.95000000
2026-07-12T07:00:00.036000Z,xyz:COIN,COIN,-0.0000678202,-59.41049520
2026-07-12T07:00:00.036000Z,xyz:GOLD,GOLD,0.00000625,5.47500000
2026-07-12T07:00:00.036000Z,xyz:HOOD,HOOD,-0.0000507048,-44.41740480
2026-07-12T07:00:00.036000Z,xyz:MU,MU,-0.0000635789,-55.69511640
2026-07-12T08:00:00.016000Z,xyz:AAPL,AAPL,0.0000032054,2.80793040
2026-07-12T08:00:00.016000Z,BTC,BTC,0.0000125,10.95000000
2026-07-12T08:00:00.016000Z,xyz:COIN,COIN,0.00000625,5.47500000
2026-07-12T08:00:00.016000Z,xyz:GOLD,GOLD,0.00000625,5.47500000
2026-07-12T08:00:00.016000Z,xyz:HOOD,HOOD,0.00000625,5.47500000
2026-07-12T08:00:00.016000Z,xyz:MU,MU,-0.0000149333,-13.08157080
2026-07-12T09:00:00.011000Z,xyz:AAPL,AAPL,0.00000625,5.47500000
2026-07-12T09:00:00.011000Z,BTC,BTC,0.0000125,10.95000000
2026-07-12T09:00:00.011000Z,xyz:COIN,COIN,0.0000922422,80.80416720
2026-07-12T09:00:00.011000Z,xyz:GOLD,GOLD,0.00000625,5.47500000
2026-07-12T09:00:00.011000Z,xyz:HOOD,HOOD,0.0000678249,59.41461240
2026-07-12T09:00:00.011000Z,xyz:MU,MU,0.0000332045,29.08714200
2026-07-12T10:00:00.018000Z,xyz:AAPL,AAPL,0.00000625,5.47500000
2026-07-12T10:00:00.018000Z,BTC,BTC,0.0000125,10.95000000
2026-07-12T10:00:00.018000Z,xyz:COIN,COIN,0.00000625,5.47500000
2026-07-12T10:00:00.018000Z,xyz:GOLD,GOLD,0.00000625,5.47500000
2026-07-12T10:00:00.018000Z,xyz:HOOD,HOOD,0.00000625,5.47500000
2026-07-12T10:00:00.018000Z,xyz:MU,MU,0.0000539403,47.25170280
2026-07-12T11:00:00.026000Z,xyz:AAPL,AAPL,0.00000625,5.47500000
2026-07-12T11:00:00.026000Z,BTC,BTC,0.0000125,10.95000000
2026-07-12T11:00:00.026000Z,xyz:COIN,COIN,-0.0000264295,-23.15224200
2026-07-12T11:00:00.026000Z,xyz:GOLD,GOLD,0.00000625,5.47500000
2026-07-12T11:00:00.026000Z,xyz:HOOD,HOOD,-0.000001654,-1.44890400
2026-07-12T11:00:00.026000Z,xyz:MU,MU,0.0000135979,11.91176040
2026-07-12T12:00:00.051000Z,xyz:AAPL,AAPL,0.00000625,5.47500000
2026-07-12T12:00:00.051000Z,BTC,BTC,0.0000125,10.95000000
2026-07-12T12:00:00.051000Z,xyz:COIN,COIN,0.00000625,5.47500000
2026-07-12T12:00:00.051000Z,xyz:GOLD,GOLD,0.00000625,5.47500000
2026-07-12T12:00:00.051000Z,xyz:HOOD,HOOD,0.0000131152,11.48891520
2026-07-12T12:00:00.051000Z,xyz:MU,MU,0.0000601087,52.65522120
2026-07-12T13:00:00.002000Z,xyz:AAPL,AAPL,0.00000625,5.47500000
2026-07-12T13:00:00.002000Z,BTC,BTC,0.0000125,10.95000000
2026-07-12T13:00:00.002000Z,xyz:COIN,COIN,0.00000625,5.47500000
2026-07-12T13:00:00.002000Z,xyz:GOLD,GOLD,0.00000625,5.47500000
2026-07-12T13:00:00.002000Z,xyz:HOOD,HOOD,0.00000625,5.47500000
2026-07-12T13:00:00.002000Z,xyz:MU,MU,0.00000625,5.47500000
2026-07-12T14:00:00.005000Z,xyz:AAPL,AAPL,0.00000625,5.47500000
2026-07-12T14:00:00.005000Z,BTC,BTC,0.0000125,10.95000000
2026-07-12T14:00:00.005000Z,xyz:COIN,COIN,-0.0000043578,-3.81743280
2026-07-12T14:00:00.005000Z,xyz:GOLD,GOLD,0.0000031933,2.79733080
2026-07-12T14:00:00.005000Z,xyz:HOOD,HOOD,0.0000087471,7.66245960
2026-07-12T14:00:00.005000Z,xyz:MU,MU,0.00000625,5.47500000
2026-07-12T15:00:00.049000Z,xyz:AAPL,AAPL,0.00000625,5.47500000
2026-07-12T15:00:00.049000Z,BTC,BTC,0.0000125,10.95000000
2026-07-12T15:00:00.049000Z,xyz:COIN,COIN,0.00000625,5.47500000
2026-07-12T15:00:00.049000Z,xyz:GOLD,GOLD,0.00000625,5.47500000
2026-07-12T15:00:00.049000Z,xyz:HOOD,HOOD,0.000037958,33.25120800
2026-07-12T15:00:00.049000Z,xyz:MU,MU,0.00000625,5.47500000
2026-07-12T16:00:00.038000Z,xyz:AAPL,AAPL,0.0000137792,12.07057920
2026-07-12T16:00:00.038000Z,BTC,BTC,0.0000125,10.95000000
2026-07-12T16:00:00.038000Z,xyz:COIN,COIN,0.0000193684,16.96671840
2026-07-12T16:00:00.038000Z,xyz:GOLD,GOLD,0.0000118919,10.41730440
2026-07-12T16:00:00.038000Z,xyz:HOOD,HOOD,0.0000295802,25.91225520
2026-07-12T16:00:00.038000Z,xyz:MU,MU,0.00000625,5.47500000
2026-07-12T17:00:00.033000Z,xyz:AAPL,AAPL,0.00000625,5.47500000
2026-07-12T17:00:00.033000Z,BTC,BTC,0.0000125,10.95000000
2026-07-12T17:00:00.033000Z,xyz:COIN,COIN,-0.0000082351,-7.21394760
2026-07-12T17:00:00.033000Z,xyz:GOLD,GOLD,0.00000625,5.47500000
2026-07-12T17:00:00.033000Z,xyz:HOOD,HOOD,0.0000155463,13.61855880
2026-07-12T17:00:00.033000Z,xyz:MU,MU,0.00000625,5.47500000
2026-07-12T18:00:00.074000Z,xyz:AAPL,AAPL,0.00000625,5.47500000
2026-07-12T18:00:00.074000Z,BTC,BTC,0.0000125,10.95000000
2026-07-12T18:00:00.074000Z,xyz:COIN,COIN,0.0000060063,5.26151880
2026-07-12T18:00:00.074000Z,xyz:GOLD,GOLD,0.000001775,1.55490000
2026-07-12T18:00:00.074000Z,xyz:HOOD,HOOD,0.00000625,5.47500000
2026-07-12T18:00:00.074000Z,xyz:MU,MU,0.00000625,5.47500000
2026-07-12T19:00:00.028000Z,xyz:AAPL,AAPL,0.00000625,5.47500000
2026-07-12T19:00:00.028000Z,BTC,BTC,0.0000125,10.95000000
2026-07-12T19:00:00.028000Z,xyz:COIN,COIN,0.0000023429,2.05238040
2026-07-12T19:00:00.028000Z,xyz:GOLD,GOLD,0.00000625,5.47500000
2026-07-12T19:00:00.028000Z,xyz:HOOD,HOOD,-0.000001158,-1.01440800
2026-07-12T19:00:00.028000Z,xyz:MU,MU,-0.0000207095,-18.14152200
2026-07-12T20:00:00.131000Z,xyz:AAPL,AAPL,0.00000625,5.47500000
2026-07-12T20:00:00.131000Z,BTC,BTC,0.0000125,10.95000000
2026-07-12T20:00:00.131000Z,xyz:COIN,COIN,0.0000101091,8.85557160
2026-07-12T20:00:00.131000Z,xyz:GOLD,GOLD,0.00000625,5.47500000
2026-07-12T20:00:00.131000Z,xyz:HOOD,HOOD,0.0000230921,20.22867960
2026-07-12T20:00:00.131000Z,xyz:MU,MU,0.0000480199,42.06543240
2026-07-12T21:00:00.020000Z,xyz:AAPL,AAPL,0.00000625,5.47500000
2026-07-12T21:00:00.020000Z,BTC,BTC,0.0000125,10.95000000
2026-07-12T21:00:00.020000Z,xyz:COIN,COIN,0.0000097555,8.54581800
2026-07-12T21:00:00.020000Z,xyz:GOLD,GOLD,0.00000625,5.47500000
2026-07-12T21:00:00.020000Z,xyz:HOOD,HOOD,0.00000625,5.47500000
2026-07-12T21:00:00.020000Z,xyz:MU,MU,0.00000625,5.47500000
2026-07-12T22:00:00.022000Z,xyz:AAPL,AAPL,-0.0000036309,-3.18066840
2026-07-12T22:00:00.022000Z,BTC,BTC,0.0000125,10.95000000
2026-07-12T22:00:00.022000Z,xyz:COIN,COIN,-0.0000386171,-33.82857960
2026-07-12T22:00:00.022000Z,xyz:GOLD,GOLD,0.00000625,5.47500000
2026-07-12T22:00:00.022000Z,xyz:HOOD,HOOD,-0.0000418673,-36.67575480
2026-07-12T22:00:00.022000Z,xyz:MU,MU,-0.0000534581,-46.82929560
2026-07-12T23:00:00.070000Z,xyz:AAPL,AAPL,-0.000136721,-119.76759600
2026-07-12T23:00:00.070000Z,BTC,BTC,0.0000125,10.95000000
2026-07-12T23:00:00.070000Z,xyz:COIN,COIN,-0.0001782282,-156.12790320
2026-07-12T23:00:00.070000Z,xyz:GOLD,GOLD,0.00000625,5.47500000
2026-07-12T23:00:00.070000Z,xyz:HOOD,HOOD,-0.0001005301,-88.06436760
2026-07-12T23:00:00.070000Z,xyz:MU,MU,-0.0001597129,-139.90850040
2026-07-13T00:00:00.059000Z,xyz:AAPL,AAPL,-0.0000052464,-4.59584640
2026-07-13T00:00:00.059000Z,BTC,BTC,0.0000125,10.95000000
2026-07-13T00:00:00.059000Z,xyz:COIN,COIN,-0.0000274614,-24.05618640
2026-07-13T00:00:00.059000Z,xyz:GOLD,GOLD,0.000014743,12.91486800
2026-07-13T00:00:00.059000Z,xyz:HOOD,HOOD,-0.0000205757,-18.02431320
2026-07-13T00:00:00.059000Z,xyz:MU,MU,-0.0001010633,-88.53145080
2026-07-13T01:00:00.019000Z,xyz:AAPL,AAPL,-0.0000437558,-38.33008080
2026-07-13T01:00:00.019000Z,BTC,BTC,0.0000125,10.95000000
2026-07-13T01:00:00.019000Z,xyz:COIN,COIN,0.00000625,5.47500000
2026-07-13T01:00:00.019000Z,xyz:GOLD,GOLD,0.0000153196,13.41996960
2026-07-13T01:00:00.019000Z,xyz:HOOD,HOOD,0.0000139723,12.23973480
2026-07-13T01:00:00.019000Z,xyz:MU,MU,0.00000625,5.47500000
2026-07-13T02:00:00.075000Z,xyz:AAPL,AAPL,-0.0000196733,-17.23381080
2026-07-13T02:00:00.075000Z,BTC,BTC,0.0000125,10.95000000
2026-07-13T02:00:00.075000Z,xyz:COIN,COIN,0.0000240214,21.04274640
2026-07-13T02:00:00.075000Z,xyz:GOLD,GOLD,0.0000100155,8.77357800
2026-07-13T02:00:00.075000Z,xyz:HOOD,HOOD,0.0000098878,8.66171280
2026-07-13T02:00:00.075000Z,xyz:MU,MU,-0.0000126633,-11.09305080
2026-07-13T03:00:00.046000Z,xyz:AAPL,AAPL,0.00000625,5.47500000
2026-07-13T03:00:00.046000Z,BTC,BTC,0.0000125,10.95000000
2026-07-13T03:00:00.046000Z,xyz:COIN,COIN,0.0000298313,26.13221880
2026-07-13T03:00:00.046000Z,xyz:GOLD,GOLD,0.000013136,11.50713600
2026-07-13T03:00:00.046000Z,xyz:HOOD,HOOD,0.0000116632,10.21696320
2026-07-13T03:00:00.046000Z,xyz:MU,MU,-0.0000124599,-10.91487240
2026-07-13T04:00:00.053000Z,xyz:AAPL,AAPL,-0.0000051335,-4.49694600
2026-07-13T04:00:00.053000Z,BTC,BTC,0.0000125,10.95000000
2026-07-13T04:00:00.053000Z,xyz:COIN,COIN,0.0000100929,8.84138040
2026-07-13T04:00:00.053000Z,xyz:GOLD,GOLD,0.0000117594,10.30123440
2026-07-13T04:00:00.053000Z,xyz:HOOD,HOOD,0.00000625,5.47500000
2026-07-13T04:00:00.053000Z,xyz:MU,MU,-0.0000187232,-16.40152320
2026-07-13T05:00:00.041000Z,xyz:AAPL,AAPL,-0.0000100889,-8.83787640
2026-07-13T05:00:00.041000Z,BTC,BTC,0.0000125,10.95000000
2026-07-13T05:00:00.041000Z,xyz:COIN,COIN,0.0000196689,17.22995640
2026-07-13T05:00:00.041000Z,xyz:GOLD,GOLD,0.0000100732,8.82412320
2026-07-13T05:00:00.041000Z,xyz:HOOD,HOOD,0.0000175772,15.39762720
2026-07-13T05:00:00.041000Z,xyz:MU,MU,-0.0000094287,-8.25954120
2026-07-13T06:00:00.026000Z,xyz:AAPL,AAPL,-0.0000126836,-11.11083360
2026-07-13T06:00:00.026000Z,BTC,BTC,0.0000125,10.95000000
2026-07-13T06:00:00.026000Z,xyz:COIN,COIN,0.0000063903,5.59790280
2026-07-13T06:00:00.026000Z,xyz:GOLD,GOLD,0.0000149776,13.12037760
2026-07-13T06:00:00.026000Z,xyz:HOOD,HOOD,0.0000308379,27.01400040
2026-07-13T06:00:00.026000Z,xyz:MU,MU,-0.0000064285,-5.63136600
2026-07-13T07:00:00.058000Z,xyz:AAPL,AAPL,-0.0000192532,-16.86580320
2026-07-13T07:00:00.058000Z,BTC,BTC,0.0000125,10.95000000
2026-07-13T07:00:00.058000Z,xyz:COIN,COIN,0.00000625,5.47500000
2026-07-13T07:00:00.058000Z,xyz:GOLD,GOLD,0.0000129476,11.34209760
2026-07-13T07:00:00.058000Z,xyz:HOOD,HOOD,0.0000373476,32.71649760
2026-07-13T07:00:00.058000Z,xyz:MU,MU,0.0000001067,0.09346920
2026-07-13T08:00:00.019000Z,xyz:AAPL,AAPL,-0.0000123132,-10.78636320
2026-07-13T08:00:00.019000Z,BTC,BTC,0.0000125,10.95000000
2026-07-13T08:00:00.019000Z,xyz:COIN,COIN,0.00000625,5.47500000
2026-07-13T08:00:00.019000Z,xyz:GOLD,GOLD,0.0000218312,19.12413120
2026-07-13T08:00:00.019000Z,xyz:HOOD,HOOD,0.0000420473,36.83343480
2026-07-13T08:00:00.019000Z,xyz:MU,MU,0.00000625,5.47500000
2026-07-13T09:00:00.001000Z,xyz:AAPL,AAPL,-0.0000265828,-23.28653280
2026-07-13T09:00:00.001000Z,BTC,BTC,0.0000125,10.95000000
2026-07-13T09:00:00.001000Z,xyz:COIN,COIN,0.00000625,5.47500000
2026-07-13T09:00:00.001000Z,xyz:GOLD,GOLD,0.0000120059,10.51716840
2026-07-13T09:00:00.001000Z,xyz:HOOD,HOOD,0.0000306537,26.85264120
2026-07-13T09:00:00.001000Z,xyz:MU,MU,0.00000625,5.47500000
2026-07-13T10:00:00.032000Z,xyz:AAPL,AAPL,-0.0000024561,-2.15154360
2026-07-13T10:00:00.032000Z,BTC,BTC,0.0000125,10.95000000
2026-07-13T10:00:00.032000Z,xyz:COIN,COIN,0.00000625,5.47500000
2026-07-13T10:00:00.032000Z,xyz:GOLD,GOLD,0.0000070104,6.14111040
2026-07-13T10:00:00.032000Z,xyz:HOOD,HOOD,0.0000211126,18.49463760
2026-07-13T10:00:00.032000Z,xyz:MU,MU,0.0000098272,8.60862720
2026-07-13T11:00:00.001000Z,xyz:AAPL,AAPL,-0.0000134972,-11.82354720
2026-07-13T11:00:00.001000Z,BTC,BTC,0.0000125,10.95000000
2026-07-13T11:00:00.001000Z,xyz:COIN,COIN,0.00000625,5.47500000
2026-07-13T11:00:00.001000Z,xyz:GOLD,GOLD,0.0000086999,7.62111240
2026-07-13T11:00:00.001000Z,xyz:HOOD,HOOD,0.0000159699,13.98963240
2026-07-13T11:00:00.001000Z,xyz:MU,MU,0.00000625,5.47500000
2026-07-13T12:00:00.048000Z,xyz:AAPL,AAPL,-0.0000195881,-17.15917560
2026-07-13T12:00:00.048000Z,BTC,BTC,0.0000125,10.95000000
2026-07-13T12:00:00.048000Z,xyz:COIN,COIN,0.00000625,5.47500000
2026-07-13T12:00:00.048000Z,xyz:GOLD,GOLD,0.0000064046,5.61042960
2026-07-13T12:00:00.048000Z,xyz:HOOD,HOOD,0.0000204277,17.89466520
2026-07-13T12:00:00.048000Z,xyz:MU,MU,0.00000625,5.47500000
2026-07-13T13:00:00.014000Z,xyz:AAPL,AAPL,-0.0000145347,-12.73239720
2026-07-13T13:00:00.014000Z,BTC,BTC,0.0000125,10.95000000
2026-07-13T13:00:00.014000Z,xyz:COIN,COIN,0.00000625,5.47500000
2026-07-13T13:00:00.014000Z,xyz:GOLD,GOLD,0.00000625,5.47500000
2026-07-13T13:00:00.014000Z,xyz:HOOD,HOOD,0.0000305784,26.78667840
2026-07-13T13:00:00.014000Z,xyz:MU,MU,0.0000113734,9.96309840
2026-07-13T14:00:00.010000Z,xyz:AAPL,AAPL,-0.0000212982,-18.65722320
2026-07-13T14:00:00.010000Z,BTC,BTC,0.0000125,10.95000000
2026-07-13T14:00:00.010000Z,xyz:COIN,COIN,0.00000625,5.47500000
2026-07-13T14:00:00.010000Z,xyz:GOLD,GOLD,0.00000625,5.47500000
2026-07-13T14:00:00.010000Z,xyz:HOOD,HOOD,0.0000357576,31.32365760
2026-07-13T14:00:00.010000Z,xyz:MU,MU,0.0000318919,27.93730440
2026-07-13T15:00:00.082000Z,xyz:AAPL,AAPL,-0.0000299588,-26.24390880
2026-07-13T15:00:00.082000Z,BTC,BTC,0.0000125,10.95000000
2026-07-13T15:00:00.082000Z,xyz:COIN,COIN,0.000009641,8.44551600
2026-07-13T15:00:00.082000Z,xyz:GOLD,GOLD,0.0000196566,17.21918160
2026-07-13T15:00:00.082000Z,xyz:HOOD,HOOD,0.0000180768,15.83527680
2026-07-13T15:00:00.082000Z,xyz:MU,MU,0.00000625,5.47500000
2026-07-13T16:00:00.032000Z,xyz:AAPL,AAPL,-0.0000285127,-24.97712520
2026-07-13T16:00:00.032000Z,BTC,BTC,0.0000125,10.95000000
2026-07-13T16:00:00.032000Z,xyz:COIN,COIN,0.0000086166,7.54814160
2026-07-13T16:00:00.032000Z,xyz:GOLD,GOLD,0.0000356815,31.25699400
2026-07-13T16:00:00.032000Z,xyz:HOOD,HOOD,0.0000143925,12.60783000
2026-07-13T16:00:00.032000Z,xyz:MU,MU,0.00000625,5.47500000
2026-07-13T17:00:00.052000Z,xyz:AAPL,AAPL,-0.0000301441,-26.40623160
2026-07-13T17:00:00.052000Z,BTC,BTC,0.0000125,10.95000000
2026-07-13T17:00:00.052000Z,xyz:COIN,COIN,0.0000199095,17.44072200
2026-07-13T17:00:00.052000Z,xyz:GOLD,GOLD,0.0000305135,26.72982600
2026-07-13T17:00:00.052000Z,xyz:HOOD,HOOD,0.0000226036,19.80075360
2026-07-13T17:00:00.052000Z,xyz:MU,MU,0.00000625,5.47500000
2026-07-13T18:00:00.052000Z,xyz:AAPL,AAPL,-0.0000296255,-25.95193800
2026-07-13T18:00:00.052000Z,BTC,BTC,0.0000125,10.95000000
2026-07-13T18:00:00.052000Z,xyz:COIN,COIN,0.0000141519,12.39706440
2026-07-13T18:00:00.052000Z,xyz:GOLD,GOLD,0.0000281632,24.67096320
2026-07-13T18:00:00.052000Z,xyz:HOOD,HOOD,0.0000135763,11.89283880
2026-07-13T18:00:00.052000Z,xyz:MU,MU,0.0000137918,12.08161680
2026-07-13T19:00:00.116000Z,xyz:AAPL,AAPL,-0.0000365154,-31.98749040
2026-07-13T19:00:00.116000Z,BTC,BTC,0.0000125,10.95000000
2026-07-13T19:00:00.116000Z,xyz:COIN,COIN,0.00000625,5.47500000
2026-07-13T19:00:00.116000Z,xyz:GOLD,GOLD,0.0000229833,20.13337080
2026-07-13T19:00:00.116000Z,xyz:HOOD,HOOD,0.0000153287,13.42794120
2026-07-13T19:00:00.116000Z,xyz:MU,MU,0.0000191303,16.75814280
2026-07-13T20:00:00.071000Z,xyz:AAPL,AAPL,-0.0000328613,-28.78649880
2026-07-13T20:00:00.071000Z,BTC,BTC,0.0000125,10.95000000
2026-07-13T20:00:00.071000Z,xyz:COIN,COIN,0.0000160075,14.02257000
2026-07-13T20:00:00.071000Z,xyz:GOLD,GOLD,0.0000245461,21.50238360
2026-07-13T20:00:00.071000Z,xyz:HOOD,HOOD,0.0000107855,9.44809800
2026-07-13T20:00:00.071000Z,xyz:MU,MU,0.0000159618,13.98253680
2026-07-13T21:00:00.041000Z,xyz:AAPL,AAPL,-0.000027907,-24.44653200
2026-07-13T21:00:00.041000Z,BTC,BTC,0.0000125,10.95000000
2026-07-13T21:00:00.041000Z,xyz:COIN,COIN,0.000029135,25.52226000
2026-07-13T21:00:00.041000Z,xyz:GOLD,GOLD,0.0000251538,22.03472880
2026-07-13T21:00:00.041000Z,xyz:HOOD,HOOD,0.0000139367,12.20854920
2026-07-13T21:00:00.041000Z,xyz:MU,MU,0.0000070917,6.21232920
2026-07-13T22:00:00.060000Z,xyz:AAPL,AAPL,-0.0000404686,-35.45049360
2026-07-13T22:00:00.060000Z,BTC,BTC,0.0000125,10.95000000
2026-07-13T22:00:00.060000Z,xyz:COIN,COIN,0.00000625,5.47500000
2026-07-13T22:00:00.060000Z,xyz:GOLD,GOLD,0.0000195473,17.12343480
2026-07-13T22:00:00.060000Z,xyz:HOOD,HOOD,0.000020179,17.67680400
2026-07-13T22:00:00.060000Z,xyz:MU,MU,0.0000122168,10.70191680
2026-07-13T23:00:00.021000Z,xyz:AAPL,AAPL,-0.0000212923,-18.65205480
2026-07-13T23:00:00.021000Z,BTC,BTC,0.0000125,10.95000000
2026-07-13T23:00:00.021000Z,xyz:COIN,COIN,-0.0000094178,-8.24999280
2026-07-13T23:00:00.021000Z,xyz:GOLD,GOLD,0.0000212847,18.64539720
2026-07-13T23:00:00.021000Z,xyz:HOOD,HOOD,0.00000625,5.47500000
2026-07-13T23:00:00.021000Z,xyz:MU,MU,0.0000150742,13.20499920
2026-07-14T00:00:00.011000Z,xyz:AAPL,AAPL,-0.0000310469,-27.19708440
2026-07-14T00:00:00.011000Z,BTC,BTC,0.0000125,10.95000000
2026-07-14T00:00:00.011000Z,xyz:COIN,COIN,0.00000625,5.47500000
2026-07-14T00:00:00.011000Z,xyz:GOLD,GOLD,0.0000158501,13.88468760
2026-07-14T00:00:00.011000Z,xyz:HOOD,HOOD,0.0000146514,12.83462640
2026-07-14T00:00:00.011000Z,xyz:MU,MU,0.0000105872,9.27438720
2026-07-14T01:00:00.018000Z,xyz:AAPL,AAPL,-0.0000137404,-12.03659040
2026-07-14T01:00:00.018000Z,BTC,BTC,0.0000125,10.95000000
2026-07-14T01:00:00.018000Z,xyz:COIN,COIN,0.00000625,5.47500000
2026-07-14T01:00:00.018000Z,xyz:GOLD,GOLD,0.0000150709,13.20210840
2026-07-14T01:00:00.018000Z,xyz:HOOD,HOOD,0.00000625,5.47500000
2026-07-14T01:00:00.018000Z,xyz:MU,MU,0.0000485832,42.55888320
2026-07-14T02:00:00.032000Z,xyz:AAPL,AAPL,-0.0000435539,-38.15321640
2026-07-14T02:00:00.032000Z,BTC,BTC,0.0000125,10.95000000
2026-07-14T02:00:00.032000Z,xyz:COIN,COIN,0.00000625,5.47500000
2026-07-14T02:00:00.032000Z,xyz:GOLD,GOLD,0.00002311,20.24436000
2026-07-14T02:00:00.032000Z,xyz:HOOD,HOOD,0.00000625,5.47500000
2026-07-14T02:00:00.032000Z,xyz:MU,MU,0.0000411948,36.08664480
2026-07-14T03:00:00.017000Z,xyz:AAPL,AAPL,-0.0000438704,-38.43047040
2026-07-14T03:00:00.017000Z,BTC,BTC,0.0000125,10.95000000
2026-07-14T03:00:00.017000Z,xyz:COIN,COIN,0.0000148806,13.03540560
2026-07-14T03:00:00.017000Z,xyz:GOLD,GOLD,0.000019821,17.36319600
2026-07-14T03:00:00.017000Z,xyz:HOOD,HOOD,0.00000625,5.47500000
2026-07-14T03:00:00.017000Z,xyz:MU,MU,0.00000625,5.47500000
2026-07-14T04:00:00.061000Z,xyz:AAPL,AAPL,-0.0000119036,-10.42755360
2026-07-14T04:00:00.061000Z,BTC,BTC,0.0000125,10.95000000
2026-07-14T04:00:00.061000Z,xyz:COIN,COIN,0.0000202111,17.70492360
2026-07-14T04:00:00.061000Z,xyz:GOLD,GOLD,0.000017508,15.33700800
2026-07-14T04:00:00.061000Z,xyz:HOOD,HOOD,0.00000625,5.47500000
2026-07-14T04:00:00.061000Z,xyz:MU,MU,0.0000308921,27.06147960
2026-07-14T05:00:00.064000Z,xyz:AAPL,AAPL,-0.000003673,-3.21754800
2026-07-14T05:00:00.064000Z,BTC,BTC,0.0000125,10.95000000
2026-07-14T05:00:00.064000Z,xyz:COIN,COIN,0.0000108416,9.49724160
2026-07-14T05:00:00.064000Z,xyz:GOLD,GOLD,0.0000149267,13.07578920
2026-07-14T05:00:00.064000Z,xyz:HOOD,HOOD,0.0000444539,38.94161640
2026-07-14T05:00:00.064000Z,xyz:MU,MU,0.0000508634,44.55633840
2026-07-14T06:00:00.074000Z,xyz:AAPL,AAPL,-0.000039972,-35.01547200
2026-07-14T06:00:00.074000Z,BTC,BTC,0.0000125,10.95000000
2026-07-14T06:00:00.074000Z,xyz:COIN,COIN,0.00000625,5.47500000
2026-07-14T06:00:00.074000Z,xyz:GOLD,GOLD,0.0000093758,8.21320080
2026-07-14T06:00:00.074000Z,xyz:HOOD,HOOD,0.0000376374,32.97036240
2026-07-14T06:00:00.074000Z,xyz:MU,MU,0.0000474469,41.56348440
2026-07-14T07:00:00.044000Z,xyz:AAPL,AAPL,-0.0000229492,-20.10349920
2026-07-14T07:00:00.044000Z,BTC,BTC,0.0000125,10.95000000
2026-07-14T07:00:00.044000Z,xyz:COIN,COIN,0.00000625,5.47500000
2026-07-14T07:00:00.044000Z,xyz:GOLD,GOLD,0.00000625,5.47500000
2026-07-14T07:00:00.044000Z,xyz:HOOD,HOOD,0.00000625,5.47500000
2026-07-14T07:00:00.044000Z,xyz:MU,MU,0.0000186438,16.33196880
2026-07-14T08:00:00.009000Z,xyz:AAPL,AAPL,-0.0000084767,-7.42558920
2026-07-14T08:00:00.009000Z,BTC,BTC,0.0000125,10.95000000
2026-07-14T08:00:00.009000Z,xyz:COIN,COIN,0.000010142,8.88439200
2026-07-14T08:00:00.009000Z,xyz:GOLD,GOLD,0.00000625,5.47500000
2026-07-14T08:00:00.009000Z,xyz:HOOD,HOOD,0.00000625,5.47500000
2026-07-14T08:00:00.009000Z,xyz:MU,MU,0.0000257122,22.52388720
2026-07-14T09:00:00.061000Z,xyz:AAPL,AAPL,-0.000004631,-4.05675600
2026-07-14T09:00:00.061000Z,BTC,BTC,0.0000125,10.95000000
2026-07-14T09:00:00.061000Z,xyz:COIN,COIN,0.00000625,5.47500000
2026-07-14T09:00:00.061000Z,xyz:GOLD,GOLD,0.0000094434,8.27241840
2026-07-14T09:00:00.061000Z,xyz:HOOD,HOOD,0.000013402,11.74015200
2026-07-14T09:00:00.061000Z,xyz:MU,MU,0.0000158259,13.86348840
2026-07-14T10:00:00.113000Z,xyz:AAPL,AAPL,-0.0000206363,-18.07739880
2026-07-14T10:00:00.113000Z,BTC,BTC,0.0000125,10.95000000
2026-07-14T10:00:00.113000Z,xyz:COIN,COIN,0.00000625,5.47500000
2026-07-14T10:00:00.113000Z,xyz:GOLD,GOLD,0.0000168426,14.75411760
2026-07-14T10:00:00.113000Z,xyz:HOOD,HOOD,0.0000090573,7.93419480
2026-07-14T10:00:00.113000Z,xyz:MU,MU,0.0000265299,23.24019240
2026-07-14T11:00:00.030000Z,xyz:AAPL,AAPL,-0.0000155319,-13.60594440
2026-07-14T11:00:00.030000Z,BTC,BTC,0.0000125,10.95000000
2026-07-14T11:00:00.030000Z,xyz:COIN,COIN,0.00000625,5.47500000
2026-07-14T11:00:00.030000Z,xyz:GOLD,GOLD,0.0000082511,7.22796360
2026-07-14T11:00:00.030000Z,xyz:HOOD,HOOD,0.0000211971,18.56865960
2026-07-14T11:00:00.030000Z,xyz:MU,MU,0.0000081429,7.13318040
2026-07-14T12:00:00.008000Z,xyz:AAPL,AAPL,-0.0000107019,-9.37486440
2026-07-14T12:00:00.008000Z,BTC,BTC,0.0000125,10.95000000
2026-07-14T12:00:00.008000Z,xyz:COIN,COIN,0.0000202468,17.73619680
2026-07-14T12:00:00.008000Z,xyz:GOLD,GOLD,0.00000625,5.47500000
2026-07-14T12:00:00.008000Z,xyz:HOOD,HOOD,0.00000625,5.47500000
2026-07-14T12:00:00.008000Z,xyz:MU,MU,0.0000252208,22.09342080
2026-07-14T13:00:00.028000Z,xyz:AAPL,AAPL,-0.0000187514,-16.42622640
2026-07-14T13:00:00.028000Z,BTC,BTC,0.0000125,10.95000000
2026-07-14T13:00:00.028000Z,xyz:COIN,COIN,0.0000178778,15.66095280
2026-07-14T13:00:00.028000Z,xyz:GOLD,GOLD,0.00000625,5.47500000
2026-07-14T13:00:00.028000Z,xyz:HOOD,HOOD,0.0000225042,19.71367920
2026-07-14T13:00:00.028000Z,xyz:MU,MU,0.0000210812,18.46713120
2026-07-14T14:00:00.012000Z,xyz:AAPL,AAPL,-0.000018623,-16.31374800
2026-07-14T14:00:00.012000Z,BTC,BTC,0.0000116182,10.17754320
2026-07-14T14:00:00.012000Z,xyz:COIN,COIN,0.0000144672,12.67326720
2026-07-14T14:00:00.012000Z,xyz:GOLD,GOLD,0.00000625,5.47500000
2026-07-14T14:00:00.012000Z,xyz:HOOD,HOOD,0.0000212794,18.64075440
2026-07-14T14:00:00.012000Z,xyz:MU,MU,0.0000316301,27.70796760
2026-07-14T15:00:00.038000Z,xyz:AAPL,AAPL,-0.0000260914,-22.85606640
2026-07-14T15:00:00.038000Z,BTC,BTC,0.0000125,10.95000000
2026-07-14T15:00:00.038000Z,xyz:COIN,COIN,0.0000099636,8.72811360
2026-07-14T15:00:00.038000Z,xyz:GOLD,GOLD,0.00000625,5.47500000
2026-07-14T15:00:00.038000Z,xyz:HOOD,HOOD,0.0000165227,14.47388520
2026-07-14T15:00:00.038000Z,xyz:MU,MU,0.0000540259,47.32668840
2026-07-14T16:00:00.005000Z,xyz:AAPL,AAPL,-0.0000225344,-19.74013440
2026-07-14T16:00:00.005000Z,BTC,BTC,0.0000125,10.95000000
2026-07-14T16:00:00.005000Z,xyz:COIN,COIN,0.0000364758,31.95280080
2026-07-14T16:00:00.005000Z,xyz:GOLD,GOLD,0.00000625,5.47500000
2026-07-14T16:00:00.005000Z,xyz:HOOD,HOOD,0.0000216472,18.96294720
2026-07-14T16:00:00.005000Z,xyz:MU,MU,0.00000625,5.47500000
2026-07-14T17:00:00.042000Z,xyz:AAPL,AAPL,-0.000028071,-24.59019600
2026-07-14T17:00:00.042000Z,BTC,BTC,0.000012039,10.54616400
2026-07-14T17:00:00.042000Z,xyz:COIN,COIN,0.000015111,13.23723600
2026-07-14T17:00:00.042000Z,xyz:GOLD,GOLD,0.00000625,5.47500000
2026-07-14T17:00:00.042000Z,xyz:HOOD,HOOD,0.0000181098,15.86418480
2026-07-14T17:00:00.042000Z,xyz:MU,MU,0.0000139027,12.17876520
2026-07-14T18:00:00.013000Z,xyz:AAPL,AAPL,-0.000020854,-18.26810400
2026-07-14T18:00:00.013000Z,BTC,BTC,0.0000125,10.95000000
2026-07-14T18:00:00.013000Z,xyz:COIN,COIN,0.0000268924,23.55774240
2026-07-14T18:00:00.013000Z,xyz:GOLD,GOLD,0.00000625,5.47500000
2026-07-14T18:00:00.013000Z,xyz:HOOD,HOOD,0.0000130573,11.43819480
2026-07-14T18:00:00.013000Z,xyz:MU,MU,0.00000625,5.47500000
2026-07-14T19:00:00.021000Z,xyz:AAPL,AAPL,-0.0000173943,-15.23740680
2026-07-14T19:00:00.021000Z,BTC,BTC,0.0000125,10.95000000
2026-07-14T19:00:00.021000Z,xyz:COIN,COIN,0.0000223032,19.53760320
2026-07-14T19:00:00.021000Z,xyz:GOLD,GOLD,0.00000625,5.47500000
2026-07-14T19:00:00.021000Z,xyz:HOOD,HOOD,0.0000253758,22.22920080
2026-07-14T19:00:00.021000Z,xyz:MU,MU,0.00000625,5.47500000
2026-07-14T20:00:00.027000Z,xyz:AAPL,AAPL,-0.0000151282,-13.25230320
2026-07-14T20:00:00.027000Z,BTC,BTC,0.0000125,10.95000000
2026-07-14T20:00:00.027000Z,xyz:COIN,COIN,0.0000189979,16.64216040
2026-07-14T20:00:00.027000Z,xyz:GOLD,GOLD,0.0000068774,6.02460240
2026-07-14T20:00:00.027000Z,xyz:HOOD,HOOD,0.0000223916,19.61504160
2026-07-14T20:00:00.027000Z,xyz:MU,MU,0.0000076302,6.68405520
2026-07-14T21:00:00.003000Z,xyz:AAPL,AAPL,-0.0000194565,-17.04389400
2026-07-14T21:00:00.003000Z,BTC,BTC,0.0000125,10.95000000
2026-07-14T21:00:00.003000Z,xyz:COIN,COIN,0.0000121905,10.67887800
2026-07-14T21:00:00.003000Z,xyz:GOLD,GOLD,0.0000116821,10.23351960
2026-07-14T21:00:00.003000Z,xyz:HOOD,HOOD,0.0000361102,31.63253520
2026-07-14T21:00:00.003000Z,xyz:MU,MU,0.0000469502,41.12837520
2026-07-14T22:00:00.007000Z,xyz:AAPL,AAPL,-0.0000104207,-9.12853320
2026-07-14T22:00:00.007000Z,BTC,BTC,0.0000125,10.95000000
2026-07-14T22:00:00.007000Z,xyz:COIN,COIN,0.0000195775,17.14989000
2026-07-14T22:00:00.007000Z,xyz:GOLD,GOLD,0.0000206273,18.06951480
2026-07-14T22:00:00.007000Z,xyz:HOOD,HOOD,0.0000621469,54.44068440
2026-07-14T22:00:00.007000Z,xyz:MU,MU,0.0000157812,13.82433120
2026-07-14T23:00:00.049000Z,xyz:AAPL,AAPL,-0.0000062836,-5.50443360
2026-07-14T23:00:00.049000Z,BTC,BTC,0.0000125,10.95000000
2026-07-14T23:00:00.049000Z,xyz:COIN,COIN,0.0000219574,19.23468240
2026-07-14T23:00:00.049000Z,xyz:GOLD,GOLD,0.0000148644,13.02121440
2026-07-14T23:00:00.049000Z,xyz:HOOD,HOOD,0.0000582124,50.99406240
2026-07-14T23:00:00.049000Z,xyz:MU,MU,0.0000232639,20.37917640
2026-07-15T00:00:00.046000Z,xyz:AAPL,AAPL,-0.0000086619,-7.58782440
2026-07-15T00:00:00.046000Z,BTC,BTC,0.0000125,10.95000000
2026-07-15T00:00:00.046000Z,xyz:COIN,COIN,0.0000377318,33.05305680
2026-07-15T00:00:00.046000Z,xyz:GOLD,GOLD,0.0000116025,10.16379000
2026-07-15T00:00:00.046000Z,xyz:HOOD,HOOD,0.0000804638,70.48628880
2026-07-15T00:00:00.046000Z,xyz:MU,MU,0.0000291063,25.49711880
2026-07-15T01:00:00.032000Z,xyz:AAPL,AAPL,-0.0000041321,-3.61971960
2026-07-15T01:00:00.032000Z,BTC,BTC,0.0000125,10.95000000
2026-07-15T01:00:00.032000Z,xyz:COIN,COIN,0.0000329544,28.86805440
2026-07-15T01:00:00.032000Z,xyz:GOLD,GOLD,0.0000180091,15.77597160
2026-07-15T01:00:00.032000Z,xyz:HOOD,HOOD,0.0000687186,60.19749360
2026-07-15T01:00:00.032000Z,xyz:MU,MU,0.00000625,5.47500000
2026-07-15T02:00:00.028000Z,xyz:AAPL,AAPL,-0.0000024367,-2.13454920
2026-07-15T02:00:00.028000Z,BTC,BTC,0.0000125,10.95000000
2026-07-15T02:00:00.028000Z,xyz:COIN,COIN,0.0000116435,10.19970600
2026-07-15T02:00:00.028000Z,xyz:GOLD,GOLD,0.0000158401,13.87592760
2026-07-15T02:00:00.028000Z,xyz:HOOD,HOOD,0.0000523163,45.82907880
2026-07-15T02:00:00.028000Z,xyz:MU,MU,0.00000625,5.47500000
2026-07-15T03:00:00.041000Z,xyz:AAPL,AAPL,0.00000625,5.47500000
2026-07-15T03:00:00.041000Z,BTC,BTC,0.0000125,10.95000000
2026-07-15T03:00:00.041000Z,xyz:COIN,COIN,0.0000099504,8.71655040
2026-07-15T03:00:00.041000Z,xyz:GOLD,GOLD,0.0000150862,13.21551120
2026-07-15T03:00:00.041000Z,xyz:HOOD,HOOD,0.0000647961,56.76138360
2026-07-15T03:00:00.041000Z,xyz:MU,MU,0.00000625,5.47500000
2026-07-15T04:00:00.005000Z,xyz:AAPL,AAPL,0.00000625,5.47500000
2026-07-15T04:00:00.005000Z,BTC,BTC,0.0000125,10.95000000
2026-07-15T04:00:00.005000Z,xyz:COIN,COIN,0.0000290124,25.41486240
2026-07-15T04:00:00.005000Z,xyz:GOLD,GOLD,0.0000101143,8.86012680
2026-07-15T04:00:00.005000Z,xyz:HOOD,HOOD,0.0000214816,18.81788160
2026-07-15T04:00:00.005000Z,xyz:MU,MU,0.00000625,5.47500000
2026-07-15T05:00:00.066000Z,xyz:AAPL,AAPL,0.00000625,5.47500000
2026-07-15T05:00:00.066000Z,BTC,BTC,0.0000125,10.95000000
2026-07-15T05:00:00.066000Z,xyz:COIN,COIN,0.0000556459,48.74580840
2026-07-15T05:00:00.066000Z,xyz:GOLD,GOLD,0.0000127254,11.14745040
2026-07-15T05:00:00.066000Z,xyz:HOOD,HOOD,0.00000625,5.47500000
2026-07-15T05:00:00.066000Z,xyz:MU,MU,0.00000625,5.47500000
2026-07-15T06:00:00.025000Z,xyz:AAPL,AAPL,0.00000625,5.47500000
2026-07-15T06:00:00.025000Z,BTC,BTC,0.0000125,10.95000000
2026-07-15T06:00:00.025000Z,xyz:COIN,COIN,0.0000552376,48.38813760
2026-07-15T06:00:00.025000Z,xyz:GOLD,GOLD,0.0000106523,9.33141480
2026-07-15T06:00:00.025000Z,xyz:HOOD,HOOD,0.0000068105,5.96599800
2026-07-15T06:00:00.025000Z,xyz:MU,MU,0.00000625,5.47500000
2026-07-15T07:00:00.039000Z,xyz:AAPL,AAPL,0.00000625,5.47500000
2026-07-15T07:00:00.039000Z,BTC,BTC,0.0000125,10.95000000
2026-07-15T07:00:00.039000Z,xyz:COIN,COIN,0.0000513062,44.94423120
2026-07-15T07:00:00.039000Z,xyz:GOLD,GOLD,0.0000139864,12.25208640
2026-07-15T07:00:00.039000Z,xyz:HOOD,HOOD,0.0000388721,34.05195960
2026-07-15T07:00:00.039000Z,xyz:MU,MU,0.00000625,5.47500000
2026-07-15T08:00:00.024000Z,xyz:AAPL,AAPL,0.00000625,5.47500000
2026-07-15T08:00:00.024000Z,BTC,BTC,0.0000125,10.95000000
2026-07-15T08:00:00.024000Z,xyz:COIN,COIN,0.0000312928,27.41249280
2026-07-15T08:00:00.024000Z,xyz:GOLD,GOLD,0.0000177741,15.57011160
2026-07-15T08:00:00.024000Z,xyz:HOOD,HOOD,0.0000142004,12.43955040
2026-07-15T08:00:00.024000Z,xyz:MU,MU,0.00000625,5.47500000
2026-07-15T09:00:00.018000Z,xyz:AAPL,AAPL,0.0000006547,0.57351720
2026-07-15T09:00:00.018000Z,BTC,BTC,0.0000125,10.95000000
2026-07-15T09:00:00.018000Z,xyz:COIN,COIN,0.0000364691,31.94693160
2026-07-15T09:00:00.018000Z,xyz:GOLD,GOLD,0.0000132607,11.61637320
2026-07-15T09:00:00.018000Z,xyz:HOOD,HOOD,0.000031045,27.19542000
2026-07-15T09:00:00.018000Z,xyz:MU,MU,0.0000336712,29.49597120
2026-07-15T10:00:00.013000Z,xyz:AAPL,AAPL,0.0000013091,1.14677160
2026-07-15T10:00:00.013000Z,BTC,BTC,0.0000125,10.95000000
2026-07-15T10:00:00.013000Z,xyz:COIN,COIN,0.0000212575,18.62157000
2026-07-15T10:00:00.013000Z,xyz:GOLD,GOLD,0.0000175235,15.35058600
2026-07-15T10:00:00.013000Z,xyz:HOOD,HOOD,0.0000327779,28.71344040
2026-07-15T10:00:00.013000Z,xyz:MU,MU,0.0000361325,31.65207000
2026-07-15T11:00:00.002000Z,xyz:AAPL,AAPL,0.0000057643,5.04952680
2026-07-15T11:00:00.002000Z,BTC,BTC,0.0000125,10.95000000
2026-07-15T11:00:00.002000Z,xyz:COIN,COIN,0.0000264317,23.15416920
2026-07-15T11:00:00.002000Z,xyz:GOLD,GOLD,0.0000167771,14.69673960
2026-07-15T11:00:00.002000Z,xyz:HOOD,HOOD,0.0000270335,23.68134600
2026-07-15T11:00:00.002000Z,xyz:MU,MU,0.0000360918,31.61641680
2026-07-15T12:00:00.055000Z,xyz:AAPL,AAPL,0.00000625,5.47500000
2026-07-15T12:00:00.055000Z,BTC,BTC,0.0000125,10.95000000
2026-07-15T12:00:00.055000Z,xyz:COIN,COIN,0.00000625,5.47500000
2026-07-15T12:00:00.055000Z,xyz:GOLD,GOLD,0.0000124244,10.88377440
2026-07-15T12:00:00.055000Z,xyz:HOOD,HOOD,0.0000323362,28.32651120
2026-07-15T12:00:00.055000Z,xyz:MU,MU,0.0000164997,14.45373720
2026-07-15T13:00:00.042000Z,xyz:AAPL,AAPL,0.00000625,5.47500000
2026-07-15T13:00:00.042000Z,BTC,BTC,0.0000125,10.95000000
2026-07-15T13:00:00.042000Z,xyz:COIN,COIN,0.0000113917,9.97912920
2026-07-15T13:00:00.042000Z,xyz:GOLD,GOLD,0.0000161069,14.10964440
2026-07-15T13:00:00.042000Z,xyz:HOOD,HOOD,0.00000625,5.47500000
2026-07-15T13:00:00.042000Z,xyz:MU,MU,0.000021347,18.69997200
2026-07-15T14:00:00.050000Z,xyz:AAPL,AAPL,0.0000045365,3.97397400
2026-07-15T14:00:00.050000Z,BTC,BTC,0.0000125,10.95000000
2026-07-15T14:00:00.050000Z,xyz:COIN,COIN,0.0000332677,29.14250520
2026-07-15T14:00:00.050000Z,xyz:GOLD,GOLD,0.0000226886,19.87521360
2026-07-15T14:00:00.050000Z,xyz:HOOD,HOOD,0.0000185106,16.21528560
2026-07-15T14:00:00.050000Z,xyz:MU,MU,0.0000344922,30.21516720
2026-07-15T15:00:00.004000Z,xyz:AAPL,AAPL,-0.0000180012,-15.76905120
2026-07-15T15:00:00.004000Z,BTC,BTC,0.0000125,10.95000000
2026-07-15T15:00:00.004000Z,xyz:COIN,COIN,0.0000243245,21.30826200
2026-07-15T15:00:00.004000Z,xyz:GOLD,GOLD,0.0000142106,12.44848560
2026-07-15T15:00:00.004000Z,xyz:HOOD,HOOD,0.00000625,5.47500000
2026-07-15T15:00:00.004000Z,xyz:MU,MU,0.0000347101,30.40604760
2026-07-15T16:00:00.009000Z,xyz:AAPL,AAPL,-0.0000176722,-15.48084720
2026-07-15T16:00:00.009000Z,BTC,BTC,0.0000125,10.95000000
2026-07-15T16:00:00.009000Z,xyz:COIN,COIN,0.0000125999,11.03751240
2026-07-15T16:00:00.009000Z,xyz:GOLD,GOLD,0.00000625,5.47500000
2026-07-15T16:00:00.009000Z,xyz:HOOD,HOOD,0.0000107752,9.43907520
2026-07-15T16:00:00.009000Z,xyz:MU,MU,0.0000555794,48.68755440
2026-07-15T17:00:00.031000Z,xyz:AAPL,AAPL,-0.0000226277,-19.82186520
2026-07-15T17:00:00.031000Z,BTC,BTC,0.0000125,10.95000000
2026-07-15T17:00:00.031000Z,xyz:COIN,COIN,0.00000625,5.47500000
2026-07-15T17:00:00.031000Z,xyz:GOLD,GOLD,0.00000625,5.47500000
2026-07-15T17:00:00.031000Z,xyz:HOOD,HOOD,0.0000215207,18.85213320
2026-07-15T17:00:00.031000Z,xyz:MU,MU,0.0000776871,68.05389960
2026-07-15T18:00:00.023000Z,xyz:AAPL,AAPL,-0.0000301511,-26.41236360
2026-07-15T18:00:00.023000Z,BTC,BTC,0.0000125,10.95000000
2026-07-15T18:00:00.023000Z,xyz:COIN,COIN,0.0000245561,21.51114360
2026-07-15T18:00:00.023000Z,xyz:GOLD,GOLD,0.00000625,5.47500000
2026-07-15T18:00:00.023000Z,xyz:HOOD,HOOD,0.0000247289,21.66251640
2026-07-15T18:00:00.023000Z,xyz:MU,MU,0.0000493885,43.26432600
2026-07-15T19:00:00.063000Z,xyz:AAPL,AAPL,-0.0000188751,-16.53458760
2026-07-15T19:00:00.063000Z,BTC,BTC,0.0000125,10.95000000
2026-07-15T19:00:00.063000Z,xyz:COIN,COIN,0.0000275717,24.15280920
2026-07-15T19:00:00.063000Z,xyz:GOLD,GOLD,0.0000119169,10.43920440
2026-07-15T19:00:00.063000Z,xyz:HOOD,HOOD,0.0000175741,15.39491160
2026-07-15T19:00:00.063000Z,xyz:MU,MU,0.0000282383,24.73675080
2026-07-15T20:00:00.068000Z,xyz:AAPL,AAPL,-0.0000228176,-19.98821760
2026-07-15T20:00:00.068000Z,BTC,BTC,0.0000125,10.95000000
2026-07-15T20:00:00.068000Z,xyz:COIN,COIN,0.0000153667,13.46122920
2026-07-15T20:00:00.068000Z,xyz:GOLD,GOLD,0.0000193454,16.94657040
2026-07-15T20:00:00.068000Z,xyz:HOOD,HOOD,0.0000214889,18.82427640
2026-07-15T20:00:00.068000Z,xyz:MU,MU,0.0000295959,25.92600840
2026-07-15T21:00:00.027000Z,xyz:AAPL,AAPL,-0.000022405,-19.62678000
2026-07-15T21:00:00.027000Z,BTC,BTC,0.0000125,10.95000000
2026-07-15T21:00:00.027000Z,xyz:COIN,COIN,0.0000141336,12.38103360
2026-07-15T21:00:00.027000Z,xyz:GOLD,GOLD,0.0000240056,21.02890560
2026-07-15T21:00:00.027000Z,xyz:HOOD,HOOD,0.0000162099,14.19987240
2026-07-15T21:00:00.027000Z,xyz:MU,MU,0.0000336508,29.47810080
2026-07-15T22:00:00.016000Z,xyz:AAPL,AAPL,-0.0000084758,-7.42480080
2026-07-15T22:00:00.016000Z,BTC,BTC,0.0000077071,6.75141960
2026-07-15T22:00:00.016000Z,xyz:COIN,COIN,0.0000292883,25.65655080
2026-07-15T22:00:00.016000Z,xyz:GOLD,GOLD,0.00001589,13.91964000
2026-07-15T22:00:00.016000Z,xyz:HOOD,HOOD,0.0000332018,29.08477680
2026-07-15T22:00:00.016000Z,xyz:MU,MU,0.000039171,34.31379600
2026-07-15T23:00:00.034000Z,xyz:AAPL,AAPL,-0.0000110831,-9.70879560
2026-07-15T23:00:00.034000Z,BTC,BTC,0.0000125,10.95000000
2026-07-15T23:00:00.034000Z,xyz:COIN,COIN,0.0000301918,26.44801680
2026-07-15T23:00:00.034000Z,xyz:GOLD,GOLD,0.0000067725,5.93271000
2026-07-15T23:00:00.034000Z,xyz:HOOD,HOOD,0.0000423912,37.13469120
2026-07-15T23:00:00.034000Z,xyz:MU,MU,0.0000273767,23.98198920
2026-07-16T00:00:00.034000Z,xyz:AAPL,AAPL,-0.0000132305,-11.58991800
2026-07-16T00:00:00.034000Z,BTC,BTC,0.0000125,10.95000000
2026-07-16T00:00:00.034000Z,xyz:COIN,COIN,0.0000225218,19.72909680
2026-07-16T00:00:00.034000Z,xyz:GOLD,GOLD,0.00000625,5.47500000
2026-07-16T00:00:00.034000Z,xyz:HOOD,HOOD,0.0000406129,35.57690040
2026-07-16T00:00:00.034000Z,xyz:MU,MU,0.0000246661,21.60750360
2026-07-16T01:00:00.054000Z,xyz:AAPL,AAPL,-0.0000146427,-12.82700520
2026-07-16T01:00:00.054000Z,BTC,BTC,0.0000125,10.95000000
2026-07-16T01:00:00.054000Z,xyz:COIN,COIN,0.00000625,5.47500000
2026-07-16T01:00:00.054000Z,xyz:GOLD,GOLD,0.00000625,5.47500000
2026-07-16T01:00:00.054000Z,xyz:HOOD,HOOD,0.0000202787,17.76414120
2026-07-16T01:00:00.054000Z,xyz:MU,MU,0.0000299094,26.20063440
2026-07-16T02:00:00.027000Z,xyz:AAPL,AAPL,-0.0000116186,-10.17789360
2026-07-16T02:00:00.027000Z,BTC,BTC,0.0000125,10.95000000
2026-07-16T02:00:00.027000Z,xyz:COIN,COIN,0.00000625,5.47500000
2026-07-16T02:00:00.027000Z,xyz:GOLD,GOLD,0.00000625,5.47500000
2026-07-16T02:00:00.027000Z,xyz:HOOD,HOOD,0.0000180507,15.81241320
2026-07-16T02:00:00.027000Z,xyz:MU,MU,0.0000212095,18.57952200
2026-07-16T03:00:00.033000Z,xyz:AAPL,AAPL,-0.0000460763,-40.36283880
2026-07-16T03:00:00.033000Z,BTC,BTC,0.0000125,10.95000000
2026-07-16T03:00:00.033000Z,xyz:COIN,COIN,0.0000075025,6.57219000
2026-07-16T03:00:00.033000Z,xyz:GOLD,GOLD,0.00000625,5.47500000
2026-07-16T03:00:00.033000Z,xyz:HOOD,HOOD,0.0000227769,19.95256440
2026-07-16T03:00:00.033000Z,xyz:MU,MU,0.0000205163,17.97227880
2026-07-16T04:00:00.056000Z,xyz:AAPL,AAPL,-0.0000325407,-28.50565320
2026-07-16T04:00:00.056000Z,BTC,BTC,0.0000125,10.95000000
2026-07-16T04:00:00.056000Z,xyz:COIN,COIN,0.0000211972,18.56874720
2026-07-16T04:00:00.056000Z,xyz:GOLD,GOLD,0.00000625,5.47500000
2026-07-16T04:00:00.056000Z,xyz:HOOD,HOOD,0.0000423606,37.10788560
2026-07-16T04:00:00.056000Z,xyz:MU,MU,0.0000200084,17.52735840
2026-07-16T05:00:00.122000Z,xyz:AAPL,AAPL,-0.0000187084,-16.38855840
2026-07-16T05:00:00.122000Z,BTC,BTC,0.0000125,10.95000000
2026-07-16T05:00:00.122000Z,xyz:COIN,COIN,0.0000179219,15.69958440
2026-07-16T05:00:00.122000Z,xyz:GOLD,GOLD,0.00000625,5.47500000
2026-07-16T05:00:00.122000Z,xyz:HOOD,HOOD,0.0000327437,28.68348120
2026-07-16T05:00:00.122000Z,xyz:MU,MU,0.000018133,15.88450800
2026-07-16T06:00:00.066000Z,xyz:AAPL,AAPL,-0.0000253846,-22.23690960
2026-07-16T06:00:00.066000Z,BTC,BTC,0.0000125,10.95000000
2026-07-16T06:00:00.066000Z,xyz:COIN,COIN,0.0000214807,18.81709320
2026-07-16T06:00:00.066000Z,xyz:GOLD,GOLD,0.0000123816,10.84628160
2026-07-16T06:00:00.066000Z,xyz:HOOD,HOOD,0.0000267928,23.47049280
2026-07-16T06:00:00.066000Z,xyz:MU,MU,0.0000153778,13.47095280
2026-07-16T07:00:00.042000Z,xyz:AAPL,AAPL,-0.0000468184,-41.01291840
2026-07-16T07:00:00.042000Z,BTC,BTC,0.0000125,10.95000000
2026-07-16T07:00:00.042000Z,xyz:COIN,COIN,0.00000625,5.47500000
2026-07-16T07:00:00.042000Z,xyz:GOLD,GOLD,0.0000077768,6.81247680
2026-07-16T07:00:00.042000Z,xyz:HOOD,HOOD,0.0000187458,16.42132080
2026-07-16T07:00:00.042000Z,xyz:MU,MU,0.0000159076,13.93505760
2026-07-16T08:00:00.015000Z,xyz:AAPL,AAPL,-0.000031324,-27.43982400
2026-07-16T08:00:00.015000Z,BTC,BTC,0.0000125,10.95000000
2026-07-16T08:00:00.015000Z,xyz:COIN,COIN,0.000007308,6.40180800
2026-07-16T08:00:00.015000Z,xyz:GOLD,GOLD,0.0000119187,10.44078120
2026-07-16T08:00:00.015000Z,xyz:HOOD,HOOD,0.0000093485,8.18928600
2026-07-16T08:00:00.015000Z,xyz:MU,MU,0.0000301006,26.36812560
2026-07-16T09:00:00.017000Z,xyz:AAPL,AAPL,-0.0000435846,-38.18010960
2026-07-16T09:00:00.017000Z,BTC,BTC,0.0000125,10.95000000
2026-07-16T09:00:00.017000Z,xyz:COIN,COIN,0.000018571,16.26819600
2026-07-16T09:00:00.017000Z,xyz:GOLD,GOLD,0.00000625,5.47500000
2026-07-16T09:00:00.017000Z,xyz:HOOD,HOOD,0.0000157486,13.79577360
2026-07-16T09:00:00.017000Z,xyz:MU,MU,0.000036344,31.83734400
2026-07-16T10:00:00.008000Z,xyz:AAPL,AAPL,-0.000027074,-23.71682400
2026-07-16T10:00:00.008000Z,BTC,BTC,0.0000125,10.95000000
2026-07-16T10:00:00.008000Z,xyz:COIN,COIN,0.000007759,6.79688400
2026-07-16T10:00:00.008000Z,xyz:GOLD,GOLD,0.0000065952,5.77739520
2026-07-16T10:00:00.008000Z,xyz:HOOD,HOOD,0.0000127267,11.14858920
2026-07-16T10:00:00.008000Z,xyz:MU,MU,0.0000387275,33.92529000
2026-07-16T11:00:00.020000Z,xyz:AAPL,AAPL,-0.0000216794,-18.99115440
2026-07-16T11:00:00.020000Z,BTC,BTC,0.0000125,10.95000000
2026-07-16T11:00:00.020000Z,xyz:COIN,COIN,0.0000206562,18.09483120
2026-07-16T11:00:00.020000Z,xyz:GOLD,GOLD,0.0000096614,8.46338640
2026-07-16T11:00:00.020000Z,xyz:HOOD,HOOD,0.0000228293,19.99846680
2026-07-16T11:00:00.020000Z,xyz:MU,MU,0.0000343138,30.05888880
2026-07-16T12:00:00.028000Z,xyz:AAPL,AAPL,-0.0000263177,-23.05430520
2026-07-16T12:00:00.028000Z,BTC,BTC,0.0000125,10.95000000
2026-07-16T12:00:00.028000Z,xyz:COIN,COIN,0.0000246896,21.62808960
2026-07-16T12:00:00.028000Z,xyz:GOLD,GOLD,0.0000094196,8.25156960
2026-07-16T12:00:00.028000Z,xyz:HOOD,HOOD,0.000010489,9.18836400
2026-07-16T12:00:00.028000Z,xyz:MU,MU,0.0000561456,49.18354560
2026-07-16T13:00:00.050000Z,xyz:AAPL,AAPL,-0.0000561644,-49.20001440
2026-07-16T13:00:00.050000Z,BTC,BTC,0.0000125,10.95000000
2026-07-16T13:00:00.050000Z,xyz:COIN,COIN,0.0000168153,14.73020280
2026-07-16T13:00:00.050000Z,xyz:GOLD,GOLD,0.0000112771,9.87873960
2026-07-16T13:00:00.050000Z,xyz:HOOD,HOOD,0.0000095613,8.37569880
2026-07-16T13:00:00.050000Z,xyz:MU,MU,0.000061116,53.53761600
2026-07-16T14:00:00.054000Z,xyz:AAPL,AAPL,-0.0000348661,-30.54270360
2026-07-16T14:00:00.054000Z,BTC,BTC,0.0000125,10.95000000
2026-07-16T14:00:00.054000Z,xyz:COIN,COIN,0.0000176174,15.43284240
2026-07-16T14:00:00.054000Z,xyz:GOLD,GOLD,0.0000334542,29.30587920
2026-07-16T14:00:00.054000Z,xyz:HOOD,HOOD,0.0000172354,15.09821040
2026-07-16T14:00:00.054000Z,xyz:MU,MU,0.0000477087,41.79282120
2026-07-16T15:00:00.016000Z,xyz:AAPL,AAPL,-0.0000477153,-41.79860280
2026-07-16T15:00:00.016000Z,BTC,BTC,0.0000125,10.95000000
2026-07-16T15:00:00.016000Z,xyz:COIN,COIN,0.0000173761,15.22146360
2026-07-16T15:00:00.016000Z,xyz:GOLD,GOLD,0.0000423076,37.06145760
2026-07-16T15:00:00.016000Z,xyz:HOOD,HOOD,0.0000185222,16.22544720
2026-07-16T15:00:00.016000Z,xyz:MU,MU,0.0000208744,18.28597440
2026-07-16T16:00:00.041000Z,xyz:AAPL,AAPL,-0.0000328824,-28.80498240
2026-07-16T16:00:00.041000Z,BTC,BTC,0.0000125,10.95000000
2026-07-16T16:00:00.041000Z,xyz:COIN,COIN,0.0000178488,15.63554880
2026-07-16T16:00:00.041000Z,xyz:GOLD,GOLD,0.000038543,33.76366800
2026-07-16T16:00:00.041000Z,xyz:HOOD,HOOD,0.0000182253,15.96536280
2026-07-16T16:00:00.041000Z,xyz:MU,MU,0.0000289176,25.33181760
2026-07-16T17:00:00Z,xyz:AAPL,AAPL,-0.0000182704,-16.00487040
2026-07-16T17:00:00Z,BTC,BTC,0.0000125,10.95000000
2026-07-16T17:00:00Z,xyz:COIN,COIN,0.0000075498,6.61362480
2026-07-16T17:00:00Z,xyz:GOLD,GOLD,0.0000353855,30.99769800
2026-07-16T17:00:00Z,xyz:HOOD,HOOD,0.0000164683,14.42623080
2026-07-16T17:00:00Z,xyz:MU,MU,0.000031702,27.77095200
2026-07-16T18:00:00.011000Z,xyz:AAPL,AAPL,-0.0000129553,-11.34884280
2026-07-16T18:00:00.011000Z,BTC,BTC,0.0000125,10.95000000
2026-07-16T18:00:00.011000Z,xyz:COIN,COIN,0.0000121173,10.61475480
2026-07-16T18:00:00.011000Z,xyz:GOLD,GOLD,0.0000327956,28.72894560
2026-07-16T18:00:00.011000Z,xyz:HOOD,HOOD,0.0000111607,9.77677320
2026-07-16T18:00:00.011000Z,xyz:MU,MU,0.0000397856,34.85218560
2026-07-16T19:00:00.031000Z,xyz:AAPL,AAPL,-0.0000239607,-20.98957320
2026-07-16T19:00:00.031000Z,BTC,BTC,0.0000125,10.95000000
2026-07-16T19:00:00.031000Z,xyz:COIN,COIN,0.0000103471,9.06405960
2026-07-16T19:00:00.031000Z,xyz:GOLD,GOLD,0.0000327476,28.68689760
2026-07-16T19:00:00.031000Z,xyz:HOOD,HOOD,0.0000074565,6.53189400
2026-07-16T19:00:00.031000Z,xyz:MU,MU,0.0000313264,27.44192640
2026-07-16T20:00:00.030000Z,xyz:AAPL,AAPL,-0.0000292663,-25.63727880
2026-07-16T20:00:00.030000Z,BTC,BTC,0.0000125,10.95000000
2026-07-16T20:00:00.030000Z,xyz:COIN,COIN,0.0000118256,10.35922560
2026-07-16T20:00:00.030000Z,xyz:GOLD,GOLD,0.0000358649,31.41765240
2026-07-16T20:00:00.030000Z,xyz:HOOD,HOOD,0.000006822,5.97607200
2026-07-16T20:00:00.030000Z,xyz:MU,MU,0.0000240399,21.05895240
2026-07-16T21:00:00.011000Z,xyz:AAPL,AAPL,-0.0000211854,-18.55841040
2026-07-16T21:00:00.011000Z,BTC,BTC,0.0000125,10.95000000
2026-07-16T21:00:00.011000Z,xyz:COIN,COIN,0.0000132602,11.61593520
2026-07-16T21:00:00.011000Z,xyz:GOLD,GOLD,0.0000455762,39.92475120
2026-07-16T21:00:00.011000Z,xyz:HOOD,HOOD,0.00000625,5.47500000
2026-07-16T21:00:00.011000Z,xyz:MU,MU,0.0000391765,34.31861400
2026-07-16T22:00:00.008000Z,xyz:AAPL,AAPL,-0.0000255859,-22.41324840
2026-07-16T22:00:00.008000Z,BTC,BTC,0.0000125,10.95000000
2026-07-16T22:00:00.008000Z,xyz:COIN,COIN,0.0000252095,22.08352200
2026-07-16T22:00:00.008000Z,xyz:GOLD,GOLD,0.0000444287,38.91954120
2026-07-16T22:00:00.008000Z,xyz:HOOD,HOOD,0.000009669,8.47004400
2026-07-16T22:00:00.008000Z,xyz:MU,MU,0.0000430453,37.70768280
2026-07-16T23:00:00.017000Z,xyz:AAPL,AAPL,-0.0000223316,-19.56248160
2026-07-16T23:00:00.017000Z,BTC,BTC,0.0000125,10.95000000
2026-07-16T23:00:00.017000Z,xyz:COIN,COIN,0.00000625,5.47500000
2026-07-16T23:00:00.017000Z,xyz:GOLD,GOLD,0.0000416608,36.49486080
2026-07-16T23:00:00.017000Z,xyz:HOOD,HOOD,0.00000625,5.47500000
2026-07-16T23:00:00.017000Z,xyz:MU,MU,0.000037344,32.71334400
2026-07-17T00:00:00.018000Z,xyz:AAPL,AAPL,-0.0000284305,-24.90511800
2026-07-17T00:00:00.018000Z,BTC,BTC,0.0000125,10.95000000
2026-07-17T00:00:00.018000Z,xyz:COIN,COIN,0.00000625,5.47500000
2026-07-17T00:00:00.018000Z,xyz:GOLD,GOLD,0.0000366086,32.06913360
2026-07-17T00:00:00.018000Z,xyz:HOOD,HOOD,0.0000201374,17.64036240
2026-07-17T00:00:00.018000Z,xyz:MU,MU,0.0000451869,39.58372440
2026-07-17T01:00:00.021000Z,xyz:AAPL,AAPL,-0.0000525714,-46.05254640
2026-07-17T01:00:00.021000Z,BTC,BTC,0.0000125,10.95000000
2026-07-17T01:00:00.021000Z,xyz:COIN,COIN,0.00000625,5.47500000
2026-07-17T01:00:00.021000Z,xyz:GOLD,GOLD,0.0000354906,31.08976560
2026-07-17T01:00:00.021000Z,xyz:HOOD,HOOD,0.0000148247,12.98643720
2026-07-17T01:00:00.021000Z,xyz:MU,MU,0.0000161008,14.10430080
2026-07-17T02:00:00.001000Z,xyz:AAPL,AAPL,-0.0000715719,-62.69698440
2026-07-17T02:00:00.001000Z,BTC,BTC,0.0000125,10.95000000
2026-07-17T02:00:00.001000Z,xyz:COIN,COIN,0.00000625,5.47500000
2026-07-17T02:00:00.001000Z,xyz:GOLD,GOLD,0.0000265041,23.21759160
2026-07-17T02:00:00.001000Z,xyz:HOOD,HOOD,0.0000174384,15.27603840
2026-07-17T02:00:00.001000Z,xyz:MU,MU,0.00000625,5.47500000
2026-07-17T03:00:00.017000Z,xyz:AAPL,AAPL,-0.0000869273,-76.14831480
2026-07-17T03:00:00.017000Z,BTC,BTC,0.0000125,10.95000000
2026-07-17T03:00:00.017000Z,xyz:COIN,COIN,0.00000625,5.47500000
2026-07-17T03:00:00.017000Z,xyz:GOLD,GOLD,0.0000325548,28.51800480
2026-07-17T03:00:00.017000Z,xyz:HOOD,HOOD,0.0000100587,8.81142120
2026-07-17T03:00:00.017000Z,xyz:MU,MU,0.0000069797,6.11421720
2026-07-17T04:00:00.041000Z,xyz:AAPL,AAPL,-0.0000649895,-56.93080200
2026-07-17T04:00:00.041000Z,BTC,BTC,0.0000125,10.95000000
2026-07-17T04:00:00.041000Z,xyz:COIN,COIN,0.0000074131,6.49387560
2026-07-17T04:00:00.041000Z,xyz:GOLD,GOLD,0.0000249586,21.86373360
2026-07-17T04:00:00.041000Z,xyz:HOOD,HOOD,0.0000176047,15.42171720
2026-07-17T04:00:00.041000Z,xyz:MU,MU,0.0000522215,45.74603400
2026-07-17T05:00:00.052000Z,xyz:AAPL,AAPL,-0.0000530476,-46.46969760
2026-07-17T05:00:00.052000Z,BTC,BTC,0.0000125,10.95000000
2026-07-17T05:00:00.052000Z,xyz:COIN,COIN,0.00000625,5.47500000
2026-07-17T05:00:00.052000Z,xyz:GOLD,GOLD,0.0000286414,25.08986640
2026-07-17T05:00:00.052000Z,xyz:HOOD,HOOD,0.000012389,10.85276400
2026-07-17T05:00:00.052000Z,xyz:MU,MU,0.0000646204,56.60747040
2026-07-17T06:00:00.032000Z,xyz:AAPL,AAPL,-0.0000490022,-42.92592720
2026-07-17T06:00:00.032000Z,BTC,BTC,0.0000125,10.95000000
2026-07-17T06:00:00.032000Z,xyz:COIN,COIN,0.00000625,5.47500000
2026-07-17T06:00:00.032000Z,xyz:GOLD,GOLD,0.0000287706,25.20304560
2026-07-17T06:00:00.032000Z,xyz:HOOD,HOOD,0.0000106833,9.35857080
2026-07-17T06:00:00.032000Z,xyz:MU,MU,0.0000273096,23.92320960
2026-07-17T07:00:00.072000Z,xyz:AAPL,AAPL,-0.0000619087,-54.23202120
2026-07-17T07:00:00.072000Z,BTC,BTC,0.0000125,10.95000000
2026-07-17T07:00:00.072000Z,xyz:COIN,COIN,0.00000625,5.47500000
2026-07-17T07:00:00.072000Z,xyz:GOLD,GOLD,0.0000254573,22.30059480
2026-07-17T07:00:00.072000Z,xyz:HOOD,HOOD,0.0000121701,10.66100760
2026-07-17T07:00:00.072000Z,xyz:MU,MU,0.0000573416,50.23124160
2026-07-17T08:00:00.065000Z,xyz:AAPL,AAPL,-0.0000613784,-53.76747840
2026-07-17T08:00:00.065000Z,BTC,BTC,0.0000125,10.95000000
2026-07-17T08:00:00.065000Z,xyz:COIN,COIN,0.0000065322,5.72220720
2026-07-17T08:00:00.065000Z,xyz:GOLD,GOLD,0.0000187715,16.44383400
2026-07-17T08:00:00.065000Z,xyz:HOOD,HOOD,0.0000142468,12.48019680
2026-07-17T08:00:00.065000Z,xyz:MU,MU,0.0000749204,65.63027040
2026-07-17T09:00:00.031000Z,xyz:AAPL,AAPL,-0.0000575814,-50.44130640
2026-07-17T09:00:00.031000Z,BTC,BTC,0.0000125,10.95000000
2026-07-17T09:00:00.031000Z,xyz:COIN,COIN,0.0000139024,12.17850240
2026-07-17T09:00:00.031000Z,xyz:GOLD,GOLD,0.0000169402,14.83961520
2026-07-17T09:00:00.031000Z,xyz:HOOD,HOOD,0.0000310157,27.16975320
2026-07-17T09:00:00.031000Z,xyz:MU,MU,0.0000483309,42.33786840
2026-07-17T10:00:00.070000Z,xyz:AAPL,AAPL,0.00000625,5.47500000
2026-07-17T10:00:00.070000Z,BTC,BTC,0.0000125,10.95000000
2026-07-17T10:00:00.070000Z,xyz:COIN,COIN,0.00000625,5.47500000
2026-07-17T10:00:00.070000Z,xyz:GOLD,GOLD,0.0000127044,11.12905440
2026-07-17T10:00:00.070000Z,xyz:HOOD,HOOD,0.0000081184,7.11171840
2026-07-17T10:00:00.070000Z,xyz:MU,MU,0.0000638122,55.89948720
2026-07-17T11:00:00.020000Z,xyz:AAPL,AAPL,0.0000320233,28.05241080
2026-07-17T11:00:00.020000Z,BTC,BTC,0.0000125,10.95000000
2026-07-17T11:00:00.020000Z,xyz:COIN,COIN,0.00000625,5.47500000
2026-07-17T11:00:00.020000Z,xyz:GOLD,GOLD,0.0000068587,6.00822120
2026-07-17T11:00:00.020000Z,xyz:HOOD,HOOD,0.00000625,5.47500000
2026-07-17T11:00:00.020000Z,xyz:MU,MU,0.0000397045,34.78114200
2026-07-17T12:00:00.011000Z,xyz:AAPL,AAPL,0.00000625,5.47500000
2026-07-17T12:00:00.011000Z,BTC,BTC,0.0000125,10.95000000
2026-07-17T12:00:00.011000Z,xyz:COIN,COIN,0.00000625,5.47500000
2026-07-17T12:00:00.011000Z,xyz:GOLD,GOLD,0.0000130343,11.41804680
2026-07-17T12:00:00.011000Z,xyz:HOOD,HOOD,0.00000625,5.47500000
2026-07-17T12:00:00.011000Z,xyz:MU,MU,0.0000398353,34.89572280
2026-07-17T13:00:00.060000Z,xyz:AAPL,AAPL,0.0000044209,3.87270840
2026-07-17T13:00:00.060000Z,BTC,BTC,0.0000125,10.95000000
2026-07-17T13:00:00.060000Z,xyz:COIN,COIN,0.00000625,5.47500000
2026-07-17T13:00:00.060000Z,xyz:GOLD,GOLD,0.0000120837,10.58532120
2026-07-17T13:00:00.060000Z,xyz:HOOD,HOOD,0.00000625,5.47500000
2026-07-17T13:00:00.060000Z,xyz:MU,MU,0.0000385911,33.80580360
2026-07-17T14:00:00.111000Z,xyz:AAPL,AAPL,-0.0000033989,-2.97743640
2026-07-17T14:00:00.111000Z,BTC,BTC,0.0000125,10.95000000
2026-07-17T14:00:00.111000Z,xyz:COIN,COIN,0.0000067607,5.92237320
2026-07-17T14:00:00.111000Z,xyz:GOLD,GOLD,0.0000130556,11.43670560
2026-07-17T14:00:00.111000Z,xyz:HOOD,HOOD,0.0000160939,14.09825640
2026-07-17T14:00:00.111000Z,xyz:MU,MU,0.0000429586,37.63173360
2026-07-17T15:00:00.050000Z,xyz:AAPL,AAPL,0.00000625,5.47500000
2026-07-17T15:00:00.050000Z,BTC,BTC,0.0000125,10.95000000
2026-07-17T15:00:00.050000Z,xyz:COIN,COIN,0.00000625,5.47500000
2026-07-17T15:00:00.050000Z,xyz:GOLD,GOLD,0.00000625,5.47500000
2026-07-17T15:00:00.050000Z,xyz:HOOD,HOOD,0.0000260539,22.82321640
2026-07-17T15:00:00.050000Z,xyz:MU,MU,0.0000205672,18.01686720
2026-07-17T16:00:00.048000Z,xyz:AAPL,AAPL,-0.0000031061,-2.72094360
2026-07-17T16:00:00.048000Z,BTC,BTC,0.0000125,10.95000000
2026-07-17T16:00:00.048000Z,xyz:COIN,COIN,0.00000625,5.47500000
2026-07-17T16:00:00.048000Z,xyz:GOLD,GOLD,0.00000625,5.47500000
2026-07-17T16:00:00.048000Z,xyz:HOOD,HOOD,0.000021142,18.52039200
2026-07-17T16:00:00.048000Z,xyz:MU,MU,0.0000260739,22.84073640
2026-07-17T17:00:00.062000Z,xyz:AAPL,AAPL,-0.0000064614,-5.66018640
2026-07-17T17:00:00.062000Z,BTC,BTC,0.0000125,10.95000000
2026-07-17T17:00:00.062000Z,xyz:COIN,COIN,0.0000134076,11.74505760
2026-07-17T17:00:00.062000Z,xyz:GOLD,GOLD,0.00000625,5.47500000
2026-07-17T17:00:00.062000Z,xyz:HOOD,HOOD,0.0000156569,13.71544440
2026-07-17T17:00:00.062000Z,xyz:MU,MU,0.00000625,5.47500000
2026-07-17T18:00:00.022000Z,xyz:AAPL,AAPL,0.00000625,5.47500000
2026-07-17T18:00:00.022000Z,BTC,BTC,0.0000125,10.95000000
2026-07-17T18:00:00.022000Z,xyz:COIN,COIN,0.0000234483,20.54071080
2026-07-17T18:00:00.022000Z,xyz:GOLD,GOLD,0.00000625,5.47500000
2026-07-17T18:00:00.022000Z,xyz:HOOD,HOOD,0.0000089521,7.84203960
2026-07-17T18:00:00.022000Z,xyz:MU,MU,0.00000625,5.47500000
2026-07-17T19:00:00.025000Z,xyz:AAPL,AAPL,-0.0000210088,-18.40370880
2026-07-17T19:00:00.025000Z,BTC,BTC,0.0000125,10.95000000
2026-07-17T19:00:00.025000Z,xyz:COIN,COIN,0.000039745,34.81662000
2026-07-17T19:00:00.025000Z,xyz:GOLD,GOLD,0.00000625,5.47500000
2026-07-17T19:00:00.025000Z,xyz:HOOD,HOOD,0.00000625,5.47500000
2026-07-17T19:00:00.025000Z,xyz:MU,MU,0.00000625,5.47500000
2026-07-17T20:00:00.039000Z,xyz:AAPL,AAPL,-0.0000217044,-19.01305440
2026-07-17T20:00:00.039000Z,BTC,BTC,0.0000125,10.95000000
2026-07-17T20:00:00.039000Z,xyz:COIN,COIN,0.0000315829,27.66662040
2026-07-17T20:00:00.039000Z,xyz:GOLD,GOLD,0.00000625,5.47500000
2026-07-17T20:00:00.039000Z,xyz:HOOD,HOOD,0.0000093713,8.20925880
2026-07-17T20:00:00.039000Z,xyz:MU,MU,0.00000625,5.47500000
2026-07-17T21:00:00.065000Z,xyz:AAPL,AAPL,-0.0000393384,-34.46043840
2026-07-17T21:00:00.065000Z,BTC,BTC,0.0000125,10.95000000
2026-07-17T21:00:00.065000Z,xyz:COIN,COIN,0.00000625,5.47500000
2026-07-17T21:00:00.065000Z,xyz:GOLD,GOLD,0.00000625,5.47500000
2026-07-17T21:00:00.065000Z,xyz:HOOD,HOOD,0.0000423244,37.07617440
2026-07-17T21:00:00.065000Z,xyz:MU,MU,0.000012908,11.30740800
2026-07-17T22:00:00.069000Z,xyz:AAPL,AAPL,-0.0000147789,-12.94631640
2026-07-17T22:00:00.069000Z,BTC,BTC,0.0000125,10.95000000
2026-07-17T22:00:00.069000Z,xyz:COIN,COIN,0.00000625,5.47500000
2026-07-17T22:00:00.069000Z,xyz:GOLD,GOLD,0.00000625,5.47500000
2026-07-17T22:00:00.069000Z,xyz:HOOD,HOOD,0.0000347254,30.41945040
2026-07-17T22:00:00.069000Z,xyz:MU,MU,0.0000129394,11.33491440
2026-07-17T23:00:00.041000Z,xyz:AAPL,AAPL,-0.0000204559,-17.91936840
2026-07-17T23:00:00.041000Z,BTC,BTC,0.0000125,10.95000000
2026-07-17T23:00:00.041000Z,xyz:COIN,COIN,0.0000140037,12.26724120
2026-07-17T23:00:00.041000Z,xyz:GOLD,GOLD,0.0000040996,3.59124960
2026-07-17T23:00:00.041000Z,xyz:HOOD,HOOD,0.0000246601,21.60224760
2026-07-17T23:00:00.041000Z,xyz:MU,MU,0.0000137071,12.00741960
2026-07-18T00:00:00.082000Z,xyz:AAPL,AAPL,-0.0000082531,-7.22971560
2026-07-18T00:00:00.082000Z,BTC,BTC,0.0000125,10.95000000
2026-07-18T00:00:00.082000Z,xyz:COIN,COIN,0.00000625,5.47500000
2026-07-18T00:00:00.082000Z,xyz:GOLD,GOLD,0.00000625,5.47500000
2026-07-18T00:00:00.082000Z,xyz:HOOD,HOOD,0.0000406053,35.57024280
2026-07-18T00:00:00.082000Z,xyz:MU,MU,0.0000063205,5.53675800
2026-07-18T01:00:00.081000Z,xyz:AAPL,AAPL,0.00000625,5.47500000
2026-07-18T01:00:00.081000Z,BTC,BTC,0.0000125,10.95000000
2026-07-18T01:00:00.081000Z,xyz:COIN,COIN,-0.0000018987,-1.66326120
2026-07-18T01:00:00.081000Z,xyz:GOLD,GOLD,0.00000625,5.47500000
2026-07-18T01:00:00.081000Z,xyz:HOOD,HOOD,0.0000287646,25.19778960
2026-07-18T01:00:00.081000Z,xyz:MU,MU,0.0000147393,12.91162680
2026-07-18T02:00:00.013000Z,xyz:AAPL,AAPL,-0.0000094579,-8.28512040
2026-07-18T02:00:00.013000Z,BTC,BTC,0.0000125,10.95000000
2026-07-18T02:00:00.013000Z,xyz:COIN,COIN,0.00000625,5.47500000
2026-07-18T02:00:00.013000Z,xyz:GOLD,GOLD,0.00000625,5.47500000
2026-07-18T02:00:00.013000Z,xyz:HOOD,HOOD,0.00000625,5.47500000
2026-07-18T02:00:00.013000Z,xyz:MU,MU,0.0000475411,41.64600360
2026-07-18T03:00:00.008000Z,xyz:AAPL,AAPL,-0.0000110251,-9.65798760
2026-07-18T03:00:00.008000Z,BTC,BTC,0.0000125,10.95000000
2026-07-18T03:00:00.008000Z,xyz:COIN,COIN,0.00000625,5.47500000
2026-07-18T03:00:00.008000Z,xyz:GOLD,GOLD,0.00000625,5.47500000
2026-07-18T03:00:00.008000Z,xyz:HOOD,HOOD,0.00000625,5.47500000
2026-07-18T03:00:00.008000Z,xyz:MU,MU,0.00000625,5.47500000
2026-07-18T04:00:00.021000Z,xyz:AAPL,AAPL,0.00000625,5.47500000
2026-07-18T04:00:00.021000Z,BTC,BTC,0.0000125,10.95000000
2026-07-18T04:00:00.021000Z,xyz:COIN,COIN,0.00000625,5.47500000
2026-07-18T04:00:00.021000Z,xyz:GOLD,GOLD,0.00000625,5.47500000
2026-07-18T04:00:00.021000Z,xyz:HOOD,HOOD,0.00000625,5.47500000
2026-07-18T04:00:00.021000Z,xyz:MU,MU,0.00000625,5.47500000
2026-07-18T05:00:00.016000Z,xyz:AAPL,AAPL,0.00000625,5.47500000
2026-07-18T05:00:00.016000Z,BTC,BTC,0.0000125,10.95000000
2026-07-18T05:00:00.016000Z,xyz:COIN,COIN,0.00000625,5.47500000
2026-07-18T05:00:00.016000Z,xyz:GOLD,GOLD,0.00000625,5.47500000
2026-07-18T05:00:00.016000Z,xyz:HOOD,HOOD,-0.0000300678,-26.33939280
2026-07-18T05:00:00.016000Z,xyz:MU,MU,0.0000043027,3.76916520
2026-07-18T06:00:00.028000Z,xyz:AAPL,AAPL,0.00000625,5.47500000
2026-07-18T06:00:00.028000Z,BTC,BTC,0.0000125,10.95000000
2026-07-18T06:00:00.028000Z,xyz:COIN,COIN,0.00000625,5.47500000
2026-07-18T06:00:00.028000Z,xyz:GOLD,GOLD,0.00000625,5.47500000
2026-07-18T06:00:00.028000Z,xyz:HOOD,HOOD,-0.0000153903,-13.48190280
2026-07-18T06:00:00.028000Z,xyz:MU,MU,0.00000625,5.47500000
2026-07-18T07:00:00.025000Z,xyz:AAPL,AAPL,0.00000625,5.47500000
2026-07-18T07:00:00.025000Z,BTC,BTC,0.0000125,10.95000000
2026-07-18T07:00:00.025000Z,xyz:COIN,COIN,0.00000625,5.47500000
2026-07-18T07:00:00.025000Z,xyz:GOLD,GOLD,0.00000625,5.47500000
2026-07-18T07:00:00.025000Z,xyz:HOOD,HOOD,-0.0000152355,-13.34629800
2026-07-18T07:00:00.025000Z,xyz:MU,MU,-0.0000248313,-21.75221880
2026-07-18T08:00:00.019000Z,xyz:AAPL,AAPL,0.00000625,5.47500000
2026-07-18T08:00:00.019000Z,BTC,BTC,0.0000125,10.95000000
2026-07-18T08:00:00.019000Z,xyz:COIN,COIN,0.00000625,5.47500000
2026-07-18T08:00:00.019000Z,xyz:GOLD,GOLD,0.00000625,5.47500000
2026-07-18T08:00:00.019000Z,xyz:HOOD,HOOD,0.00000625,5.47500000
2026-07-18T08:00:00.019000Z,xyz:MU,MU,0.00000625,5.47500000
2026-07-18T09:00:00.040000Z,xyz:AAPL,AAPL,0.00000625,5.47500000
2026-07-18T09:00:00.040000Z,BTC,BTC,0.0000125,10.95000000
2026-07-18T09:00:00.040000Z,xyz:COIN,COIN,0.00000625,5.47500000
2026-07-18T09:00:00.040000Z,xyz:GOLD,GOLD,0.00000625,5.47500000
2026-07-18T09:00:00.040000Z,xyz:HOOD,HOOD,0.00000625,5.47500000
2026-07-18T09:00:00.040000Z,xyz:MU,MU,0.0000053634,4.69833840
2026-07-18T10:00:00.020000Z,xyz:AAPL,AAPL,0.00000625,5.47500000
2026-07-18T10:00:00.020000Z,BTC,BTC,0.0000125,10.95000000
2026-07-18T10:00:00.020000Z,xyz:COIN,COIN,0.0000008612,0.75441120
2026-07-18T10:00:00.020000Z,xyz:GOLD,GOLD,0.00000625,5.47500000
2026-07-18T10:00:00.020000Z,xyz:HOOD,HOOD,0.0000002305,0.20191800
2026-07-18T10:00:00.020000Z,xyz:MU,MU,-0.000041973,-36.76834800
2026-07-18T11:00:00.039000Z,xyz:AAPL,AAPL,0.00000625,5.47500000
2026-07-18T11:00:00.039000Z,BTC,BTC,0.0000125,10.95000000
2026-07-18T11:00:00.039000Z,xyz:COIN,COIN,0.00000625,5.47500000
2026-07-18T11:00:00.039000Z,xyz:GOLD,GOLD,0.00000625,5.47500000
2026-07-18T11:00:00.039000Z,xyz:HOOD,HOOD,0.00000625,5.47500000
2026-07-18T11:00:00.039000Z,xyz:MU,MU,0.00000625,5.47500000
2026-07-18T12:00:00.044000Z,xyz:AAPL,AAPL,-0.0000221033,-19.36249080
2026-07-18T12:00:00.044000Z,BTC,BTC,0.0000125,10.95000000
2026-07-18T12:00:00.044000Z,xyz:COIN,COIN,0.0000074334,6.51165840
2026-07-18T12:00:00.044000Z,xyz:GOLD,GOLD,0.00000625,5.47500000
2026-07-18T12:00:00.044000Z,xyz:HOOD,HOOD,0.00000625,5.47500000
2026-07-18T12:00:00.044000Z,xyz:MU,MU,-0.0000070179,-6.14768040
2026-07-18T13:00:00.006000Z,xyz:AAPL,AAPL,0.00000625,5.47500000
2026-07-18T13:00:00.006000Z,BTC,BTC,0.0000125,10.95000000
2026-07-18T13:00:00.006000Z,xyz:COIN,COIN,0.00000625,5.47500000
2026-07-18T13:00:00.006000Z,xyz:GOLD,GOLD,0.00000625,5.47500000
2026-07-18T13:00:00.006000Z,xyz:HOOD,HOOD,0.00000625,5.47500000
2026-07-18T13:00:00.006000Z,xyz:MU,MU,-0.0000246578,-21.60023280
2026-07-18T14:00:00.061000Z,xyz:AAPL,AAPL,0.00000625,5.47500000
2026-07-18T14:00:00.061000Z,BTC,BTC,0.0000125,10.95000000
2026-07-18T14:00:00.061000Z,xyz:COIN,COIN,-0.0000275073,-24.09639480
2026-07-18T14:00:00.061000Z,xyz:GOLD,GOLD,0.00000625,5.47500000
2026-07-18T14:00:00.061000Z,xyz:HOOD,HOOD,0.00000625,5.47500000
2026-07-18T14:00:00.061000Z,xyz:MU,MU,0.0000094041,8.23799160
2026-07-18T15:00:00.024000Z,xyz:AAPL,AAPL,0.0000575509,50.41458840
2026-07-18T15:00:00.024000Z,BTC,BTC,0.0000125,10.95000000
2026-07-18T15:00:00.024000Z,xyz:COIN,COIN,0.00000625,5.47500000
2026-07-18T15:00:00.024000Z,xyz:GOLD,GOLD,0.00000625,5.47500000
2026-07-18T15:00:00.024000Z,xyz:HOOD,HOOD,-0.0000046506,-4.07392560
2026-07-18T15:00:00.024000Z,xyz:MU,MU,-0.000016006,-14.02125600
2026-07-18T16:00:00.043000Z,xyz:AAPL,AAPL,-0.0000715239,-62.65493640
2026-07-18T16:00:00.043000Z,BTC,BTC,0.0000125,10.95000000
2026-07-18T16:00:00.043000Z,xyz:COIN,COIN,-0.0000077044,-6.74905440
2026-07-18T16:00:00.043000Z,xyz:GOLD,GOLD,0.00000625,5.47500000
2026-07-18T16:00:00.043000Z,xyz:HOOD,HOOD,0.00000625,5.47500000
2026-07-18T16:00:00.043000Z,xyz:MU,MU,-0.0000089537,-7.84344120
2026-07-18T17:00:00.035000Z,xyz:AAPL,AAPL,0.00000625,5.47500000
2026-07-18T17:00:00.035000Z,BTC,BTC,0.0000125,10.95000000
2026-07-18T17:00:00.035000Z,xyz:COIN,COIN,0.00000625,5.47500000
2026-07-18T17:00:00.035000Z,xyz:GOLD,GOLD,0.00000625,5.47500000
2026-07-18T17:00:00.035000Z,xyz:HOOD,HOOD,0.00000625,5.47500000
2026-07-18T17:00:00.035000Z,xyz:MU,MU,-0.0000479536,-42.00735360
2026-07-18T18:00:00.031000Z,xyz:AAPL,AAPL,0.0000241743,21.17668680
2026-07-18T18:00:00.031000Z,BTC,BTC,0.0000125,10.95000000
2026-07-18T18:00:00.031000Z,xyz:COIN,COIN,0.0000239591,20.98817160
2026-07-18T18:00:00.031000Z,xyz:GOLD,GOLD,0.00000625,5.47500000
2026-07-18T18:00:00.031000Z,xyz:HOOD,HOOD,0.00000625,5.47500000
2026-07-18T18:00:00.031000Z,xyz:MU,MU,0.00000625,5.47500000
2026-07-18T19:00:00.033000Z,xyz:AAPL,AAPL,-0.0000197746,-17.32254960
2026-07-18T19:00:00.033000Z,BTC,BTC,0.0000125,10.95000000
2026-07-18T19:00:00.033000Z,xyz:COIN,COIN,0.00000625,5.47500000
2026-07-18T19:00:00.033000Z,xyz:GOLD,GOLD,-0.0000133461,-11.69118360
2026-07-18T19:00:00.033000Z,xyz:HOOD,HOOD,0.0000069564,6.09380640
2026-07-18T19:00:00.033000Z,xyz:MU,MU,-0.0000024183,-2.11843080
